"ID","Name","SKU","Permalink","Type","Price","RegularPrice","SalePrice","OnSale","Currency","StockStatus","StockQuantity","Categories","Attributes","ShortDescription","Description","Images","MainImage","AverageRating","ReviewCount"
"30791","Imogen Dress","26AW_006_RC","https://saakshakinni.com/product/imogen-dress-2/","variable","34500","34500","34500","False","INR",,,"CELEB","SIZE: L, M, S, XL, XS, XXL, XXXL | Notes: - | Delivery: Made to order. Delivery takes 4 weeks | Care: Dry Clean Only","Leheriya Inspired Printed, Hand Micro Pleat Asymmetric Midi Dress With Ruched Sleeve Detailing And Hand Made Fabric Tassle Fringe Material – Florence Chiffon / Chiffon Composition – 100% Polyester / 100% Cupro Color – Blue Slight imperfections or variations in the colour, print and texture of the textile are inherent to the characteristics of the fabric and add to the unique design of every piece Model’s height : 5’9 Model is wearing : Size S NOTE : Please mention your height with heels while placing your order.","","https://saakshakinni.com/wp-content/uploads/2026/08/sara-arjun-2.jpg | https://saakshakinni.com/wp-content/uploads/2026/08/sara-arjun-3.jpg | https://saakshakinni.com/wp-content/uploads/2026/08/sara-arjun-1.jpg | https://saakshakinni.com/wp-content/uploads/2026/07/F10-03.jpg | https://saakshakinni.com/wp-content/uploads/2026/07/F10-04.jpg | https://saakshakinni.com/wp-content/uploads/2026/07/F10-05.jpg | https://saakshakinni.com/wp-content/uploads/2026/07/F10-02.jpg | https://saakshakinni.com/wp-content/uploads/2026/07/F10-06.jpg | https://saakshakinni.com/wp-content/uploads/2026/07/F10-07.jpg | https://saakshakinni.com/wp-content/uploads/2026/07/B10-01.jpg","https://saakshakinni.com/wp-content/uploads/2026/08/sara-arjun-2.jpg","0","0"
"29955","Della Dress","26AW_030_R","https://saakshakinni.com/product/della-dress/","variable","23500","23500","23500","False","INR",,,"DRESSES | REVERIE","SIZE: L, M, S, XL, XS, XXL, XXXL | Notes: - | Delivery: Made to order. Delivery takes 4 weeks | Care: Dry Clean Only","Eight Tiered Leheriya And Floral Multi Print Sleeveless Maxi Dress With Fitted Bodice Material – Stretch Jersey (Lycra) / Chiffon Composition – 82% Polyester, 18% Lycra / 100% Cupro Color – Multi Slight imperfections or variations in the colour, print and texture of the textile are inherent to the characteristics of the fabric and add to the unique design of every piece Model’s height : 5’9 Model is wearing : Size S NOTE : Please mention your height with heels while placing your order.","","https://saakshakinni.com/wp-content/uploads/2026/07/F3-01.jpg | https://saakshakinni.com/wp-content/uploads/2026/07/F3-02.jpg | https://saakshakinni.com/wp-content/uploads/2026/07/F3-03.jpg | https://saakshakinni.com/wp-content/uploads/2026/07/F3-04.jpg | https://saakshakinni.com/wp-content/uploads/2026/07/F3-05.jpg | https://saakshakinni.com/wp-content/uploads/2026/07/F3-06.jpg | https://saakshakinni.com/wp-content/uploads/2026/07/F3-07.jpg | https://saakshakinni.com/wp-content/uploads/2026/07/F3-08.jpg | https://saakshakinni.com/wp-content/uploads/2026/07/F3-09.jpg | https://saakshakinni.com/wp-content/uploads/2026/07/B3-01.jpg","https://saakshakinni.com/wp-content/uploads/2026/07/F3-01.jpg","0","0"
"29953","Dallas Dress","26AW_047_R","https://saakshakinni.com/product/dallas-dress/","variable","29500","29500","29500","False","INR",,,"DRESSES | REVERIE","SIZE: L, M, S, XL, XS, XXL, XXXL | Notes: - | Delivery: Made to order. Delivery takes 4 weeks | Care: Dry Clean Only","Eight Tiered Leheriya And Floral Multi Print Sleeveless Maxi Dress With Fitted Bodice Material – Stretch Jersey (Lycra) / Chiffon Composition – 82% Polyester, 18% Lycra / 100% Cupro Color – Multi Slight imperfections or variations in the colour, print and texture of the textile are inherent to the characteristics of the fabric and add to the unique design of every piece Model’s height : 5’9 Model is wearing : Size S NOTE : Please mention your height with heels while placing your order.","","https://saakshakinni.com/wp-content/uploads/2026/07/F2-01.jpg | https://saakshakinni.com/wp-content/uploads/2026/07/F2-02.jpg | https://saakshakinni.com/wp-content/uploads/2026/07/F2-03.jpg | https://saakshakinni.com/wp-content/uploads/2026/07/F2-04.jpg | https://saakshakinni.com/wp-content/uploads/2026/07/F2-05.jpg | https://saakshakinni.com/wp-content/uploads/2026/07/F2-06.jpg | https://saakshakinni.com/wp-content/uploads/2026/07/B2-01.jpg","https://saakshakinni.com/wp-content/uploads/2026/07/F2-01.jpg","0","0"
"29948","Briar Trench, Jamie Blouse &#038; Lainey Skirt","26AW_024_R / 26AW_019_R / 26AW_016_R","https://saakshakinni.com/product/briar-trench-jamie-blouse-lainey-skirt/","variable","7000","7000","7000","False","INR",,,"BLOUSE | REVERIE | SKIRTS | TRENCH","SET: Trench, Blouse, Skirt, Full Set | SIZE: L, M, S, XL, XS, XXL, XXXL | Notes: - | Delivery: Made to order. Delivery takes 4 weeks | Care: Dry Clean Only","TRENCH : Intricate Hand Embroidered Floral Applique Trench Coat With Detachable Belt Material – Cotton Cambric Composition – 100% Cotton Color – Lime Green BLOUSE : Leheriya Inspired Print Incut, Sleeveless Crop Blouse Material – Stretch Jersey Composition – 82% Polyester, 18% Lycra Color – Lime Green SKIRT : High Waist Leheriya Inspired Print Maxi Skirt With Hand Applique Cutout Detail And Soft Flare Material – Stretch Cotton Composition – 95% Cotton, 5% Lycra Color – Lime Green Slight imperfections or variations in the colour, print and texture of the textile are inherent to the characteristics of the fabric and add to the unique design of every piece Model’s height : 5’9 Model is wearing : Size S NOTE : Please mention your height with heels while placing your order.","","https://saakshakinni.com/wp-content/uploads/2026/07/F1-01.jpg | https://saakshakinni.com/wp-content/uploads/2026/07/F1-02.jpg | https://saakshakinni.com/wp-content/uploads/2026/07/F1-03.jpg | https://saakshakinni.com/wp-content/uploads/2026/07/F1-04.jpg | https://saakshakinni.com/wp-content/uploads/2026/07/F1-05.jpg | https://saakshakinni.com/wp-content/uploads/2026/07/F1-06.jpg | https://saakshakinni.com/wp-content/uploads/2026/07/F1-07.jpg | https://saakshakinni.com/wp-content/uploads/2026/07/F1-08.jpg | https://saakshakinni.com/wp-content/uploads/2026/07/B1-01.jpg | https://saakshakinni.com/wp-content/uploads/2026/07/B1-02.jpg","https://saakshakinni.com/wp-content/uploads/2026/07/F1-01.jpg","0","0"
"29981","Kiara Dess","26AW_023_R","https://saakshakinni.com/product/kiara-dess/","variable","29500","29500","29500","False","INR",,,"DRESSES | REVERIE","SIZE: L, M, S, XL, XS, XXL, XXXL | Notes: - | Delivery: Made to order. Delivery takes 4 weeks | Care: Dry Clean Only","Floral Print Hand Micro Pleat Maxi Dress With Adjustable Straps And Sweetheart Neckline Material – Chiffon Composition – 100% Cupro Color – Green Slight imperfections or variations in the colour, print and texture of the textile are inherent to the characteristics of the fabric and add to the unique design of every piece Model’s height : 5’9 Model is wearing : Size S NOTE : Please mention your height with heels while placing your order.","","https://saakshakinni.com/wp-content/uploads/2026/07/F12-01.jpg | https://saakshakinni.com/wp-content/uploads/2026/07/F12-02.jpg | https://saakshakinni.com/wp-content/uploads/2026/07/F12-03.jpg | https://saakshakinni.com/wp-content/uploads/2026/07/F12-04.jpg | https://saakshakinni.com/wp-content/uploads/2026/07/F12-05.jpg | https://saakshakinni.com/wp-content/uploads/2026/07/B12-01.jpg","https://saakshakinni.com/wp-content/uploads/2026/07/F12-01.jpg","0","0"
"29979","Esther Dress","26AW_065_R","https://saakshakinni.com/product/esther-dress/","variable","28500","28500","28500","False","INR",,,"DRESSES | REVERIE","SIZE: L, M, S, XL, XS, XXL, XXXL | Notes: - | Delivery: Made to order. Delivery takes 4 weeks | Care: Dry Clean Only","Intricate Hand Embroidered Abstract Floral Motif, Cutwork Applique High Neck Short Dress Material – Cotton Cambric Composition – 100% Cotton Color – Multi Slight imperfections or variations in the colour, print and texture of the textile are inherent to the characteristics of the fabric and add to the unique design of every piece Model’s height : 5’9 Model is wearing : Size S NOTE : Please mention your height with heels while placing your order.","","https://saakshakinni.com/wp-content/uploads/2026/07/F11-01.jpg | https://saakshakinni.com/wp-content/uploads/2026/07/F11-02.jpg | https://saakshakinni.com/wp-content/uploads/2026/07/F11-03.jpg | https://saakshakinni.com/wp-content/uploads/2026/07/F11-04.jpg | https://saakshakinni.com/wp-content/uploads/2026/07/F11-05.jpg | https://saakshakinni.com/wp-content/uploads/2026/07/B11-01.jpg","https://saakshakinni.com/wp-content/uploads/2026/07/F11-01.jpg","0","0"
"29973","Imogen Dress","26AW_006_R","https://saakshakinni.com/product/imogen-dress/","variable","34500","34500","34500","False","INR",,,"DRESSES | REVERIE","SIZE: L, M, S, XL, XS, XXL, XXXL | Notes: - | Delivery: Made to order. Delivery takes 4 weeks | Care: Dry Clean Only","Leheriya Inspired Printed, Hand Micro Pleat Asymmetric Midi Dress With Ruched Sleeve Detailing And Hand Made Fabric Tassle Fringe Material – Florence Chiffon / Chiffon Composition – 100% Polyester / 100% Cupro Color – Blue Slight imperfections or variations in the colour, print and texture of the textile are inherent to the characteristics of the fabric and add to the unique design of every piece Model’s height : 5’9 Model is wearing : Size S NOTE : Please mention your height with heels while placing your order.","","https://saakshakinni.com/wp-content/uploads/2026/07/F10-01.jpg | https://saakshakinni.com/wp-content/uploads/2026/07/F10-02.jpg | https://saakshakinni.com/wp-content/uploads/2026/07/F10-03.jpg | https://saakshakinni.com/wp-content/uploads/2026/07/F10-04.jpg | https://saakshakinni.com/wp-content/uploads/2026/07/F10-05.jpg | https://saakshakinni.com/wp-content/uploads/2026/07/F10-06.jpg | https://saakshakinni.com/wp-content/uploads/2026/07/F10-07.jpg | https://saakshakinni.com/wp-content/uploads/2026/07/B10-01.jpg","https://saakshakinni.com/wp-content/uploads/2026/07/F10-01.jpg","0","0"
"29971","Natalia Dress","26AW_043_R","https://saakshakinni.com/product/natalia-dress/","variable","26000","26000","26000","False","INR",,,"DRESSES | REVERIE","SIZE: L, M, S, XL, XS, XXL, XXXL | Notes: - | Delivery: Made to order. Delivery takes 4 weeks | Care: Dry Clean Only","Abstract Floral Print Halter Neck Flowy Maxi Dress With Attatched Neck Tie Material – Chiffon / Habutai Composition – 100% Cupro / 100% Viscose Color – Yellow Slight imperfections or variations in the colour, print and texture of the textile are inherent to the characteristics of the fabric and add to the unique design of every piece Model’s height : 5’9 Model is wearing : Size S NOTE : Please mention your height with heels while placing your order.","","https://saakshakinni.com/wp-content/uploads/2026/07/F9-01.jpg | https://saakshakinni.com/wp-content/uploads/2026/07/F9-02.jpg | https://saakshakinni.com/wp-content/uploads/2026/07/F9-03.jpg | https://saakshakinni.com/wp-content/uploads/2026/07/F9-04.jpg | https://saakshakinni.com/wp-content/uploads/2026/07/F9-05.jpg | https://saakshakinni.com/wp-content/uploads/2026/07/B9-01.jpg","https://saakshakinni.com/wp-content/uploads/2026/07/F9-01.jpg","0","0"
"29969","Consuela Trench","26AW_052_R","https://saakshakinni.com/product/consuela-trench/","variable","50000","50000","50000","False","INR",,,"REVERIE | TRENCH","SIZE: L, M, S, XL, XS, XXL, XXXL | Notes: - | Delivery: Made to order. Delivery takes 4 weeks | Care: Dry Clean Only","Multi Print Oversize Collar, Quilted Trench Coat With Detachable Belt Material – Habutai / Crepe / Satin Composition – 100% Viscose / 100% Viscose / 43% Cupro, 57% Viscose Color – Multi Slight imperfections or variations in the colour, print and texture of the textile are inherent to the characteristics of the fabric and add to the unique design of every piece Model’s height : 5’9 Model is wearing : Size S NOTE : Please mention your height with heels while placing your order.","","https://saakshakinni.com/wp-content/uploads/2026/07/F8-01.jpg | https://saakshakinni.com/wp-content/uploads/2026/07/F8-02.jpg | https://saakshakinni.com/wp-content/uploads/2026/07/F8-03.jpg | https://saakshakinni.com/wp-content/uploads/2026/07/F8-04.jpg | https://saakshakinni.com/wp-content/uploads/2026/07/F8-05-1-scaled.jpg | https://saakshakinni.com/wp-content/uploads/2026/07/F8-06.jpg | https://saakshakinni.com/wp-content/uploads/2026/07/F8-07.jpg | https://saakshakinni.com/wp-content/uploads/2026/07/F8-08.jpg | https://saakshakinni.com/wp-content/uploads/2026/07/B8-01.jpg","https://saakshakinni.com/wp-content/uploads/2026/07/F8-01.jpg","0","0"
"29967","Tai Dress","26AW_003_R","https://saakshakinni.com/product/tai-dress/","variable","31000","31000","31000","False","INR",,,"DRESSES | REVERIE","SIZE: L, M, S, XL, XS, XXL, XXXL | Notes: - | Delivery: Made to order. Delivery takes 4 weeks | Care: Dry Clean Only","Leheriya Inspired Print Strapless Maxi Dress With Hand Made Fabric Tassles And Attatched Inner Material – Chiffon / Stretch Cotton Composition – 100% Cupro / 95% Cotton, 5% Lycra Color – Red Slight imperfections or variations in the colour, print and texture of the textile are inherent to the characteristics of the fabric and add to the unique design of every piece Model’s height : 5’9 Model is wearing : Size S NOTE : Please mention your height with heels while placing your order.","","https://saakshakinni.com/wp-content/uploads/2026/07/F7-01.jpg | https://saakshakinni.com/wp-content/uploads/2026/07/F7-02.jpg | https://saakshakinni.com/wp-content/uploads/2026/07/F7-03.jpg | https://saakshakinni.com/wp-content/uploads/2026/07/F7-04.jpg | https://saakshakinni.com/wp-content/uploads/2026/07/F7-05.jpg | https://saakshakinni.com/wp-content/uploads/2026/07/F7-06.jpg | https://saakshakinni.com/wp-content/uploads/2026/07/B7-01.jpg","https://saakshakinni.com/wp-content/uploads/2026/07/F7-01.jpg","0","0"
"29965","Daleyza Dress","26AW_045_R","https://saakshakinni.com/product/daleyza-dress/","variable","39000","39000","39000","False","INR",,,"DRESSES | REVERIE","SIZE: L, M, S, XL, XS, XXL, XXXL | Notes: - | Delivery: Made to order. Delivery takes 4 weeks | Care: Dry Clean Only","Floral Print Hand Micro Pleat Maxi Dress With Sweetheart Neckline And Side Keyhole Detailing And Overlap Bodice Detailing Material – Florence Chiffon Composition – 100% Polyester Color – Yellow Slight imperfections or variations in the colour, print and texture of the textile are inherent to the characteristics of the fabric and add to the unique design of every piece Model’s height : 5’9 Model is wearing : Size S NOTE : Please mention your height with heels while placing your order.","","https://saakshakinni.com/wp-content/uploads/2026/07/F6_01.jpg | https://saakshakinni.com/wp-content/uploads/2026/07/F6_02.jpg | https://saakshakinni.com/wp-content/uploads/2026/07/F6_03.jpg | https://saakshakinni.com/wp-content/uploads/2026/07/F6_04.jpg | https://saakshakinni.com/wp-content/uploads/2026/07/F6_05.jpg | https://saakshakinni.com/wp-content/uploads/2026/07/F6_06.jpg","https://saakshakinni.com/wp-content/uploads/2026/07/F6_01.jpg","0","0"
"29961","Scottie Shirt &#038; Makenna Skirt","26AW_063_R / 26AW_064_R","https://saakshakinni.com/product/scottie-shirt-makenna-skirt/","variable","18000","18000","18000","False","INR",,,"BUSTIER | REVERIE | TROUSERS","SET: Shirt, Skirt, Full Set | SIZE: L, M, S, XL, XS, XXL, XXXL | Notes: - | Delivery: Made to order. Delivery takes 4 weeks | Care: Dry Clean Only","SHIRT : Batwing Sleeve Collared Shirt With Intricate Hand Applique Cutout Detailing Material – Stretch Cotton Composition – 95% Cotton, 5% Lycra Color – White/Multi SKIRT : Intricate Hand Embroidered Abstract Floral Motif, Cutwork Applique Mini Skirt Material – Cotton Cambric Composition – 100% Cotton Color – Multi Slight imperfections or variations in the colour, print and texture of the textile are inherent to the characteristics of the fabric and add to the unique design of every piece Model’s height : 5’9 Model is wearing : Size S NOTE : Please mention your height with heels while placing your order.","","https://saakshakinni.com/wp-content/uploads/2026/07/F5-01.jpg | https://saakshakinni.com/wp-content/uploads/2026/07/F5-02.jpg | https://saakshakinni.com/wp-content/uploads/2026/07/F5-03.jpg | https://saakshakinni.com/wp-content/uploads/2026/07/F5-04.jpg | https://saakshakinni.com/wp-content/uploads/2026/07/F5-05.jpg | https://saakshakinni.com/wp-content/uploads/2026/07/F5-06.jpg | https://saakshakinni.com/wp-content/uploads/2026/07/F5-07.jpg | https://saakshakinni.com/wp-content/uploads/2026/07/F5-08.jpg | https://saakshakinni.com/wp-content/uploads/2026/07/B5-01.jpg","https://saakshakinni.com/wp-content/uploads/2026/07/F5-01.jpg","0","0"
"29957","Kennedy Dress","26AW_062_R","https://saakshakinni.com/product/kennedy-dress/","variable","28500","28500","28500","False","INR",,,"DRESSES | REVERIE","SIZE: L, M, S, XL, XS, XXL, XXXL | Notes: - | Delivery: Made to order. Delivery takes 4 weeks | Care: Dry Clean Only","Leheriya Inspired Print Peplum Style Dress With Halter Neck And Ruched Waist Material – Florence Chiffon Composition – 100% Polyester Color – Orange Slight imperfections or variations in the colour, print and texture of the textile are inherent to the characteristics of the fabric and add to the unique design of every piece Model’s height : 5’9 Model is wearing : Size S NOTE : Please mention your height with heels while placing your order.","","https://saakshakinni.com/wp-content/uploads/2026/07/F4_01.jpg | https://saakshakinni.com/wp-content/uploads/2026/07/F4_02.jpg | https://saakshakinni.com/wp-content/uploads/2026/07/F4_03.jpg | https://saakshakinni.com/wp-content/uploads/2026/07/F4_04.jpg | https://saakshakinni.com/wp-content/uploads/2026/07/F4_05.jpg | https://saakshakinni.com/wp-content/uploads/2026/07/F4_06.jpg","https://saakshakinni.com/wp-content/uploads/2026/07/F4_01.jpg","0","0"
"30008","Peni Blouse &#038; Lyro Skirt","26AW_059_R / 26AW_058_R","https://saakshakinni.com/product/peni-blouse-lyro-skirt/","variable","18000","18000","18000","False","INR",,,"BLOUSE | REVERIE | SKIRTS","SET: Blouse, Skirt, Full Set | SIZE: L, M, S, XL, XS, XXL, XXXL | Notes: - | Delivery: Made to order. Delivery takes 4 weeks | Care: Dry Clean Only","BLOUSE : Denim Sleeveless Peplum Blouse With Stitch Detailing Material – Denim Composition – 100% Cotton Color – Blue SKIRT : Hgih Waist Soft Flare Denim Maxi Skirt With Stitch Hem Detailing Material – Denim Composition – 100% Cotton Color – Blue Slight imperfections or variations in the colour, print and texture of the textile are inherent to the characteristics of the fabric and add to the unique design of every piece Model’s height : 5’9 Model is wearing : Size S NOTE : Please mention your height with heels while placing your order.","","https://saakshakinni.com/wp-content/uploads/2026/07/F21-01.jpg | https://saakshakinni.com/wp-content/uploads/2026/07/F21-02.jpg | https://saakshakinni.com/wp-content/uploads/2026/07/F21-03.jpg | https://saakshakinni.com/wp-content/uploads/2026/07/F21-04.jpg | https://saakshakinni.com/wp-content/uploads/2026/07/F21-05.jpg | https://saakshakinni.com/wp-content/uploads/2026/07/F21-06.jpg | https://saakshakinni.com/wp-content/uploads/2026/07/B21-01.jpg","https://saakshakinni.com/wp-content/uploads/2026/07/F21-01.jpg","0","0"
"30004","Vanessa Blouse","26AW_038_R","https://saakshakinni.com/product/vanessa-blouse/","variable","14500","14500","14500","False","INR",,,"BLOUSE | REVERIE","SIZE: L, M, S, XL, XS, XXL, XXXL | Notes: - | Delivery: Made to order. Delivery takes 4 weeks | Care: Dry Clean Only","Multi Print Cropped Strappy Blouse With Hand Made Fabric Tassle Overlay And Fitted Attached Inner Material – Chiffon / Stretch Cotton Composition – 100% Cupro / 95% Cotton, 5% Lycra Color – Multi Slight imperfections or variations in the colour, print and texture of the textile are inherent to the characteristics of the fabric and add to the unique design of every piece Model’s height : 5’9 Model is wearing : Size S NOTE : Please mention your height with heels while placing your order.","","https://saakshakinni.com/wp-content/uploads/2026/07/F20_01.jpg | https://saakshakinni.com/wp-content/uploads/2026/07/F20_02.jpg | https://saakshakinni.com/wp-content/uploads/2026/07/F20_03.jpg | https://saakshakinni.com/wp-content/uploads/2026/07/F20_04.jpg | https://saakshakinni.com/wp-content/uploads/2026/07/F20_05.jpg | https://saakshakinni.com/wp-content/uploads/2026/07/F20_06.jpg | https://saakshakinni.com/wp-content/uploads/2026/07/F20_07.jpg | https://saakshakinni.com/wp-content/uploads/2026/07/B20_01.jpg","https://saakshakinni.com/wp-content/uploads/2026/07/F20_01.jpg","0","0"
"29999","Jamie Blouse, Sally Blouse &#038; Lainey Skirt","26AW_019_R / 26AW_018_R / 26AW_016_R","https://saakshakinni.com/product/jamie-blouse-sally-blouse-lainey-skirt/","variable","7000","7000","7000","False","INR",,,"BLOUSE | REVERIE | SKIRTS","SET: Crop Blouse, Peplum Blouse, Skirt, Full Set | SIZE: L, M, S, XL, XS, XXL, XXXL | Notes: - | Delivery: Made to order. Delivery takes 4 weeks | Care: Dry Clean Only","BLOUSE : Leheriya Inspired Print Incut, Sleeveless Crop Blouse Material – Stretch Cotton Composition – 95% Cotton, 5% Lycra Color – Lime Green BLOUSE : Leheriya Inspired Print, Low Cut Peplum Blouse With Scalloped Neckline And Embroidered Stitch Detaled Hem Material – Habutai Composition – 100% Viscose Color – Lime Green SKIRT : High Waist Leheriya Inspired Print Maxi Skirt With Intrciate Hand Applique Cutout Detail And Soft Flare Material – Stretch Cotton Composition – 95% Cotton, 5% Lycra Color – Lime Green Slight imperfections or variations in the colour, print and texture of the textile are inherent to the characteristics of the fabric and add to the unique design of every piece Model’s height : 5’9 Model is wearing : Size S NOTE : Please mention your height with heels while placing your order.","","https://saakshakinni.com/wp-content/uploads/2026/07/F19_01.jpg | https://saakshakinni.com/wp-content/uploads/2026/07/F19_02.jpg | https://saakshakinni.com/wp-content/uploads/2026/07/F19_03.jpg | https://saakshakinni.com/wp-content/uploads/2026/07/F19_04.jpg | https://saakshakinni.com/wp-content/uploads/2026/07/F19_05.jpg | https://saakshakinni.com/wp-content/uploads/2026/07/F19_06.jpg | https://saakshakinni.com/wp-content/uploads/2026/07/B19_01.jpg","https://saakshakinni.com/wp-content/uploads/2026/07/F19_01.jpg","0","0"
"29997","Marilyn Dress","26AW_068_R","https://saakshakinni.com/product/marilyn-dress-7/","variable","23000","23000","23000","False","INR",,,"DRESSES | REVERIE","SIZE: L, M, S, XL, XS, XXL, XXXL | Notes: - | Delivery: Made to order. Delivery takes 4 weeks | Care: Dry Clean Only","Floral Print Sweetheart Neckline Summer Flared Dress With Adjustable Straps Material – Stretch Cotton Composition – 95% Cotton, 5% Lycra Color – Multi Slight imperfections or variations in the colour, print and texture of the textile are inherent to the characteristics of the fabric and add to the unique design of every piece Model’s height : 5’9 Model is wearing : Size S NOTE : Please mention your height with heels while placing your order.","","https://saakshakinni.com/wp-content/uploads/2026/07/F18_01.jpg | https://saakshakinni.com/wp-content/uploads/2026/07/F18_02.jpg | https://saakshakinni.com/wp-content/uploads/2026/07/F18_03.jpg | https://saakshakinni.com/wp-content/uploads/2026/07/F18_04.jpg | https://saakshakinni.com/wp-content/uploads/2026/07/F18_05.jpg | https://saakshakinni.com/wp-content/uploads/2026/07/F18_06.jpg | https://saakshakinni.com/wp-content/uploads/2026/07/F18_07.jpg | https://saakshakinni.com/wp-content/uploads/2026/07/B18_01.jpg","https://saakshakinni.com/wp-content/uploads/2026/07/F18_01.jpg","0","0"
"29993","Alfie Blouse &#038; Agatha Sari","26AW_067_R / 26AW_005_R","https://saakshakinni.com/product/alfie-blouse-agatha-sari/","variable","22000","22000","22000","False","INR",,,"BLOUSE | REVERIE | TROUSERS","SET: Blouse, Sari, Full Set | SIZE: L, M, S, XL, XS, XXL, XXXL | Notes: - | Delivery: Made to order. Delivery takes 4 weeks | Care: Dry Clean Only","BLOUSE : Leheriya Inspired Print Halter Neck Blouse, With Hand Embroidered Mirror And Coin Neckline Detailing And Hand Made Fabric Tassle Overlay Material – Chiffon / Stretch Jersey Composition – 100% Cupro / 82% Polyester, 18% Lycra Color – Red SARI : Leheriya Inspired Print Pre Draped Sari Material – Chiffon Composition – 100% Cupro Color – Red Slight imperfections or variations in the colour, print and texture of the textile are inherent to the characteristics of the fabric and add to the unique design of every piece Model’s height : 5’9 Model is wearing : Size S NOTE : Please mention your height with heels while placing your order.","","https://saakshakinni.com/wp-content/uploads/2026/07/F17-01.jpg | https://saakshakinni.com/wp-content/uploads/2026/07/F17-02.jpg | https://saakshakinni.com/wp-content/uploads/2026/07/F17-03.jpg | https://saakshakinni.com/wp-content/uploads/2026/07/F17-04.jpg | https://saakshakinni.com/wp-content/uploads/2026/07/F17-05.jpg | https://saakshakinni.com/wp-content/uploads/2026/07/F17-06.jpg | https://saakshakinni.com/wp-content/uploads/2026/07/F17-07.jpg | https://saakshakinni.com/wp-content/uploads/2026/07/F17-08.jpg | https://saakshakinni.com/wp-content/uploads/2026/07/B17-01.jpg","https://saakshakinni.com/wp-content/uploads/2026/07/F17-01.jpg","0","0"
"29991","Josie Dress","26AW_028_R","https://saakshakinni.com/product/josie-dress/","variable","27000","27000","27000","False","INR",,,"DRESSES | REVERIE","SIZE: L, M, S, XL, XS, XXL, XXXL | Notes: - | Delivery: Made to order. Delivery takes 4 weeks | Care: Dry Clean Only","Floral Print Strapless Maxi Dress With Fitted, Pleated Bodice And Soft Flare Skirt Material – Chiffon / Stretch Jersey Composition – 100% Cupro / 82% Polyester, 18% Lycra Color – Multi Slight imperfections or variations in the colour, print and texture of the textile are inherent to the characteristics of the fabric and add to the unique design of every piece Model’s height : 5’9 Model is wearing : Size S NOTE : Please mention your height with heels while placing your order.","","https://saakshakinni.com/wp-content/uploads/2026/07/F16-01.jpg | https://saakshakinni.com/wp-content/uploads/2026/07/F16-02.jpg | https://saakshakinni.com/wp-content/uploads/2026/07/F16-03.jpg | https://saakshakinni.com/wp-content/uploads/2026/07/F16-04.jpg | https://saakshakinni.com/wp-content/uploads/2026/07/F16-05.jpg | https://saakshakinni.com/wp-content/uploads/2026/07/F16-06.jpg | https://saakshakinni.com/wp-content/uploads/2026/07/F16-07.jpg | https://saakshakinni.com/wp-content/uploads/2026/07/F16-08.jpg | https://saakshakinni.com/wp-content/uploads/2026/07/B16-01.jpg","https://saakshakinni.com/wp-content/uploads/2026/07/F16-01.jpg","0","0"
"29989","Briony Dress","26AW_051_R","https://saakshakinni.com/product/briony-dress/","variable","49000","49000","49000","False","INR",,,"DRESSES | REVERIE","SIZE: L, M, S, XL, XS, XXL, XXXL | Notes: - | Delivery: Made to order. Delivery takes 4 weeks | Care: Dry Clean Only","Multi Print V Neck, Tiered & Asymmetric Maxi Dress With Hand Made Fabric Tassle Overlay Material – Chiffon / Stretch Cotton Composition – 100% Cupro / 95% Cotton, 5% Lycra Color – Multi Slight imperfections or variations in the colour, print and texture of the textile are inherent to the characteristics of the fabric and add to the unique design of every piece Model’s height : 5’9 Model is wearing : Size S NOTE : Please mention your height with heels while placing your order.","","https://saakshakinni.com/wp-content/uploads/2026/07/F15-01.jpg | https://saakshakinni.com/wp-content/uploads/2026/07/F15-02.jpg | https://saakshakinni.com/wp-content/uploads/2026/07/F15-03.jpg | https://saakshakinni.com/wp-content/uploads/2026/07/F15-04.jpg | https://saakshakinni.com/wp-content/uploads/2026/07/F15-05.jpg | https://saakshakinni.com/wp-content/uploads/2026/07/F15-06.jpg | https://saakshakinni.com/wp-content/uploads/2026/07/F15-07.jpg | https://saakshakinni.com/wp-content/uploads/2026/07/B15-01.jpg","https://saakshakinni.com/wp-content/uploads/2026/07/F15-01.jpg","0","0"
"29987","Bernadette Dress","26AW_053_R","https://saakshakinni.com/product/bernadette-dress/","variable","27500","27500","27500","False","INR",,,"DRESSES | REVERIE","SIZE: L, M, S, XL, XS, XXL, XXXL | Notes: - | Delivery: Made to order. Delivery takes 4 weeks | Care: Dry Clean Only","Floral Print Halter Neck Asymmetric Dress With Contrast Print Underlay And Draped Bodice Material – Habutai / Chiffon Composition – 100% Viscose / 100% Cupro Color – Multi Slight imperfections or variations in the colour, print and texture of the textile are inherent to the characteristics of the fabric and add to the unique design of every piece Model’s height : 5’9 Model is wearing : Size S NOTE : Please mention your height with heels while placing your order.","","https://saakshakinni.com/wp-content/uploads/2026/07/F14-01.jpg | https://saakshakinni.com/wp-content/uploads/2026/07/F14-02.jpg | https://saakshakinni.com/wp-content/uploads/2026/07/F14-03.jpg | https://saakshakinni.com/wp-content/uploads/2026/07/F14-04.jpg | https://saakshakinni.com/wp-content/uploads/2026/07/B14-01.jpg","https://saakshakinni.com/wp-content/uploads/2026/07/F14-01.jpg","0","0"
"29983","Georgina Trench &#038; Bex Jeans","26AW_066_R / 26AW_060_R","https://saakshakinni.com/product/georgina-trench-bex-jeans/","variable","29500","29500","29500","False","INR",,,"JEANS | REVERIE | TRENCH","SET: Trench, Jeans, Full Set | SIZE: L, M, S, XL, XS, XXL, XXXL | Notes: - | Delivery: Made to order. Delivery takes 4 weeks | Care: Dry Clean Only","TRENCH : Oversized Trench Coat With Intricate Hand Embroidered Floral Motif, Cutwork Applique Detailing And Detachable Belt Material – Denim Composition – 100% Cotton Color – Blue JEANS : High Waist Jeans With Intricate Hand Embroidered Floral Motif, Cutwork Applique Detailing Material – Denim Composition – 100% Cotton Color – Blue Slight imperfections or variations in the colour, print and texture of the textile are inherent to the characteristics of the fabric and add to the unique design of every piece Model’s height : 5’9 Model is wearing : Size S NOTE : Please mention your height with heels while placing your order.","","https://saakshakinni.com/wp-content/uploads/2026/07/F13-01.jpg | https://saakshakinni.com/wp-content/uploads/2026/07/F13-02.jpg | https://saakshakinni.com/wp-content/uploads/2026/07/F13-03.jpg | https://saakshakinni.com/wp-content/uploads/2026/07/F13-04.jpg | https://saakshakinni.com/wp-content/uploads/2026/07/F13-05.jpg | https://saakshakinni.com/wp-content/uploads/2026/07/B13-01.jpg","https://saakshakinni.com/wp-content/uploads/2026/07/F13-01.jpg","0","0"
"30026","Lenora Dress","26AW_011_R","https://saakshakinni.com/product/lenora-dress/","variable","31000","31000","31000","False","INR",,,"DRESSES | REVERIE","SIZE: L, M, S, XL, XS, XXL, XXXL | Notes: - | Delivery: Made to order. Delivery takes 4 weeks | Care: Dry Clean Only","Leheriya Inspired Print, Hand Micro Pleat Draped Style Asymmetric Dress With Square Neckline, Overlap Bodice, Keyhole Side Detailing And Adjustable Drawstring Length Material – Florence Chiffon Composition – 100% Polyester Color – Blue Slight imperfections or variations in the colour, print and texture of the textile are inherent to the characteristics of the fabric and add to the unique design of every piece Model’s height : 5’9 Model is wearing : Size S NOTE : Please mention your height with heels while placing your order.","","https://saakshakinni.com/wp-content/uploads/2026/07/F29-01.jpg | https://saakshakinni.com/wp-content/uploads/2026/07/F29-02.jpg | https://saakshakinni.com/wp-content/uploads/2026/07/F29-03.jpg | https://saakshakinni.com/wp-content/uploads/2026/07/F29-04.jpg | https://saakshakinni.com/wp-content/uploads/2026/07/F29-05.jpg | https://saakshakinni.com/wp-content/uploads/2026/07/F29-06.jpg | https://saakshakinni.com/wp-content/uploads/2026/07/B29-01.jpg","https://saakshakinni.com/wp-content/uploads/2026/07/F29-01.jpg","0","0"
"30024","Madison Dress","26AW_070_R","https://saakshakinni.com/product/madison-dress/","variable","17500","17500","17500","False","INR",,,"DRESSES | REVERIE","SIZE: L, M, S, XL, XS, XXL, XXXL | Notes: - | Delivery: Made to order. Delivery takes 4 weeks | Care: Dry Clean Only","Floral Print Midi Dress With Cinched Waist And 3/4 Sleeves Material – Stretch Cotton Composition – 95% Cotton, 5% Lycra Color – Multi Slight imperfections or variations in the colour, print and texture of the textile are inherent to the characteristics of the fabric and add to the unique design of every piece Model’s height : 5’9 Model is wearing : Size S NOTE : Please mention your height with heels while placing your order.","","https://saakshakinni.com/wp-content/uploads/2026/07/F28-01.jpg | https://saakshakinni.com/wp-content/uploads/2026/07/F28-02.jpg | https://saakshakinni.com/wp-content/uploads/2026/07/F28-03.jpg | https://saakshakinni.com/wp-content/uploads/2026/07/F28-04.jpg | https://saakshakinni.com/wp-content/uploads/2026/07/F28-05.jpg | https://saakshakinni.com/wp-content/uploads/2026/07/F28-06.jpg | https://saakshakinni.com/wp-content/uploads/2026/07/F28-07.jpg | https://saakshakinni.com/wp-content/uploads/2026/07/B28-01.jpg","https://saakshakinni.com/wp-content/uploads/2026/07/F28-01.jpg","0","0"
"30022","Renata Dress","26AW_044_R","https://saakshakinni.com/product/renata-dress/","variable","15000","15000","15000","False","INR",,,"DRESSES | REVERIE","SIZE: L, M, S, XL, XS, XXL, XXXL | Notes: - | Delivery: Made to order. Delivery takes 4 weeks | Care: Dry Clean Only","Floral Print High Neck Fitted Midi Dress With Long Sleeves Material – Stretch Jersey Composition – 82% Polyester, 18% Lycra Color – Yellow Slight imperfections or variations in the colour, print and texture of the textile are inherent to the characteristics of the fabric and add to the unique design of every piece Model’s height : 5’9 Model is wearing : Size S NOTE : Please mention your height with heels while placing your order.","","https://saakshakinni.com/wp-content/uploads/2026/07/F27_01.jpg | https://saakshakinni.com/wp-content/uploads/2026/07/F27_02.jpg | https://saakshakinni.com/wp-content/uploads/2026/07/F27_03.jpg | https://saakshakinni.com/wp-content/uploads/2026/07/F27_04.jpg | https://saakshakinni.com/wp-content/uploads/2026/07/F27_05.jpg | https://saakshakinni.com/wp-content/uploads/2026/07/F27_06.jpg | https://saakshakinni.com/wp-content/uploads/2026/07/B27_01.jpg","https://saakshakinni.com/wp-content/uploads/2026/07/F27_01.jpg","0","0"
"30020","Maeva Dress","26AW_036_R","https://saakshakinni.com/product/maeva-dress-7/","variable","27500","27500","27500","False","INR",,,"DRESSES | REVERIE","SIZE: L, M, S, XL, XS, XXL, XXXL | Notes: - | Delivery: Made to order. Delivery takes 4 weeks | Care: Dry Clean Only","Floral Print Closed Neck Maxi Dress With Long Sleeves And Fitted Bodice Material – Chiffon / Stretch Jersey Composition – 100% Cupro / 82% Polyester, 18% Lycra Color – Black/Multi Slight imperfections or variations in the colour, print and texture of the textile are inherent to the characteristics of the fabric and add to the unique design of every piece Model’s height : 5’9 Model is wearing : Size S NOTE : Please mention your height with heels while placing your order.","","https://saakshakinni.com/wp-content/uploads/2026/07/F26-01.jpg | https://saakshakinni.com/wp-content/uploads/2026/07/F26-02.jpg | https://saakshakinni.com/wp-content/uploads/2026/07/F26-03.jpg | https://saakshakinni.com/wp-content/uploads/2026/07/F26-04.jpg | https://saakshakinni.com/wp-content/uploads/2026/07/F26-05.jpg | https://saakshakinni.com/wp-content/uploads/2026/07/F26-06.jpg | https://saakshakinni.com/wp-content/uploads/2026/07/F26-07.jpg | https://saakshakinni.com/wp-content/uploads/2026/07/F26-08.jpg | https://saakshakinni.com/wp-content/uploads/2026/07/B26-01.jpg","https://saakshakinni.com/wp-content/uploads/2026/07/F26-01.jpg","0","0"
"30018","Anya Dress","26AW_033_R","https://saakshakinni.com/product/anya-dress-7/","variable","28500","28500","28500","False","INR",,,"DRESSES | REVERIE","SIZE: L, M, S, XL, XS, XXL, XXXL | Notes: - | Delivery: Made to order. Delivery takes 4 weeks | Care: Dry Clean Only","Floral Rpint Surplice Bodice, Hand Micro Pleat Dress With Adjustable Mirror And Tassle Hand Embroidered Side Drawstring Detailing Material – Florence Chiffon Composition – 100% Polyester Color – Multi Slight imperfections or variations in the colour, print and texture of the textile are inherent to the characteristics of the fabric and add to the unique design of every piece Model’s height : 5’9 Model is wearing : Size S NOTE : Please mention your height with heels while placing your order.","","https://saakshakinni.com/wp-content/uploads/2026/07/F25_01.jpg | https://saakshakinni.com/wp-content/uploads/2026/07/F25_02.jpg | https://saakshakinni.com/wp-content/uploads/2026/07/F25_03.jpg | https://saakshakinni.com/wp-content/uploads/2026/07/F25_04.jpg | https://saakshakinni.com/wp-content/uploads/2026/07/F25_05.jpg | https://saakshakinni.com/wp-content/uploads/2026/07/B25_01.jpg","https://saakshakinni.com/wp-content/uploads/2026/07/F25_01.jpg","0","0"
"30016","Sasha Kaftan","26AW_069_R","https://saakshakinni.com/product/sasha-kaftan-3/","variable","19500","19500","19500","False","INR",,,"KAFTAN | REVERIE","SIZE: L, M, S, XL, XS, XXL, XXXL | Notes: - | Delivery: Made to order. Delivery takes 4 weeks | Care: Dry Clean Only","Floral Print Kaftan With A Drawstring Waist, Adjustable Drawstring Sleeves And Customisable Side Slits Material – Florence Chiffon Composition – 100% Polyester Color – Green Slight imperfections or variations in the colour, print and texture of the textile are inherent to the characteristics of the fabric and add to the unique design of every piece Model’s height : 5’9 Model is wearing : Size S NOTE : Please mention your height with heels while placing your order.","","https://saakshakinni.com/wp-content/uploads/2026/07/F24-01.jpg | https://saakshakinni.com/wp-content/uploads/2026/07/F24-02.jpg | https://saakshakinni.com/wp-content/uploads/2026/07/F24-03.jpg | https://saakshakinni.com/wp-content/uploads/2026/07/F24-04.jpg | https://saakshakinni.com/wp-content/uploads/2026/07/F24-05.jpg | https://saakshakinni.com/wp-content/uploads/2026/07/F24-06.jpg | https://saakshakinni.com/wp-content/uploads/2026/07/F24-07.jpg | https://saakshakinni.com/wp-content/uploads/2026/07/F24-08.jpg | https://saakshakinni.com/wp-content/uploads/2026/07/B24-01.jpg","https://saakshakinni.com/wp-content/uploads/2026/07/F24-01.jpg","0","0"
"30014","Elmina Kaftan","26AW_056_R","https://saakshakinni.com/product/elmina-kaftan/","variable","24000","24000","24000","False","INR",,,"KAFTAN | REVERIE","SIZE: L, M, S, XL, XS, XXL, XXXL | Notes: - | Delivery: Made to order. Delivery takes 4 weeks | Care: Dry Clean Only","Abstract Floral Print Asymmetric, One Shoulder Kaftan With Side Tie And Hand Made Fabric Tassle Detailing Material – Habutai Composition – 100% Viscose Color – Multi Slight imperfections or variations in the colour, print and texture of the textile are inherent to the characteristics of the fabric and add to the unique design of every piece Model’s height : 5’9 Model is wearing : Size S NOTE : Please mention your height with heels while placing your order.","","https://saakshakinni.com/wp-content/uploads/2026/07/F23_01.jpg | https://saakshakinni.com/wp-content/uploads/2026/07/F23_02.jpg | https://saakshakinni.com/wp-content/uploads/2026/07/F23_03.jpg | https://saakshakinni.com/wp-content/uploads/2026/07/F23_04.jpg | https://saakshakinni.com/wp-content/uploads/2026/07/F23_05.jpg | https://saakshakinni.com/wp-content/uploads/2026/07/F23_06.jpg | https://saakshakinni.com/wp-content/uploads/2026/07/F23_07.jpg | https://saakshakinni.com/wp-content/uploads/2026/07/F23_08.jpg","https://saakshakinni.com/wp-content/uploads/2026/07/F23_01.jpg","0","0"
"30012","Charlotte Dress","26AW_004_R","https://saakshakinni.com/product/charlotte-dress/","variable","33500","33500","33500","False","INR",,,"DRESSES | REVERIE","SIZE: L, M, S, XL, XS, XXL, XXXL | Notes: - | Delivery: Made to order. Delivery takes 4 weeks | Care: Dry Clean Only","Leheriya Inspired Print Asymmetric Dress With Fitted Bodice, Side Drape Detailing And Drop Waist Material – Stretch Jersey Composition – 82% Polyester, 18% Lycra Color – Red Slight imperfections or variations in the colour, print and texture of the textile are inherent to the characteristics of the fabric and add to the unique design of every piece Model’s height : 5’9 Model is wearing : Size S NOTE : Please mention your height with heels while placing your order.","","https://saakshakinni.com/wp-content/uploads/2026/07/F22_01.jpg | https://saakshakinni.com/wp-content/uploads/2026/07/F22_02.jpg | https://saakshakinni.com/wp-content/uploads/2026/07/F22_03.jpg | https://saakshakinni.com/wp-content/uploads/2026/07/F22_04.jpg | https://saakshakinni.com/wp-content/uploads/2026/07/F22_05.jpg | https://saakshakinni.com/wp-content/uploads/2026/07/F22_06.jpg | https://saakshakinni.com/wp-content/uploads/2026/07/F22_07.jpg","https://saakshakinni.com/wp-content/uploads/2026/07/F22_01.jpg","0","0"
"30044","Selia Dress","26AW_040_R","https://saakshakinni.com/product/selia-dress-2/","variable","18000","18000","18000","False","INR",,,"DRESSES | REVERIE","SIZE: L, M, S, XL, XS, XXL, XXXL | Notes: - | Delivery: Made to order. Delivery takes 4 weeks | Care: Dry Clean Only","Floral Print Kimono Wrap Style Short Dress With Batwing Sleeves And Side Bow Detailing Material – Stretch Cotton Composition – 95% Cotton, 5% Lycra Color – Multi Slight imperfections or variations in the colour, print and texture of the textile are inherent to the characteristics of the fabric and add to the unique design of every piece Model’s height : 5’9 Model is wearing : Size S NOTE : Please mention your height with heels while placing your order.","","https://saakshakinni.com/wp-content/uploads/2026/07/F44-01.jpg | https://saakshakinni.com/wp-content/uploads/2026/07/F44-02.jpg | https://saakshakinni.com/wp-content/uploads/2026/07/F44-03.jpg | https://saakshakinni.com/wp-content/uploads/2026/07/F44-04.jpg | https://saakshakinni.com/wp-content/uploads/2026/07/F44-05.jpg | https://saakshakinni.com/wp-content/uploads/2026/07/F44-06.jpg | https://saakshakinni.com/wp-content/uploads/2026/07/B44-01.jpg","https://saakshakinni.com/wp-content/uploads/2026/07/F44-01.jpg","0","0"
"30042","Gwen Dress","26AW_042_R","https://saakshakinni.com/product/gwen-dress/","variable","28500","28500","28500","False","INR",,,"DRESSES | REVERIE","SIZE: L, M, S, XL, XS, XXL, XXXL | Notes: - | Delivery: Made to order. Delivery takes 4 weeks | Care: Dry Clean Only","Floral Print Midi Length Slip Dress With Surplice Neckline And Gently Flared Hem Material – Habutai / Chiffon Composition – 100% Viscose / 100% Cupro Color – Yellow Slight imperfections or variations in the colour, print and texture of the textile are inherent to the characteristics of the fabric and add to the unique design of every piece Model’s height : 5’9 Model is wearing : Size S NOTE : Please mention your height with heels while placing your order.","","https://saakshakinni.com/wp-content/uploads/2026/07/F43-01.jpg | https://saakshakinni.com/wp-content/uploads/2026/07/F43-02.jpg | https://saakshakinni.com/wp-content/uploads/2026/07/F43-03.jpg | https://saakshakinni.com/wp-content/uploads/2026/07/F43-04.jpg | https://saakshakinni.com/wp-content/uploads/2026/07/F43-05.jpg | https://saakshakinni.com/wp-content/uploads/2026/07/F43-06.jpg | https://saakshakinni.com/wp-content/uploads/2026/07/B43-01.jpg","https://saakshakinni.com/wp-content/uploads/2026/07/F43-01.jpg","0","0"
"30040","Adelita Dress","26AW_002_R","https://saakshakinni.com/product/adelita-dress/","variable","32000","32000","32000","False","INR",,,"DRESSES | REVERIE","SIZE: L, M, S, XL, XS, XXL, XXXL | Notes: - | Delivery: Made to order. Delivery takes 4 weeks | Care: Dry Clean Only","Leheriya Inspired Print, Hand Micro Pleat Maxi Dress With Sweetheart Neckline, Asymmetric Draped Bodice, Side Keyhole Detail And Draped Front Slit Material – Florence Chiffon Composition – 100% Polyester Color – Red Slight imperfections or variations in the colour, print and texture of the textile are inherent to the characteristics of the fabric and add to the unique design of every piece Model’s height : 5’9 Model is wearing : Size S NOTE : Please mention your height with heels while placing your order.","","https://saakshakinni.com/wp-content/uploads/2026/07/F41-01.jpg | https://saakshakinni.com/wp-content/uploads/2026/07/F41-02.jpg | https://saakshakinni.com/wp-content/uploads/2026/07/F41-03.jpg | https://saakshakinni.com/wp-content/uploads/2026/07/F41-04.jpg | https://saakshakinni.com/wp-content/uploads/2026/07/F41-05.jpg | https://saakshakinni.com/wp-content/uploads/2026/07/F41-06.jpg | https://saakshakinni.com/wp-content/uploads/2026/07/F41-07.jpg | https://saakshakinni.com/wp-content/uploads/2026/07/B41-01.jpg","https://saakshakinni.com/wp-content/uploads/2026/07/F41-01.jpg","0","0"
"30038","Albie Dress","26AW_075_R","https://saakshakinni.com/product/albie-dress/","variable","31000","31000","31000","False","INR",,,"DRESSES | REVERIE","SIZE: L, M, S, XL, XS, XXL, XXXL | Notes: - | Delivery: Made to order. Delivery takes 4 weeks | Care: Dry Clean Only","Multi Print Patchwork, Floor Grazing Slip Dress With Stitch Detail Neckline And Front Slit Material – Habutai / Chiffon Composition – 100% Viscose / 100% Cupro Color – Multi Slight imperfections or variations in the colour, print and texture of the textile are inherent to the characteristics of the fabric and add to the unique design of every piece Model’s height : 5’9 Model is wearing : Size S NOTE : Please mention your height with heels while placing your order.","","https://saakshakinni.com/wp-content/uploads/2026/07/F40-01.jpg | https://saakshakinni.com/wp-content/uploads/2026/07/F40-02.jpg | https://saakshakinni.com/wp-content/uploads/2026/07/F40-03.jpg | https://saakshakinni.com/wp-content/uploads/2026/07/F40-04.jpg | https://saakshakinni.com/wp-content/uploads/2026/07/F40-05.jpg | https://saakshakinni.com/wp-content/uploads/2026/07/B40-01.jpg","https://saakshakinni.com/wp-content/uploads/2026/07/F40-01.jpg","0","0"
"30034","Samantha Dress","26AW_054_R","https://saakshakinni.com/product/samantha-dress/","variable","27000","27000","27000","False","INR",,,"DRESSES | REVERIE","SIZE: L, M, S, XL, XS, XXL, XXXL | Notes: - | Delivery: Made to order. Delivery takes 4 weeks | Care: Dry Clean Only","Dual Floral Print Column Panel Sleeveless Maxi Dress With A High Neck, Low Open Back Framed By Delicate Criss Cross Straps Material – Stretch Cotton Composition – 95% Cotton, 5% Lycra Color – Multi Slight imperfections or variations in the colour, print and texture of the textile are inherent to the characteristics of the fabric and add to the unique design of every piece Model’s height : 5’9 Model is wearing : Size S NOTE : Please mention your height with heels while placing your order.","","https://saakshakinni.com/wp-content/uploads/2026/07/F36-01.jpg | https://saakshakinni.com/wp-content/uploads/2026/07/F36-02.jpg | https://saakshakinni.com/wp-content/uploads/2026/07/F36-03.jpg | https://saakshakinni.com/wp-content/uploads/2026/07/F36-04.jpg | https://saakshakinni.com/wp-content/uploads/2026/07/F36-05.jpg | https://saakshakinni.com/wp-content/uploads/2026/07/F36-06.jpg | https://saakshakinni.com/wp-content/uploads/2026/07/B36-01.jpg","https://saakshakinni.com/wp-content/uploads/2026/07/F36-01.jpg","0","0"
"30032","Samara Dress","26AW_013_R","https://saakshakinni.com/product/samara-dress/","variable","30000","30000","30000","False","INR",,,"DRESSES | REVERIE","SIZE: L, M, S, XL, XS, XXL, XXXL | Notes: - | Delivery: Made to order. Delivery takes 4 weeks | Care: Dry Clean Only","Multi Floral And Leheriya Inspired Print , Hand Micro Pleat Maxi Dress With Cross Back Adjustable Straps And Frill Detailing Material – Chiffon / Cotton Cambric Composition – 100% Cupro / 100% Cotton Color – Orange/Multi Slight imperfections or variations in the colour, print and texture of the textile are inherent to the characteristics of the fabric and add to the unique design of every piece Model’s height : 5’9 Model is wearing : Size S NOTE : Please mention your height with heels while placing your order.","","https://saakshakinni.com/wp-content/uploads/2026/07/F33-01.jpg | https://saakshakinni.com/wp-content/uploads/2026/07/F33-02.jpg | https://saakshakinni.com/wp-content/uploads/2026/07/F33-03.jpg | https://saakshakinni.com/wp-content/uploads/2026/07/F33-04.jpg | https://saakshakinni.com/wp-content/uploads/2026/07/F33-05.jpg | https://saakshakinni.com/wp-content/uploads/2026/07/B33-01.jpg","https://saakshakinni.com/wp-content/uploads/2026/07/F33-01.jpg","0","0"
"30030","Gracelyn Dress","26AW_072_R","https://saakshakinni.com/product/gracelyn-dress/","variable","46500","46500","46500","False","INR",,,"DRESSES | REVERIE","SIZE: L, M, S, XL, XS, XXL, XXXL | Notes: - | Delivery: Made to order. Delivery takes 4 weeks | Care: Dry Clean Only","Multi Leheriya Inspired Print One Shoulder Dress With Hand Made Fabric Tassles, Sweetheart Neckline And Adjustable Tassle Length Material – Stretch Cotton / Stretch Jersey / Chiffon Composition – 95% Cotton, 5% Lycra / 82% Polyester, 18% Lycra / 100% Cupro Color – Lime Green/Blue Slight imperfections or variations in the colour, print and texture of the textile are inherent to the characteristics of the fabric and add to the unique design of every piece Model’s height : 5’9 Model is wearing : Size S NOTE : Please mention your height with heels while placing your order.","","https://saakshakinni.com/wp-content/uploads/2026/07/F31-01.jpg | https://saakshakinni.com/wp-content/uploads/2026/07/F31-02.jpg | https://saakshakinni.com/wp-content/uploads/2026/07/F31-03.jpg | https://saakshakinni.com/wp-content/uploads/2026/07/F31-04.jpg | https://saakshakinni.com/wp-content/uploads/2026/07/F31-05.jpg | https://saakshakinni.com/wp-content/uploads/2026/07/F31-06.jpg | https://saakshakinni.com/wp-content/uploads/2026/07/B31-01.jpg","https://saakshakinni.com/wp-content/uploads/2026/07/F31-01.jpg","0","0"
"30028","Ally Dress","26AW_026_R","https://saakshakinni.com/product/ally-dress/","variable","40000","40000","40000","False","INR",,,"DRESSES | REVERIE","SIZE: L, M, S, XL, XS, XXL, XXXL | Notes: - | Delivery: Made to order. Delivery takes 4 weeks | Care: Dry Clean Only","Floral Print One Shoulder Dress With Micro Pleat Overlap Bodice, Side Keyhole Detailing And Soft Flare Skirt Material – Chiffon / Florence Chiffon Composition – 100% Cupro / 100% Polyester Color – Green Slight imperfections or variations in the colour, print and texture of the textile are inherent to the characteristics of the fabric and add to the unique design of every piece Model’s height : 5’9 Model is wearing : Size S NOTE : Please mention your height with heels while placing your order.","","https://saakshakinni.com/wp-content/uploads/2026/07/F30-01.jpg | https://saakshakinni.com/wp-content/uploads/2026/07/F30-02.jpg | https://saakshakinni.com/wp-content/uploads/2026/07/F30-03.jpg | https://saakshakinni.com/wp-content/uploads/2026/07/F30-04.jpg | https://saakshakinni.com/wp-content/uploads/2026/07/F30-05.jpg | https://saakshakinni.com/wp-content/uploads/2026/07/B30-01.jpg","https://saakshakinni.com/wp-content/uploads/2026/07/F30-01.jpg","0","0"
"30058","Eleanor Dress","26AW_048_R","https://saakshakinni.com/product/eleanor-dress/","variable","22000","22000","22000","False","INR",,,"DRESSES | REVERIE","SIZE: L, M, S, XL, XS, XXL, XXXL | Notes: - | Delivery: Made to order. Delivery takes 4 weeks | Care: Dry Clean Only","Multi Print & Solid Patchwork Short, Sleeveless Dress With Intricately Smocked Bodice And Soft Flare Skirt Material – Silk Habutai / Crepe / Habutai Composition – 100% Silk / 100% Viscose / 100% Viscose Color – Multi Model’s height : 5’9 Model is wearing : Size S NOTE : Please mention your height with heels while placing your order.","","https://saakshakinni.com/wp-content/uploads/2026/07/F63-01.jpg | https://saakshakinni.com/wp-content/uploads/2026/07/F63-02.jpg | https://saakshakinni.com/wp-content/uploads/2026/07/F63-03.jpg | https://saakshakinni.com/wp-content/uploads/2026/07/F63-04.jpg | https://saakshakinni.com/wp-content/uploads/2026/07/B63-01.jpg","https://saakshakinni.com/wp-content/uploads/2026/07/F63-01.jpg","0","0"
"30056","Sonam Dress","26AW_081_R","https://saakshakinni.com/product/sonam-dress-4/","variable","27500","27500","27500","False","INR",,,"DRESSES | REVERIE","SIZE: L, M, S, XL, XS, XXL, XXXL | Notes: - | Delivery: Made to order. Delivery takes 4 weeks | Care: Dry Clean Only","Floral Print Midi Dress With Tie Up Sleeves, Button Closure And Semi Sheer Sleeves Material – Chanderi / Silk Organza Composition – 88% Cotton, 12% Silk / 100% Silk Color – Yellow Slight imperfections or variations in the colour, print and texture of the textile are inherent to the characteristics of the fabric and add to the unique design of every piece Model’s height : 5’9 Model is wearing : Size S NOTE : Please mention your height with heels while placing your order.","","https://saakshakinni.com/wp-content/uploads/2026/07/F62-01.jpg | https://saakshakinni.com/wp-content/uploads/2026/07/F62-02.jpg | https://saakshakinni.com/wp-content/uploads/2026/07/F62-03.jpg | https://saakshakinni.com/wp-content/uploads/2026/07/F62-04.jpg | https://saakshakinni.com/wp-content/uploads/2026/07/F62-05.jpg | https://saakshakinni.com/wp-content/uploads/2026/07/F62-06.jpg | https://saakshakinni.com/wp-content/uploads/2026/07/F62-07.jpg | https://saakshakinni.com/wp-content/uploads/2026/07/F62-08.jpg | https://saakshakinni.com/wp-content/uploads/2026/07/B62-01.jpg","https://saakshakinni.com/wp-content/uploads/2026/07/F62-01.jpg","0","0"
"30054","Reagan Dress","26AW_080_R","https://saakshakinni.com/product/reagan-dress/","variable","35000","35000","35000","False","INR",,,"DRESSES | REVERIE","SIZE: L, M, S, XL, XS, XXL, XXXL | Notes: - | Delivery: Made to order. Delivery takes 4 weeks | Care: Dry Clean Only","Floral Print Scoop Neck, Short Dress With Hand Made Fabric Tassle Overlay Material – Stretch Jersey / Chiffon Composition – 82% Polyester, 18% Lycra / 100% Cupro Color – Green Slight imperfections or variations in the colour, print and texture of the textile are inherent to the characteristics of the fabric and add to the unique design of every piece Model’s height : 5’9 Model is wearing : Size S NOTE : Please mention your height with heels while placing your order.","","https://saakshakinni.com/wp-content/uploads/2026/07/F61-01.jpg | https://saakshakinni.com/wp-content/uploads/2026/07/F61-02.jpg | https://saakshakinni.com/wp-content/uploads/2026/07/F61-03.jpg | https://saakshakinni.com/wp-content/uploads/2026/07/F61-04.jpg | https://saakshakinni.com/wp-content/uploads/2026/07/F61-05.jpg | https://saakshakinni.com/wp-content/uploads/2026/07/F61-06.jpg | https://saakshakinni.com/wp-content/uploads/2026/07/B61-01.jpg","https://saakshakinni.com/wp-content/uploads/2026/07/F61-01.jpg","0","0"
"30052","Peni Blouse","26AW_015_R","https://saakshakinni.com/product/peni-blouse/","variable","25000","25000","25000","False","INR",,,"BLOUSE | REVERIE","SIZE: L, M, S, XL, XS, XXL, XXXL | Notes: - | Delivery: Made to order. Delivery takes 4 weeks | Care: Dry Clean Only","Leheriya Inspired Printed Sleeveless Peplum Blouse With Intricate Stitch Embroidered Hem Material – Stretch Cotton Composition – 95% Cotton, 5% Lycra Color – Orange Slight imperfections or variations in the colour, print and texture of the textile are inherent to the characteristics of the fabric and add to the unique design of every piece Model’s height : 5’9 Model is wearing : Size S NOTE : Please mention your height with heels while placing your order.","","https://saakshakinni.com/wp-content/uploads/2026/07/F58-01.jpg | https://saakshakinni.com/wp-content/uploads/2026/07/F58-02.jpg | https://saakshakinni.com/wp-content/uploads/2026/07/F58-03.jpg | https://saakshakinni.com/wp-content/uploads/2026/07/F58-04.jpg | https://saakshakinni.com/wp-content/uploads/2026/07/F58-05.jpg | https://saakshakinni.com/wp-content/uploads/2026/07/F58-06.jpg | https://saakshakinni.com/wp-content/uploads/2026/07/B58-01.jpg","https://saakshakinni.com/wp-content/uploads/2026/07/F58-01.jpg","0","0"
"30050","Kathy Dress","26AW_020_R","https://saakshakinni.com/product/kathy-dress-8/","variable","30000","30000","30000","False","INR",,,"DRESSES | REVERIE","SIZE: L, M, S, XL, XS, XXL, XXXL | Notes: - | Delivery: Made to order. Delivery takes 4 weeks | Care: Dry Clean Only","Leheriya Inspired Print Hand Micro Pleat Kaftan Style Dress, With Adjustable Drawstring Length And Off Shoulder Trail Material – Florence Chiffon Composition – 100% Polyester Color – Lime Green Slight imperfections or variations in the colour, print and texture of the textile are inherent to the characteristics of the fabric and add to the unique design of every piece Model’s height : 5’9 Model is wearing : Size S NOTE : Please mention your height with heels while placing your order.","","https://saakshakinni.com/wp-content/uploads/2026/07/F53-01.jpg | https://saakshakinni.com/wp-content/uploads/2026/07/F53-02.jpg | https://saakshakinni.com/wp-content/uploads/2026/07/F53-03.jpg | https://saakshakinni.com/wp-content/uploads/2026/07/F53-04.jpg | https://saakshakinni.com/wp-content/uploads/2026/07/F53-05.jpg | https://saakshakinni.com/wp-content/uploads/2026/07/F53-06.jpg | https://saakshakinni.com/wp-content/uploads/2026/07/F53-07.jpg | https://saakshakinni.com/wp-content/uploads/2026/07/B53-01.jpg","https://saakshakinni.com/wp-content/uploads/2026/07/F53-01.jpg","0","0"
"30048","Novella Dress","26AW_041_R","https://saakshakinni.com/product/novella-dress/","variable","17500","17500","17500","False","INR",,,"DRESSES | REVERIE","SIZE: L, M, S, XL, XS, XXL, XXXL | Notes: - | Delivery: Made to order. Delivery takes 4 weeks | Care: Dry Clean Only","Floral Print Soft Flare Shift Dress With Intricate Hand Applique Cutout Shoulder And Sleeve Embroidery Material – Stretch Cotton Composition – 95% Cotton, 5% Lycra Color – Yellow Slight imperfections or variations in the colour, print and texture of the textile are inherent to the characteristics of the fabric and add to the unique design of every piece Model’s height : 5’9 Model is wearing : Size S NOTE : Please mention your height with heels while placing your order.","","https://saakshakinni.com/wp-content/uploads/2026/07/F51-01.jpg | https://saakshakinni.com/wp-content/uploads/2026/07/F51-02.jpg | https://saakshakinni.com/wp-content/uploads/2026/07/F51-03.jpg | https://saakshakinni.com/wp-content/uploads/2026/07/F51-04.jpg | https://saakshakinni.com/wp-content/uploads/2026/07/F51-05.jpg | https://saakshakinni.com/wp-content/uploads/2026/07/F51-06.jpg | https://saakshakinni.com/wp-content/uploads/2026/07/F51-07.jpg | https://saakshakinni.com/wp-content/uploads/2026/07/B51-01.jpg","https://saakshakinni.com/wp-content/uploads/2026/07/F51-01.jpg","0","0"
"30046","Louisa Dress","26AW_014_R","https://saakshakinni.com/product/louisa-dress/","variable","15500","15500","15500","False","INR",,,"DRESSES | REVERIE","SIZE: L, M, S, XL, XS, XXL, XXXL | Notes: - | Delivery: Made to order. Delivery takes 4 weeks | Care: Dry Clean Only","Leheriya Inspired Print Short Dress With Bell Sleeves And High Neck Material – Stretch Jersey Composition – 82% Polyester, 18% Lycra Color – Orange Slight imperfections or variations in the colour, print and texture of the textile are inherent to the characteristics of the fabric and add to the unique design of every piece Model’s height : 5’9 Model is wearing : Size S NOTE : Please mention your height with heels while placing your order.","","https://saakshakinni.com/wp-content/uploads/2026/07/F46-01.jpg | https://saakshakinni.com/wp-content/uploads/2026/07/F46-02.jpg | https://saakshakinni.com/wp-content/uploads/2026/07/F46-03.jpg | https://saakshakinni.com/wp-content/uploads/2026/07/F46-04.jpg | https://saakshakinni.com/wp-content/uploads/2026/07/F46-05.jpg | https://saakshakinni.com/wp-content/uploads/2026/07/B46-01.jpg","https://saakshakinni.com/wp-content/uploads/2026/07/F46-01.jpg","0","0"
"30036","Juliana Dress","26AW_034_R","https://saakshakinni.com/product/juliana-dress/","variable","34500","34500","34500","False","INR",,,"DRESSES | REVERIE","SIZE: L, M, S, XL, XS, XXL, XXXL | Notes: - | Delivery: Made to order. Delivery takes 4 weeks | Care: Dry Clean Only","Floral Print One Shoulder Short, Soft Flared Dress With Criss Cross Pleated Bodice And Soft Balloon Sleeve Material – Chiffon Composition – 100% Cupro Color – Multi Slight imperfections or variations in the colour, print and texture of the textile are inherent to the characteristics of the fabric and add to the unique design of every piece Model’s height : 5’9 Model is wearing : Size S NOTE : Please mention your height with heels while placing your order.","","https://saakshakinni.com/wp-content/uploads/2026/07/F39-01.jpg | https://saakshakinni.com/wp-content/uploads/2026/07/F39-02.jpg | https://saakshakinni.com/wp-content/uploads/2026/07/F39-03.jpg | https://saakshakinni.com/wp-content/uploads/2026/07/F39-04.jpg | https://saakshakinni.com/wp-content/uploads/2026/07/F39-05.jpg | https://saakshakinni.com/wp-content/uploads/2026/07/F39-06.jpg | https://saakshakinni.com/wp-content/uploads/2026/07/F39-07.jpg | https://saakshakinni.com/wp-content/uploads/2026/07/B39-01.jpg","https://saakshakinni.com/wp-content/uploads/2026/07/F39-01.jpg","0","0"
"30092","Monica Blouse &#038; Scottie Skirt","26AW_035_R / 26AW_076_R","https://saakshakinni.com/product/monica-blouse-scottie-skirt/","variable","16500","16500","16500","False","INR",,,"BLOUSE | REVERIE | SKIRTS","SET: Blouse, Skirt, Full Set | SIZE: L, M, S, XL, XS, XXL, XXXL | Notes: - | Delivery: Made to order. Delivery takes 4 weeks | Care: Dry Clean Only","BLOUSE : Floral Print Hand Micro Pleat Kaftan Style Blouse With Adjustable Drawstring Waist & Sleeves, And Front Zip Closure Material – Stretch Jersey Composition – 82% Polyester, 18% Lycra Color – Multi SKIRT : Skirt ; High Waist, Soft Flare Skirt With Intrciate Hand Applique Cutout Detailing Material – Stretch Cotton Composition – 95% Cotton, 5% Lycra Color – White/Multi Slight imperfections or variations in the colour, print and texture of the textile are inherent to the characteristics of the fabric and add to the unique design of every piece Model’s height : 5’9 Model is wearing : Size S NOTE : Please mention your height with heels while placing your order.","","https://saakshakinni.com/wp-content/uploads/2026/07/F48-01.jpg | https://saakshakinni.com/wp-content/uploads/2026/07/F48-02.jpg | https://saakshakinni.com/wp-content/uploads/2026/07/F48-03.jpg | https://saakshakinni.com/wp-content/uploads/2026/07/F48-04.jpg | https://saakshakinni.com/wp-content/uploads/2026/07/F48-05.jpg | https://saakshakinni.com/wp-content/uploads/2026/07/F48-06.jpg | https://saakshakinni.com/wp-content/uploads/2026/07/B48-01.jpg","https://saakshakinni.com/wp-content/uploads/2026/07/F48-01.jpg","0","0"
"30080","Cosima Blouse &#038; Bex Jeans","26AW_012_R / 26AW_060_R","https://saakshakinni.com/product/cosima-blouse-bex-jeans/","variable","29500","29500","29500","False","INR",,,"BLOUSE | JEANS | REVERIE","SET: Blouse, Jeans, Full Set | SIZE: L, M, S, XL, XS, XXL, XXXL | Notes: - | Delivery: Made to order. Delivery takes 4 weeks | Care: Dry Clean Only","BLOUSE : Leheriya Inspired Print Deep V Neck Blouse, With Hand Embroidered Mirror And Coin Neckline Detailing And Hand Made Fabric Tassle Overlay Material – Chiffon / Stretch Cotton Composition – 100% Cupro / 95% Cotton, 5% Lycra Color – Blue JEANS : High Waist Jeans With Intricate Hand Embroidered Floral Motif, Cutwork Applique Detailing Material – Denim Composition – 100% Cotton Color – Blue Slight imperfections or variations in the colour, print and texture of the textile are inherent to the characteristics of the fabric and add to the unique design of every piece Model’s height : 5’9 Model is wearing : Size S NOTE : Please mention your height with heels while placing your order.","","https://saakshakinni.com/wp-content/uploads/2026/07/F42-01.jpg | https://saakshakinni.com/wp-content/uploads/2026/07/F42-02.jpg | https://saakshakinni.com/wp-content/uploads/2026/07/F42-03.jpg | https://saakshakinni.com/wp-content/uploads/2026/07/F42-04.jpg | https://saakshakinni.com/wp-content/uploads/2026/07/F42-05.jpg | https://saakshakinni.com/wp-content/uploads/2026/07/F42-06.jpg | https://saakshakinni.com/wp-content/uploads/2026/07/F42-07.jpg | https://saakshakinni.com/wp-content/uploads/2026/07/F42-08.jpg | https://saakshakinni.com/wp-content/uploads/2026/07/B42-01.jpg","https://saakshakinni.com/wp-content/uploads/2026/07/F42-01.jpg","0","0"
"30076","Raven Blouse &#038; Saylor Palazzo","26AW_021_R / 26AW_074_R","https://saakshakinni.com/product/raven-blouse-saylor-palazzo/","variable","17500","17500","17500","False","INR",,,"BLOUSE | PANTS | REVERIE","SET: Blouse, Palazzo, Full Set | SIZE: L, M, S, XL, XS, XXL, XXXL | Notes: - | Delivery: Made to order. Delivery takes 4 weeks | Care: Dry Clean Only","BLOUSE : Leheriya Inspired Print Sleeveless Blouse With Surplice Bustier And Hand Made Fabric Tassle Overlay With Low Open Back Framed By Delicate Criss Cross Straps Material – Habutai Composition – 100% Viscose Color – Lime Green PALAZZO : Leheriya Inspired Print High Waist, Wide Leg Palazzo Material – Stretch Cotton Composition – 95% Cotton, 5% Lycra Color – Lime Green Slight imperfections or variations in the colour, print and texture of the textile are inherent to the characteristics of the fabric and add to the unique design of every piece Model’s height : 5’9 Model is wearing : Size S NOTE : Please mention your height with heels while placing your order.","","https://saakshakinni.com/wp-content/uploads/2026/07/F38-01.jpg | https://saakshakinni.com/wp-content/uploads/2026/07/F38-02.jpg | https://saakshakinni.com/wp-content/uploads/2026/07/F38-03.jpg | https://saakshakinni.com/wp-content/uploads/2026/07/F38-04.jpg | https://saakshakinni.com/wp-content/uploads/2026/07/F38-05.jpg | https://saakshakinni.com/wp-content/uploads/2026/07/F38-06.jpg | https://saakshakinni.com/wp-content/uploads/2026/07/F38-07.jpg | https://saakshakinni.com/wp-content/uploads/2026/07/B38-01.jpg","https://saakshakinni.com/wp-content/uploads/2026/07/F38-01.jpg","0","0"
"30072","Jules Blouse &#038; Delaney Skirt","26AW_008_R / 26AW_046_R","https://saakshakinni.com/product/jules-blouse-delaney-skirt/","variable","7000","7000","7000","False","INR",,,"BLOUSE | REVERIE | SKIRTS","SET: Blouse, Skirt, Full Set | SIZE: L, M, S, XL, XS, XXL, XXXL | Notes: - | Delivery: Made to order. Delivery takes 4 weeks | Care: Dry Clean Only","BLOUSE : Leheriya Inspired Print Incut, Sleeveless Crop Blouse Material – Stretch Jersey Composition – 82% Polyester, 18% Lycra Color – Blue SKIRT : Multi Print Patchwork Maxi Skirt With Fitted Waist And Soft Flare Material – Stretch Jersey / Habutai Composition – 82% Polyester, 18% Lycra / 100% Viscose Color – Multi Slight imperfections or variations in the colour, print and texture of the textile are inherent to the characteristics of the fabric and add to the unique design of every piece Model’s height : 5’9 Model is wearing : Size S NOTE : Please mention your height with heels while placing your order.","","https://saakshakinni.com/wp-content/uploads/2026/07/F37-01.jpg | https://saakshakinni.com/wp-content/uploads/2026/07/F37-02.jpg | https://saakshakinni.com/wp-content/uploads/2026/07/F37-03.jpg | https://saakshakinni.com/wp-content/uploads/2026/07/F37-04.jpg | https://saakshakinni.com/wp-content/uploads/2026/07/F37-05.jpg | https://saakshakinni.com/wp-content/uploads/2026/07/F37-06.jpg | https://saakshakinni.com/wp-content/uploads/2026/07/F37-07.jpg | https://saakshakinni.com/wp-content/uploads/2026/07/F37-08.jpg | https://saakshakinni.com/wp-content/uploads/2026/07/F37-09.jpg | https://saakshakinni.com/wp-content/uploads/2026/07/B37-01.jpg","https://saakshakinni.com/wp-content/uploads/2026/07/F37-01.jpg","0","0"
"30068","Bellamy Shirt &#038; Bex Jeans","26AW_073_R / 26AW_060_R","https://saakshakinni.com/product/bellamy-shirt-bex-jeans/","variable","18000","18000","18000","False","INR",,,"JEANS | REVERIE | SHIRT","SET: Shirt, Jeans, Full Set | SIZE: L, M, S, XL, XS, XXL, XXXL | Notes: - | Delivery: Made to order. Delivery takes 4 weeks | Care: Dry Clean Only","SHIRT : Floral Print Batwing Sleeve Semi Sheer Collared Shirt Material – Silk Organza / Stretch Cotton Composition – 100% Silk / 95% Cotton, 5% Lycra Color – Multi JEANS : High Waist Jeans With Intricate Hand Embroidered Floral Motif, Cutwork Applique Detailing Material – Denim Composition – 100% Cotton Color – Blue Slight imperfections or variations in the colour, print and texture of the textile are inherent to the characteristics of the fabric and add to the unique design of every piece Model’s height : 5’9 Model is wearing : Size S NOTE : Please mention your height with heels while placing your order.","","https://saakshakinni.com/wp-content/uploads/2026/07/F35-01.jpg | https://saakshakinni.com/wp-content/uploads/2026/07/F35-02.jpg | https://saakshakinni.com/wp-content/uploads/2026/07/F35-03.jpg | https://saakshakinni.com/wp-content/uploads/2026/07/F35-04.jpg | https://saakshakinni.com/wp-content/uploads/2026/07/F35-05.jpg | https://saakshakinni.com/wp-content/uploads/2026/07/B35-01.jpg","https://saakshakinni.com/wp-content/uploads/2026/07/F35-01.jpg","0","0"
"30064","Clover Trench &#038; Bex Jeans","26AW_001_R / 26AW_060_R","https://saakshakinni.com/product/clover-trench-bex-jeans/","variable","29500","29500","29500","False","INR",,,"JEANS | REVERIE | TRENCH","SET: Trench, Jeans, Full Set | SIZE: L, M, S, XL, XS, XXL, XXXL | Notes: - | Delivery: Made to order. Delivery takes 4 weeks | Care: Dry Clean Only","TRENCH : Leheriya Inspired Print, Quilted Trench Coat With Stitch Detailing And Detatchable Belt Material – Habutai Composition – 100% Viscose Color – Red JEANS : High Waist Jeans With Intricate Hand Embroidered Floral Motif, Cutwork Applique Detailing Material – Denim Composition – 100% Cotton Color – Blue Slight imperfections or variations in the colour, print and texture of the textile are inherent to the characteristics of the fabric and add to the unique design of every piece Model’s height : 5’9 Model is wearing : Size S NOTE : Please mention your height with heels while placing your order.","","https://saakshakinni.com/wp-content/uploads/2026/07/F34_01.jpg | https://saakshakinni.com/wp-content/uploads/2026/07/F34_02.jpg | https://saakshakinni.com/wp-content/uploads/2026/07/F34_03.jpg | https://saakshakinni.com/wp-content/uploads/2026/07/F34_04.jpg | https://saakshakinni.com/wp-content/uploads/2026/07/F34_05.jpg | https://saakshakinni.com/wp-content/uploads/2026/07/F34_06.jpg | https://saakshakinni.com/wp-content/uploads/2026/07/F34_07.jpg | https://saakshakinni.com/wp-content/uploads/2026/07/F34_08.jpg | https://saakshakinni.com/wp-content/uploads/2026/07/F34_09.jpg | https://saakshakinni.com/wp-content/uploads/2026/07/F34_10.jpg | https://saakshakinni.com/wp-content/uploads/2026/07/F34_11.jpg | https://saakshakinni.com/wp-content/uploads/2026/07/B34_01.jpg","https://saakshakinni.com/wp-content/uploads/2026/07/F34_01.jpg","0","0"
"30060","Kenzie Bodysuit &#038; Leni Cape","26AW_071_R / 26AW_039_R","https://saakshakinni.com/product/kenzie-bodysuit-leni-cape/","variable","16000","16000","16000","False","INR",,,"BODYSUIT | CAPES | REVERIE","SET: Bodysuit, Cape, Full Set | SIZE: L, M, S, XL, XS, XXL, XXXL | Notes: - | Delivery: Made to order. Delivery takes 4 weeks | Care: Dry Clean Only","BODYSUIT : Floral Print, Long Sleeved Bodysuit With Plunging Neckline Material – Stretch Jersey Composition – 82% Polyester, 18% Lycra Color – Multi CAPE : Floral Print, Open Side Kaftan Style Cape With Hand Made Fabric Tassle Detailing Material – Habutai Composition – 100% Viscose Color – Multi Slight imperfections or variations in the colour, print and texture of the textile are inherent to the characteristics of the fabric and add to the unique design of every piece Model’s height : 5’9 Model is wearing : Size S NOTE : Please mention your height with heels while placing your order.","","https://saakshakinni.com/wp-content/uploads/2026/07/F32-01.jpg | https://saakshakinni.com/wp-content/uploads/2026/07/F32-02.jpg | https://saakshakinni.com/wp-content/uploads/2026/07/F32-03.jpg | https://saakshakinni.com/wp-content/uploads/2026/07/F32-04.jpg | https://saakshakinni.com/wp-content/uploads/2026/07/F32-05.jpg | https://saakshakinni.com/wp-content/uploads/2026/07/F32-06.jpg | https://saakshakinni.com/wp-content/uploads/2026/07/B32-01.jpg","https://saakshakinni.com/wp-content/uploads/2026/07/F32-01.jpg","0","0"
"30116","Jamie Blouse &#038; Lainey Skirt","26AW_019_R / 26AW_016_R","https://saakshakinni.com/product/jamie-blouse-lainey-skirt/","variable","7000","7000","7000","False","INR",,,"BLOUSE | REVERIE | SKIRTS","SET: Blouse, Skirt, Full Set | SIZE: L, M, S, XL, XS, XXL, XXXL | Notes: - | Delivery: Made to order. Delivery takes 4 weeks | Care: Dry Clean Only","BLOUSE : Leheriya Inspired Print Incut, Sleeveless Crop Blouse Material – Stretch Jersey Composition – 82% Polyester, 18% Lycra Color – Lime Green SKIRT : High Waist Leheriya Inspired Print Maxi Skirt With Hand Applique Cutout Detail And Soft Flare Material – Stretch Cotton Composition – 95% Cotton, 5% Lycra Color – Lime Green Slight imperfections or variations in the colour, print and texture of the textile are inherent to the characteristics of the fabric and add to the unique design of every piece Model’s height : 5’9 Model is wearing : Size S NOTE : Please mention your height with heels while placing your order.","","https://saakshakinni.com/wp-content/uploads/2026/07/F57-01.jpg | https://saakshakinni.com/wp-content/uploads/2026/07/F57-02.jpg | https://saakshakinni.com/wp-content/uploads/2026/07/F57-03.jpg | https://saakshakinni.com/wp-content/uploads/2026/07/F57-04.jpg | https://saakshakinni.com/wp-content/uploads/2026/07/F57-05.jpg | https://saakshakinni.com/wp-content/uploads/2026/07/F57-06.jpg | https://saakshakinni.com/wp-content/uploads/2026/07/F57-07.jpg | https://saakshakinni.com/wp-content/uploads/2026/07/F57-08.jpg | https://saakshakinni.com/wp-content/uploads/2026/07/B57-01.jpg","https://saakshakinni.com/wp-content/uploads/2026/07/F57-01.jpg","0","0"
"30112","Kenzie Swimsuit &#038; Leni Cape","26AW_071_R / 26AW_039_R","https://saakshakinni.com/product/kenzie-swimsuit-leni-cape/","variable","16000","16000","16000","False","INR",,,"CAPES | REVERIE | SWIM","SET: Swimsuit, Cape, Full Set | SIZE: L, M, S, XL, XS, XXL, XXXL | Notes: - | Delivery: Made to order. Delivery takes 4 weeks | Care: Dry Clean Only","SWIMSUIT : Floral Print, Long Sleeved Bodysuit With Plunging Neckline Material – Stretch Jersey Composition – 82% Polyester, 18% Lycra Color – Multi CAPE : Floral Print, Open Side Kaftan Style Cape With Hand Made Fabric Tassle Detailing Material – Habutai Composition – 100% Viscose Color – Multi Slight imperfections or variations in the colour, print and texture of the textile are inherent to the characteristics of the fabric and add to the unique design of every piece Model’s height : 5’9 Model is wearing : Size S NOTE : Please mention your height with heels while placing your order.","","https://saakshakinni.com/wp-content/uploads/2026/07/F56-01.jpg | https://saakshakinni.com/wp-content/uploads/2026/07/F56-02.jpg | https://saakshakinni.com/wp-content/uploads/2026/07/F56-03.jpg | https://saakshakinni.com/wp-content/uploads/2026/07/F56-04.jpg | https://saakshakinni.com/wp-content/uploads/2026/07/F56-05.jpg | https://saakshakinni.com/wp-content/uploads/2026/07/F56-06.jpg | https://saakshakinni.com/wp-content/uploads/2026/07/F56-07.jpg | https://saakshakinni.com/wp-content/uploads/2026/07/F56-08.jpg | https://saakshakinni.com/wp-content/uploads/2026/07/F56-09.jpg | https://saakshakinni.com/wp-content/uploads/2026/07/B56-01.jpg | https://saakshakinni.com/wp-content/uploads/2026/07/B56-02.jpg","https://saakshakinni.com/wp-content/uploads/2026/07/F56-01.jpg","0","0"
"30104","Logan Blouse &#038; Bex Jeans","26AW_077_R / 26AW_060_R","https://saakshakinni.com/product/logan-blouse-bex-jeans/","variable","18500","18500","18500","False","INR",,,"BLOUSE | JEANS | REVERIE","SET: Blouse, Jeans, Full Set | SIZE: L, M, S, XL, XS, XXL, XXXL | Notes: - | Delivery: Made to order. Delivery takes 4 weeks | Care: Dry Clean Only","BLOUSE : Peplum Style Shirt With Intricate Stitch Embroidered Hem Material – Stretch Cotton Composition – 95% Cotton, 5% Lycra Color – White JEANS : High Waist Jeans With Intricate Hand Embroidered Floral Motif, Cutwork Applique Detailing Material – Denim Composition – 100% Cotton Color – Blue Slight imperfections or variations in the colour, print and texture of the textile are inherent to the characteristics of the fabric and add to the unique design of every piece Model’s height : 5’9 Model is wearing : Size S NOTE : Please mention your height with heels while placing your order.","","https://saakshakinni.com/wp-content/uploads/2026/07/F52-01.jpg | https://saakshakinni.com/wp-content/uploads/2026/07/F52-02.jpg | https://saakshakinni.com/wp-content/uploads/2026/07/F52-03.jpg | https://saakshakinni.com/wp-content/uploads/2026/07/F52-04.jpg | https://saakshakinni.com/wp-content/uploads/2026/07/F52-05.jpg | https://saakshakinni.com/wp-content/uploads/2026/07/F52-06.jpg | https://saakshakinni.com/wp-content/uploads/2026/07/F52-07.jpg | https://saakshakinni.com/wp-content/uploads/2026/07/B52-01.jpg","https://saakshakinni.com/wp-content/uploads/2026/07/F52-01.jpg","0","0"
"30100","Gigi Blouse &#038; Dracy Skirt","26AW_007_R / 26AW_009_R","https://saakshakinni.com/product/gigi-blouse-dracy-skirt-2/","variable","10000","10000","10000","False","INR",,,"BLOUSE | REVERIE | SKIRTS","SET: Blouse, Skirt, Full Set | SIZE: L, M, S, XL, XS, XXL, XXXL | Notes: - | Delivery: Made to order. Delivery takes 4 weeks | Care: Dry Clean Only","BLOUSE : Leheriya Inspired Printed, Tshirt Style Long Sleeve, Boat Neck Blouse Material – Stretch Jersey Composition – 82% Polyester, 18% Lycra Color – Blue SKIRT : Leheriya Inspired Printed High Waist, Soft Flare Maxi Skirt Material – Stretch Cotton Composition – 95% Cotton, 5% Lycra Color – Blue Slight imperfections or variations in the colour, print and texture of the textile are inherent to the characteristics of the fabric and add to the unique design of every piece Model’s height : 5’9 Model is wearing : Size S NOTE : Please mention your height with heels while placing your order.","","https://saakshakinni.com/wp-content/uploads/2026/07/F50-01.jpg | https://saakshakinni.com/wp-content/uploads/2026/07/F50-02.jpg | https://saakshakinni.com/wp-content/uploads/2026/07/F50-03.jpg | https://saakshakinni.com/wp-content/uploads/2026/07/F50-04.jpg | https://saakshakinni.com/wp-content/uploads/2026/07/F50-05.jpg | https://saakshakinni.com/wp-content/uploads/2026/07/F50-06.jpg | https://saakshakinni.com/wp-content/uploads/2026/07/B50-01.jpg","https://saakshakinni.com/wp-content/uploads/2026/07/F50-01.jpg","0","0"
"30096","Cosima Blouse &#038; Magnolia Lehenga Skirt","26AW_027_R / 26AW_025_R","https://saakshakinni.com/product/cosima-blouse-magnolia-lehenga-skirt/","variable","21500","21500","21500","False","INR",,,"BLOUSE | REVERIE | SKIRTS","SET: Blouse, Lehenga Skirt, Full Set | SIZE: L, M, S, XL, XS, XXL, XXXL | Notes: - | Delivery: Made to order. Delivery takes 4 weeks | Care: Dry Clean Only","BLOUSE : Leheriya Inspired Print Deep V Neck Blouse, With Hand Embroidered Mirror And Coin Neckline Detailing And Hand Made Fabric Tassle Overlay Material – Chiffon Composition – 100% Cupro Color – Green LEHENGA SKIRT : Floral Print High Waist Lehenga Skirt With Pockets Material – Chanderi Composition – 88% Cottom, 12% Silk Color – Green Slight imperfections or variations in the colour, print and texture of the textile are inherent to the characteristics of the fabric and add to the unique design of every piece Model’s height : 5’9 Model is wearing : Size S NOTE : Please mention your height with heels while placing your order.","","https://saakshakinni.com/wp-content/uploads/2026/07/F49-01.jpg | https://saakshakinni.com/wp-content/uploads/2026/07/F49-02.jpg | https://saakshakinni.com/wp-content/uploads/2026/07/F49-03.jpg | https://saakshakinni.com/wp-content/uploads/2026/07/F49-04.jpg | https://saakshakinni.com/wp-content/uploads/2026/07/F49-06.jpg | https://saakshakinni.com/wp-content/uploads/2026/07/F49-07.jpg | https://saakshakinni.com/wp-content/uploads/2026/07/F49-08.jpg | https://saakshakinni.com/wp-content/uploads/2026/07/F49-09.jpg | https://saakshakinni.com/wp-content/uploads/2026/07/B49-01.jpg","https://saakshakinni.com/wp-content/uploads/2026/07/F49-01.jpg","0","0"
"30088","Raven Blouse &#038; Agatha Sari","26AW_021_R / 26AW_022_R","https://saakshakinni.com/product/raven-blouse-agatha-sari/","variable","18000","18000","18000","False","INR",,,"BLOUSE | REVERIE | SARI","SET: Blouse, Sari, Full Set | SIZE: L, M, S, XL, XS, XXL, XXXL | Notes: - | Delivery: Made to order. Delivery takes 4 weeks | Care: Dry Clean Only","BLOUSE : Leheriya Inspired Print Sleeveless Blouse With Surplice Bustier And Hand Made Fabric Tassle Overlay With Low Open Back Framed By Delicate Criss Cross Straps Material – Habutai Composition – 100% Viscose Color – Lime Green SARI : Sari Leheriya Inspired Print Pre Draped Sari Material – Silk Organza Composition – 100% Silk Color – Lime Green Slight imperfections or variations in the colour, print and texture of the textile are inherent to the characteristics of the fabric and add to the unique design of every piece Model’s height : 5’9 Model is wearing : Size S NOTE : Please mention your height with heels while placing your order.","","https://saakshakinni.com/wp-content/uploads/2026/07/F47-01.jpg | https://saakshakinni.com/wp-content/uploads/2026/07/F47-02.jpg | https://saakshakinni.com/wp-content/uploads/2026/07/F47-03.jpg | https://saakshakinni.com/wp-content/uploads/2026/07/F47-04.jpg | https://saakshakinni.com/wp-content/uploads/2026/07/F47-05.jpg | https://saakshakinni.com/wp-content/uploads/2026/07/F47-06.jpg | https://saakshakinni.com/wp-content/uploads/2026/07/F47-07.jpg | https://saakshakinni.com/wp-content/uploads/2026/07/F47-08.jpg | https://saakshakinni.com/wp-content/uploads/2026/07/F47-09.jpg | https://saakshakinni.com/wp-content/uploads/2026/07/F47-010.jpg | https://saakshakinni.com/wp-content/uploads/2026/07/F47-011.jpg | https://saakshakinni.com/wp-content/uploads/2026/07/B47-01.jpg | https://saakshakinni.com/wp-content/uploads/2026/07/B47-02.jpg","https://saakshakinni.com/wp-content/uploads/2026/07/F47-01.jpg","0","0"
"30084","Astrid Blouse &#038; Roux Trousers","26AW_032_R / 26AW_031_R","https://saakshakinni.com/product/astrid-blouse-roux-trousers/","variable","12500","12500","12500","False","INR",,,"BLOUSE | REVERIE | TROUSERS","SET: Blouse, Trousers, Full Set | SIZE: L, M, S, XL, XS, XXL, XXXL | Notes: - | Delivery: Made to order. Delivery takes 4 weeks | Care: Dry Clean Only","BLOUSE : Floral Print Peplum Style Shirt With Intricate Stitch Embroidered Hem Material – Stretch Cotton (Lycra) Composition – 95% Cotton, 5% Lycra Color – Multi TROUSERS : Floral Print, High Waist Trousers With Side Pockets Material – Stretch Cotton (Lycra) Composition – 95% Cotton, 5% Lycra Color – Multi Slight imperfections or variations in the colour, print and texture of the textile are inherent to the characteristics of the fabric and add to the unique design of every piece Model’s height : 5’9 Model is wearing : Size S NOTE : Please mention your height with heels while placing your order.","","https://saakshakinni.com/wp-content/uploads/2026/07/F45-01.jpg | https://saakshakinni.com/wp-content/uploads/2026/07/F45-02.jpg | https://saakshakinni.com/wp-content/uploads/2026/07/F45-03.jpg | https://saakshakinni.com/wp-content/uploads/2026/07/F45-04.jpg | https://saakshakinni.com/wp-content/uploads/2026/07/F45-05.jpg | https://saakshakinni.com/wp-content/uploads/2026/07/F45-06.jpg | https://saakshakinni.com/wp-content/uploads/2026/07/B45-01.jpg","https://saakshakinni.com/wp-content/uploads/2026/07/F45-01.jpg","0","0"
"30130","Melanine Bustier, Leni Cape &#038; Quincy Skirt","26AW_061_R / 26AW_039_R / 26AW_078_R","https://saakshakinni.com/product/melanine-bustier-leni-cape-quincy-skirt/","variable","20500","20500","20500","False","INR",,,"BUSTIER | CAPES | REVERIE | SKIRTS","SET: Bustier, Cape, Skirt, Full Set | SIZE: L, M, S, XL, XS, XXL, XXXL | Notes: - | Delivery: Made to order. Delivery takes 4 weeks | Care: Dry Clean Only","BUSTIER : Intricate Mirror, Coin And Stitch Detail Hand Embroidered, Square Neck Bustier Material – Cotton Silk Composition – 67% Lenzing Modal, 33% Cupro Color – Multi CAPE : Floral Print, Open Side Kaftan Style Cape With Hand Made Fabric Tassle Detailing Material – Habutai Composition – 100% Viscose Color – Multi SKIRT : High Waist, Draped And Ruched Asymmetric Midi Skirt With Adjustable Tie Up Length Material – Silk Satin Composition – 100% Silk Color – White Slight imperfections or variations in the colour, print and texture of the textile are inherent to the characteristics of the fabric and add to the unique design of every piece Model’s height : 5’9 Model is wearing : Size S NOTE : Please mention your height with heels while placing your order.","","https://saakshakinni.com/wp-content/uploads/2026/07/F55-01.jpg | https://saakshakinni.com/wp-content/uploads/2026/07/F55-02.jpg | https://saakshakinni.com/wp-content/uploads/2026/07/F55-03.jpg | https://saakshakinni.com/wp-content/uploads/2026/07/F55-04.jpg | https://saakshakinni.com/wp-content/uploads/2026/07/F55-05.jpg | https://saakshakinni.com/wp-content/uploads/2026/07/F55-06.jpg | https://saakshakinni.com/wp-content/uploads/2026/07/F55-07.jpg | https://saakshakinni.com/wp-content/uploads/2026/07/F55-08.jpg | https://saakshakinni.com/wp-content/uploads/2026/07/F55-09.jpg | https://saakshakinni.com/wp-content/uploads/2026/07/B55-01.jpg | https://saakshakinni.com/wp-content/uploads/2026/07/B55-02.jpg","https://saakshakinni.com/wp-content/uploads/2026/07/F55-01.jpg","0","0"
"30125","Jamie Blouse, Rebekkah Blazer &#038; Sia Skort","26AW_019_R / 26AW_017_R / 26AW_079_R","https://saakshakinni.com/product/jamie-blouse-rebekkah-blazer-sia-skort/","variable","7000","7000","7000","False","INR",,,"BLOUSE | JACKETS | REVERIE | SKORT","SET: Blouse, Blazer, Skort, Full Set | SIZE: L, M, S, XL, XS, XXL, XXXL | Notes: - | Delivery: Made to order. Delivery takes 4 weeks | Care: Dry Clean Only","BLOUSE : Leheriya Inspired Print Incut, Sleeveless Crop Blouse Material – Stretch Jersey Composition – 82% Polyester, 18% Lycra Color – Lime Green BLAZER : Leheriya Inspired Print Relaxed Fit Blazer Material – Crepe Composition – 100% Viscose Color – Lime Green SKORT : Leheriya Inspired Print High Waist Skort Material – Stretch Cotton Composition – 95% Cotton, 5% Lycra Color – Lime Green Slight imperfections or variations in the colour, print and texture of the textile are inherent to the characteristics of the fabric and add to the unique design of every piece Model’s height : 5’9 Model is wearing : Size S NOTE : Please mention your height with heels while placing your order.","","https://saakshakinni.com/wp-content/uploads/2026/07/F60-01.jpg | https://saakshakinni.com/wp-content/uploads/2026/07/F60-02.jpg | https://saakshakinni.com/wp-content/uploads/2026/07/F60-03.jpg | https://saakshakinni.com/wp-content/uploads/2026/07/F60-04.jpg | https://saakshakinni.com/wp-content/uploads/2026/07/F60-05.jpg | https://saakshakinni.com/wp-content/uploads/2026/07/F60-06.jpg | https://saakshakinni.com/wp-content/uploads/2026/07/B60-01.jpg","https://saakshakinni.com/wp-content/uploads/2026/07/F60-01.jpg","0","0"
"30120","Lydia Blouse &#038; Cinora Skort","26AW_049_R / 26AW_050_R","https://saakshakinni.com/product/lydia-blouse-cinora-skort/","variable","11000","11000","11000","False","INR",,,"BLOUSE | REVERIE | SKORT","SET: Blouse, Skort, Full Set | SIZE: L, M, S, XL, XS, XXL, XXXL | Notes: - | Delivery: Made to order. Delivery takes 4 weeks | Care: Dry Clean Only","BLOUSE : Floral Print Overlap Style, Peplum Blouse With Detatchable Belt, And Intricate Stitch Embroidered Neckline Material – Habutai Composition – 100% Viscose Color – Multi SKORT : Floral Print High Waist Skort Material – Stretch Cotton Composition – 95% Cotton, 5% Lycra Color – Multi Slight imperfections or variations in the colour, print and texture of the textile are inherent to the characteristics of the fabric and add to the unique design of every piece Model’s height : 5’9 Model is wearing : Size S NOTE : Please mention your height with heels while placing your order.","","https://saakshakinni.com/wp-content/uploads/2026/07/F59-01.jpg | https://saakshakinni.com/wp-content/uploads/2026/07/F59-02.jpg | https://saakshakinni.com/wp-content/uploads/2026/07/F59-03.jpg | https://saakshakinni.com/wp-content/uploads/2026/07/F59-04.jpg | https://saakshakinni.com/wp-content/uploads/2026/07/F59-05.jpg | https://saakshakinni.com/wp-content/uploads/2026/07/F59-06.jpg | https://saakshakinni.com/wp-content/uploads/2026/07/F59-07.jpg | https://saakshakinni.com/wp-content/uploads/2026/07/B59-01.jpg","https://saakshakinni.com/wp-content/uploads/2026/07/F59-01.jpg","0","0"
"30108","Courtney Blazer &#038; Bex Jeans","26AW_055_R / 26AW_060_R","https://saakshakinni.com/product/courtney-blazer-bex-jeans/","variable","29500","29500","29500","False","INR",,,"JACKETS | JEANS | REVERIE","SET: Blazer, Jeans, Full Set | SIZE: L, M, S, XL, XS, XXL, XXXL | Notes: - | Delivery: Made to order. Delivery takes 4 weeks | Care: Dry Clean Only","BLAZER : Floral Print Relaxed Fit Blazer With Intricate Hand Applique Cutout Detailing Material – Crepe Composition – 100% Viscose Color – Multi JEANS : High Waist Jeans With Intricate Hand Embroidered Floral Motif, Cutwork Applique Detailing Material – Denim Composition – 100% Cotton Color – Blue Slight imperfections or variations in the colour, print and texture of the textile are inherent to the characteristics of the fabric and add to the unique design of every piece Model’s height : 5’9 Model is wearing : Size S NOTE : Please mention your height with heels while placing your order.","","https://saakshakinni.com/wp-content/uploads/2026/07/F54-01.jpg | https://saakshakinni.com/wp-content/uploads/2026/07/F54-02.jpg | https://saakshakinni.com/wp-content/uploads/2026/07/F54-03.jpg | https://saakshakinni.com/wp-content/uploads/2026/07/F54-04.jpg | https://saakshakinni.com/wp-content/uploads/2026/07/F54-05.jpg | https://saakshakinni.com/wp-content/uploads/2026/07/F54-06.jpg | https://saakshakinni.com/wp-content/uploads/2026/07/F54-07.jpg | https://saakshakinni.com/wp-content/uploads/2026/07/B54-01.jpg","https://saakshakinni.com/wp-content/uploads/2026/07/F54-01.jpg","0","0"
"29939","Zyra Dress","26SS_071_RC","https://saakshakinni.com/product/zyra-dress-2/","variable","34000","34000","34000","False","INR",,,"CELEB","SIZE: L, M, S, XL, XS, XXL, XXXL | Notes: - | Delivery: Made to order. Delivery takes 4 weeks | Care: Dry Clean Only","Sleeveless Closed Neck Fitted Bodice Maxi Dress With Multi Abstract Print Fabric Tassel Skirt Detailing Material – Lycra / Chiffon Color – Black/Multi Slight imperfections or variations in the colour, print and texture of the textile are inherent to the characteristics of the fabric and add to the unique design of every piece Model’s height : 5’9 Model is wearing : Size S NOTE : Please mention your height with heels while placing your order.","","https://saakshakinni.com/wp-content/uploads/2026/07/mira-1.jpeg | https://saakshakinni.com/wp-content/uploads/2026/07/mira-2.jpeg | https://saakshakinni.com/wp-content/uploads/2026/07/mira-3.jpeg | https://saakshakinni.com/wp-content/uploads/2026/03/022_F1.jpg | https://saakshakinni.com/wp-content/uploads/2026/03/022_F2.jpg | https://saakshakinni.com/wp-content/uploads/2026/03/022_B1.jpg | https://saakshakinni.com/wp-content/uploads/2026/03/022_F3.jpg | https://saakshakinni.com/wp-content/uploads/2026/03/022_F4.jpg | https://saakshakinni.com/wp-content/uploads/2026/03/022_F5.jpg | https://saakshakinni.com/wp-content/uploads/2026/03/022_F6.jpg","https://saakshakinni.com/wp-content/uploads/2026/07/mira-1.jpeg","0","0"
"29914","Lylla Dress","25AW011R_RTS","https://saakshakinni.com/product/lylla-dress-3/","variable","13500","22500","13500","True","INR",,,"SALE","SIZE: L, M, S, XL, XS, XXL, XXXL | Notes: - | Delivery: 1 Week | Care: Dry Clean Only","Multi Abstract Print Maxi, Collared Shirt Dress With 3/4 Sleeves Material – Cambric Color – Multi Slight imperfections or variations in the colour, print and texture of the textile are inherent to the characteristics of the fabric and add to the unique design of every piece Model’s height : 5’9 Model is wearing : Size S NOTE : Please mention your height with heels while placing your order.","","https://saakshakinni.com/wp-content/uploads/2025/08/008_F1.jpg | https://saakshakinni.com/wp-content/uploads/2025/08/008_F2.jpg | https://saakshakinni.com/wp-content/uploads/2025/08/008_F4.jpg | https://saakshakinni.com/wp-content/uploads/2025/08/008_F3.jpg | https://saakshakinni.com/wp-content/uploads/2025/08/008_B1.jpg","https://saakshakinni.com/wp-content/uploads/2025/08/008_F1.jpg","0","0"
"29910","Ziva Skirt","25SS091R_RTS","https://saakshakinni.com/product/ziva-skirt-2/","variable","10200","25500","10200","True","INR",,,"SALE","SET: Corset, Skirt, Full Set | SIZE: L, M, S, XL, XS, XXL, XXXL | Notes: - | Delivery: 1 Week | Care: Dry Clean Only","Abstract Floral Print Extra High Waist, Flared, Buttoned Down Maxi Skirt Material – Crepe Color – Ivory Slight imperfections or variations in the colour, print and texture of the textile are inherent to the characteristics of the fabric and add to the unique design of every piece Model’s height : 5’9 Model is wearing : Size S NOTE : Please mention your height with heels while placing your order.","","https://saakshakinni.com/wp-content/uploads/2025/02/036_F1.jpg | https://saakshakinni.com/wp-content/uploads/2025/02/036_F2.jpg | https://saakshakinni.com/wp-content/uploads/2025/02/036_F3.jpg | https://saakshakinni.com/wp-content/uploads/2025/02/036_F4.jpg | https://saakshakinni.com/wp-content/uploads/2025/02/036_B1.jpg","https://saakshakinni.com/wp-content/uploads/2025/02/036_F1.jpg","0","0"
"29906","Amora Dress","25AW020R_RTS","https://saakshakinni.com/product/amora-dress-2/","variable","23400","39000","23400","True","INR",,,"SALE","SIZE: L, M, S, XL, XS, XXL, XXXL | Notes: - | Delivery: 1 Week | Care: Dry Clean Only","Dual Floral Print Strapless, Sweetheart Neckline, Asymmetric Dress With Surplice Bodice Material – Chiffon Color – Orange Slight imperfections or variations in the colour, print and texture of the textile are inherent to the characteristics of the fabric and add to the unique design of every piece Model’s height : 5’9 Model is wearing : Size S NOTE : Please mention your height with heels while placing your order.","","https://saakshakinni.com/wp-content/uploads/2025/08/057_F1.jpg | https://saakshakinni.com/wp-content/uploads/2025/08/057_F2.jpg | https://saakshakinni.com/wp-content/uploads/2025/08/057_F3.jpg | https://saakshakinni.com/wp-content/uploads/2025/08/057_F4.jpg | https://saakshakinni.com/wp-content/uploads/2025/08/057_F5.jpg | https://saakshakinni.com/wp-content/uploads/2025/08/057_F6.jpg | https://saakshakinni.com/wp-content/uploads/2025/08/057_B1.jpg","https://saakshakinni.com/wp-content/uploads/2025/08/057_F1.jpg","0","0"
"29834","Loly Trousers","25AW057R_RTS","https://saakshakinni.com/product/loly-trousers-3/","variable","7500","12500","7500","True","INR",,,"SALE","SIZE: L, M, S, XL, XS, XXL, XXXL | SET: Shirt, Trousers, Full Set | Notes: Only Trousers | Delivery: 1 Week | Care: Dry Clean Only","Trousers : Abstract Stripe Print, High Waist Balloon Trousers With Pockets Material – Drill Color – Black & White Slight imperfections or variations in the colour, print and texture of the textile are inherent to the characteristics of the fabric and add to the unique design of every piece Model’s height : 5’9 Model is wearing : Size S NOTE : Please mention your height with heels while placing your order.","","https://saakshakinni.com/wp-content/uploads/2025/08/070_F1.jpg | https://saakshakinni.com/wp-content/uploads/2025/08/070_F2.jpg | https://saakshakinni.com/wp-content/uploads/2025/08/070_F3.jpg | https://saakshakinni.com/wp-content/uploads/2025/08/070_F4.jpg | https://saakshakinni.com/wp-content/uploads/2025/08/070_B1.jpg","https://saakshakinni.com/wp-content/uploads/2025/08/070_F1.jpg","0","0"
"29827","Vivi Dress","25AW019R_RTS","https://saakshakinni.com/product/vivi-dress-2/","variable","15600","26000","15600","True","INR",,,"SALE","SIZE: L, M, S, XL, XS, XXL, XXXL | Notes: - | Delivery: 1 Week | Care: Dry Clean Only","Abstract Stripe Print Maxi Dress With Sweetheart Neckline And Hand Embroidered Cut Work Applique Detailing Material – Cambric Color – Black & White Slight imperfections or variations in the colour, print and texture of the textile are inherent to the characteristics of the fabric and add to the unique design of every piece Model’s height : 5’9 Model is wearing : Size S NOTE : Please mention your height with heels while placing your order.","","https://saakshakinni.com/wp-content/uploads/2025/08/058_F1.jpg | https://saakshakinni.com/wp-content/uploads/2025/08/058_F2.jpg | https://saakshakinni.com/wp-content/uploads/2025/08/058_F3.jpg | https://saakshakinni.com/wp-content/uploads/2025/08/058_F4.jpg | https://saakshakinni.com/wp-content/uploads/2025/08/058_B1.jpg | https://saakshakinni.com/wp-content/uploads/2025/08/058_B2.jpg","https://saakshakinni.com/wp-content/uploads/2025/08/058_F1.jpg","0","0"
"29824","Julia Dress","25AW039R_RTS","https://saakshakinni.com/product/julia-dress-2/","variable","11700","19500","11700","True","INR",,,"SALE","SIZE: L, M, S, XL, XS, XXL, XXXL | Notes: - | Delivery: 1 Week | Care: Dry Clean Only","Abstract Print High Neck, Short Sleeved Summer Pleated Dress Material – Cambric / Cotton Silk Color – Multi Slight imperfections or variations in the colour, print and texture of the textile are inherent to the characteristics of the fabric and add to the unique design of every piece Model’s height : 5’9 Model is wearing : Size S NOTE : Please mention your height with heels while placing your order.","","https://saakshakinni.com/wp-content/uploads/2025/08/007_F1.jpg | https://saakshakinni.com/wp-content/uploads/2025/08/007_F2.jpg | https://saakshakinni.com/wp-content/uploads/2025/08/007_F4.jpg | https://saakshakinni.com/wp-content/uploads/2025/08/007_F3.jpg | https://saakshakinni.com/wp-content/uploads/2025/08/007_B1.jpg","https://saakshakinni.com/wp-content/uploads/2025/08/007_F1.jpg","0","0"
"29820","Loly Trousers","25AW059R_RTS","https://saakshakinni.com/product/loly-trousers-2/","variable","7500","12500","7500","True","INR",,,"SALE","SIZE: L, M, S, XL, XS, XXL, XXXL | SET: Shirt, Trousers, Full Set | Notes: Only Trousers | Delivery: 1 Week | Care: Dry Clean Only","High Waist Balloon Trousers With Pockets Material – Drill Color – Black Slight imperfections or variations in the colour, print and texture of the textile are inherent to the characteristics of the fabric and add to the unique design of every piece Model’s height : 5’9 Model is wearing : Size S NOTE : Please mention your height with heels while placing your order.","","https://saakshakinni.com/wp-content/uploads/2025/08/036_F1.jpg | https://saakshakinni.com/wp-content/uploads/2025/08/036_F2.jpg | https://saakshakinni.com/wp-content/uploads/2025/08/036_F6.jpg | https://saakshakinni.com/wp-content/uploads/2025/08/036_F5.jpg | https://saakshakinni.com/wp-content/uploads/2025/08/036_F4.jpg | https://saakshakinni.com/wp-content/uploads/2025/08/036_F3.jpg | https://saakshakinni.com/wp-content/uploads/2025/08/036_B1.jpg","https://saakshakinni.com/wp-content/uploads/2025/08/036_F1.jpg","0","0"
"29817","Ramie Dress","25AW001R_RTS","https://saakshakinni.com/product/ramie-dress-2/","variable","15600","26000","15600","True","INR",,,"SALE","SIZE: L, M, S, XL, XS, XXL, XXXL | Notes: - | Delivery: 1 Week | Care: Dry Clean Only","Abstract Placement Print, V Neck Sleevless Midi Dress Material – Cambric / Cotton Silk Color – Raspberry Red Slight imperfections or variations in the colour, print and texture of the textile are inherent to the characteristics of the fabric and add to the unique design of every piece Model’s height : 5’9 Model is wearing : Size S NOTE : Please mention your height with heels while placing your order.","","https://saakshakinni.com/wp-content/uploads/2025/08/041_F1.jpg | https://saakshakinni.com/wp-content/uploads/2025/08/041_F2.jpg | https://saakshakinni.com/wp-content/uploads/2025/08/041_F3.jpg | https://saakshakinni.com/wp-content/uploads/2025/08/041_B1.jpg","https://saakshakinni.com/wp-content/uploads/2025/08/041_F1.jpg","0","0"
"29809","Mac Blazer","25AW021R_RTS","https://saakshakinni.com/product/mac-blazer/","variable","17700","29500","17700","True","INR",,,"SALE","SIZE: L, M, S, XL, XS, XXL, XXXL | SET: Blazer, Palazzo, Full Set | Notes: Only Blazer | Delivery: 1 Week | Care: Dry Clean Only","Abstract Print Relaxed Fit Blazer Material – Crepe Color – Raspberry Red Slight imperfections or variations in the colour, print and texture of the textile are inherent to the characteristics of the fabric and add to the unique design of every piece Model’s height : 5’9 Model is wearing : Size S NOTE : Please mention your height with heels while placing your order.","","https://saakshakinni.com/wp-content/uploads/2025/08/019_F1.jpg | https://saakshakinni.com/wp-content/uploads/2025/08/019_F2.jpg | https://saakshakinni.com/wp-content/uploads/2025/08/019-F5.jpg | https://saakshakinni.com/wp-content/uploads/2025/08/019-F4.jpg | https://saakshakinni.com/wp-content/uploads/2025/08/019-F3.jpg | https://saakshakinni.com/wp-content/uploads/2025/08/019_F6.jpg | https://saakshakinni.com/wp-content/uploads/2025/08/019_B1.jpg","https://saakshakinni.com/wp-content/uploads/2025/08/019_F1.jpg","0","0"
"29804","Jenna Blazer &#038; Carlitta Skirt","25AW073R_RTS / 25AW099R_RTS","https://saakshakinni.com/product/jenna-blazer-carlitta-skirt/","variable","17100","28500","17100","True","INR",,,"SALE","SIZE: L, M, S, XL, XS, XXL, XXXL | SET: Blazer, Camisole, Skirt, Full Set | Notes: Camisole Not Included | Delivery: 1 Week | Care: Dry Clean Only","Blazer : Abstract Floral Print Relaxed Fit Blazer Material – Crepe Color – Multi Skirt : Abstract Floral Print Pleated Mini Skirt With Side Trail Detailing Material – Chiffon Color – Multi Slight imperfections or variations in the colour, print and texture of the textile are inherent to the characteristics of the fabric and add to the unique design of every piece Model’s height : 5’9 Model is wearing : Size S NOTE : Please mention your height with heels while placing your order.","","https://saakshakinni.com/wp-content/uploads/2025/08/072_F1.jpg | https://saakshakinni.com/wp-content/uploads/2025/08/072_F2.jpg | https://saakshakinni.com/wp-content/uploads/2025/08/072_F3.jpg | https://saakshakinni.com/wp-content/uploads/2025/08/072_F4.jpg | https://saakshakinni.com/wp-content/uploads/2025/08/072_F5.jpg | https://saakshakinni.com/wp-content/uploads/2025/08/072_B1.jpg","https://saakshakinni.com/wp-content/uploads/2025/08/072_F1.jpg","0","0"
"29797","Rowan Shorts","25AW100R_RTS","https://saakshakinni.com/product/rowan-shorts/","variable","8100","13500","8100","True","INR",,,"SALE","SIZE: L, M, S, XL, XS, XXL, XXXL | SET: Blazer, Camisole, Shorts, Full Set | Notes: Only Shorts | Delivery: 1 Week | Care: Dry Clean Only","Abstract Floral Print Tailored Bermuda Shorts With Pockets Material – Crepe Color – Multi Slight imperfections or variations in the colour, print and texture of the textile are inherent to the characteristics of the fabric and add to the unique design of every piece Model’s height : 5’9 Model is wearing : Size S NOTE : Please mention your height with heels while placing your order.","","https://saakshakinni.com/wp-content/uploads/2025/08/067_F1.jpg | https://saakshakinni.com/wp-content/uploads/2025/08/067_F2.jpg | https://saakshakinni.com/wp-content/uploads/2025/08/067_F3.jpg | https://saakshakinni.com/wp-content/uploads/2025/08/067_F4.jpg | https://saakshakinni.com/wp-content/uploads/2025/08/067_B1.jpg","https://saakshakinni.com/wp-content/uploads/2025/08/067_F1.jpg","0","0"
"29792","Miranda Blazer, Delfie Waistcoat &#038; Polina Trousers","25AW076R_RTS / 25AW036R_RTS / 25AW050R_RTS","https://saakshakinni.com/product/miranda-blazer-delfie-waistcoat-polina-trousers-2/","variable","8100","13500","8100","True","INR",,,"SALE","SIZE: L, M, S, XL, XS, XXL, XXXL | SET: Blazer, Waistcoat, Trousers, Full Set | Notes: - | Delivery: 1 Week | Care: Dry Clean Only","Blazer : Abstract Floral Print Relaxed Fit Blazer Material – Crepe Color – Multi Waistcoat : Abstract Floral Print Plunge Neck, Button Down Waistcoat Material – Crepe Color – Multi Trousers : Abstract Floral Print, High Waist Box Pleat, Wide Leg, 3/4 Length Trousers With Pockets Material – Crepe Color – Multi Slight imperfections or variations in the colour, print and texture of the textile are inherent to the characteristics of the fabric and add to the unique design of every piece Model’s height : 5’9 Model is wearing : Size S NOTE : Please mention your height with heels while placing your order.","","https://saakshakinni.com/wp-content/uploads/2025/08/023_F1.jpg | https://saakshakinni.com/wp-content/uploads/2025/08/023_F2.jpg | https://saakshakinni.com/wp-content/uploads/2025/08/023_F4.jpg | https://saakshakinni.com/wp-content/uploads/2025/08/023_F3.jpg | https://saakshakinni.com/wp-content/uploads/2025/08/023_B1.jpg","https://saakshakinni.com/wp-content/uploads/2025/08/023_F1.jpg","0","0"
"29778","Fiona Dress","25AW013R_RTS","https://saakshakinni.com/product/fiona-dress-2/","variable","15600","26000","15600","True","INR",,,"SALE","SIZE: L, M, S, XL, XS, XXL, XXXL | Notes: - | Delivery: 1 Week | Care: Dry Clean Only","Abstract Print Maxi Dress With Long Sleeves, Fitted Bodice And Cowl Neckline Material – Crepe / Chiffon Color – Ivory/Multi Slight imperfections or variations in the colour, print and texture of the textile are inherent to the characteristics of the fabric and add to the unique design of every piece Model’s height : 5’9 Model is wearing : Size S NOTE : Please mention your height with heels while placing your order.","","https://saakshakinni.com/wp-content/uploads/2025/08/048_F1.jpg | https://saakshakinni.com/wp-content/uploads/2025/08/048_F2.jpg | https://saakshakinni.com/wp-content/uploads/2025/08/048_F3.jpg | https://saakshakinni.com/wp-content/uploads/2025/08/048_F4.jpg | https://saakshakinni.com/wp-content/uploads/2025/08/048_F5.jpg | https://saakshakinni.com/wp-content/uploads/2025/08/048_F6.jpg | https://saakshakinni.com/wp-content/uploads/2025/08/048_B1.jpg","https://saakshakinni.com/wp-content/uploads/2025/08/048_F1.jpg","0","0"
"29763","Saylor Palazzo","25AW086R_RTS","https://saakshakinni.com/product/saylor-palazzo-2/","variable","10800","18000","10800","True","INR",,,"SALE","SIZE: L, M, S, XL, XS, XXL, XXXL | SET: Blouse, Palazzo, Full Set | Notes: Only Palazzos | Delivery: 1 Week | Care: Dry Clean Only","High Waist, Wide Leg Palazzo With Pockets Material – Polyester Color – White Slight imperfections or variations in the colour, print and texture of the textile are inherent to the characteristics of the fabric and add to the unique design of every piece Model’s height : 5’9 Model is wearing : Size S NOTE : Please mention your height with heels while placing your order.","","https://saakshakinni.com/wp-content/uploads/2025/08/074_F1.jpg | https://saakshakinni.com/wp-content/uploads/2025/08/074_F2.jpg | https://saakshakinni.com/wp-content/uploads/2025/08/074_F3.jpg | https://saakshakinni.com/wp-content/uploads/2025/08/074_F4.jpg | https://saakshakinni.com/wp-content/uploads/2025/08/074_F5.jpg | https://saakshakinni.com/wp-content/uploads/2025/08/074_B1.jpg","https://saakshakinni.com/wp-content/uploads/2025/08/074_F1.jpg","0","0"
"29758","Ember Shorts","25AW009R_RTS","https://saakshakinni.com/product/ember-shorts/","variable","6600","11000","6600","True","INR",,,"SALE","SIZE: L, M, S, XL, XS, XXL, XXXL | SET: Waistcoat, Shorts, Full Set | Notes: Only Shorts | Delivery: 1 Week | Care: Dry Clean Only","Abstract Scribble Print, High Waist Shorts With Pockets Material – Drill Color – Multi Slight imperfections or variations in the colour, print and texture of the textile are inherent to the characteristics of the fabric and add to the unique design of every piece Model’s height : 5’9 Model is wearing : Size S NOTE : Please mention your height with heels while placing your order.","","https://saakshakinni.com/wp-content/uploads/2025/08/044_F1.jpg | https://saakshakinni.com/wp-content/uploads/2025/08/044_F2.jpg | https://saakshakinni.com/wp-content/uploads/2025/08/044_F3.jpg | https://saakshakinni.com/wp-content/uploads/2025/08/044_B1.jpg","https://saakshakinni.com/wp-content/uploads/2025/08/044_F1.jpg","0","0"
"29756","Shailee Dress","25AW047R_RTS","https://saakshakinni.com/product/shailee-dress-8/","variable","13800","23000","13800","True","INR",,,"SALE","SIZE: L, M, S, XL, XS, XXL, XXXL | Notes: - | Delivery: 1 Week | Care: Dry Clean Only","Abstract Scribble Print Halter Neck Column Dress Material – Habutai / Cotton Silk Color – Multi Slight imperfections or variations in the colour, print and texture of the textile are inherent to the characteristics of the fabric and add to the unique design of every piece Model’s height : 5’9 Model is wearing : Size S NOTE : Please mention your height with heels while placing your order.","","https://saakshakinni.com/wp-content/uploads/2025/08/047_F1.jpg | https://saakshakinni.com/wp-content/uploads/2025/08/047_F2.jpg | https://saakshakinni.com/wp-content/uploads/2025/08/047_F3.jpg | https://saakshakinni.com/wp-content/uploads/2025/08/047_F4.jpg | https://saakshakinni.com/wp-content/uploads/2025/08/047_B1.jpg","https://saakshakinni.com/wp-content/uploads/2025/08/047_F1.jpg","0","0"
"29751","Rosetta Blouse &#038; Dracy Skirt","25AW027R_RTS / 25AW048R_RTS","https://saakshakinni.com/product/rosetta-blouse-dracy-skirt-2/","variable","9300","15500","9300","True","INR",,,"SALE","SIZE: L, M, S, XL, XS, XXL, XXXL | SET: Blouse, Skirt, Full Set | Notes: - | Delivery: 1 Week | Care: Dry Clean Only","Blouse : Abstract Scribble Print Boxy Style Sheer Blouse With 3/4 Sleeves (Lycra Slip Provided) Material – Organza Color – Multi Skirt : Abstract Floral Placement Print, High Waist, Flared Maxi Skirt Material – Poplin Color – Multi Slight imperfections or variations in the colour, print and texture of the textile are inherent to the characteristics of the fabric and add to the unique design of every piece Model’s height : 5’9 Model is wearing : Size S NOTE : Please mention your height with heels while placing your order.","","https://saakshakinni.com/wp-content/uploads/2025/08/035_F1.jpg | https://saakshakinni.com/wp-content/uploads/2025/08/035_F2.jpg | https://saakshakinni.com/wp-content/uploads/2025/08/035_F4.jpg | https://saakshakinni.com/wp-content/uploads/2025/08/035_F3.jpg | https://saakshakinni.com/wp-content/uploads/2025/08/035_B1.jpg","https://saakshakinni.com/wp-content/uploads/2025/08/035_F1.jpg","0","0"
"29743","Amina Blouse &#038; Loly Trousers","25AW007R_RTS / 25AW061R_RTS","https://saakshakinni.com/product/amina-blouse-loly-trousers-2/","variable","7500","12500","7500","True","INR",,,"SALE","SIZE: L, M, S, XL, XS, XXL, XXS, XXXL | SET: Blouse, Trousers, Full Set | Notes: - | Delivery: 1 Week | Care: Dry Clean Only","Blouse : Abstract Scribble Print Strapless, Asymmetric Pleated Blouse With Side Bow Detailing Material – Cambric Color – Multi Trousers : Abstract Floral Print High Waist Balloon Trousers With Pockets Material – Drill Color – Multi Slight imperfections or variations in the colour, print and texture of the textile are inherent to the characteristics of the fabric and add to the unique design of every piece Model’s height : 5’9 Model is wearing : Size S NOTE : Please mention your height with heels while placing your order.","","https://saakshakinni.com/wp-content/uploads/2025/08/042_F1.jpg | https://saakshakinni.com/wp-content/uploads/2025/08/042_F2.jpg | https://saakshakinni.com/wp-content/uploads/2025/08/042_F3.jpg | https://saakshakinni.com/wp-content/uploads/2025/08/042_B1.jpg","https://saakshakinni.com/wp-content/uploads/2025/08/042_F1.jpg","0","0"
"29733","Loly Trousers","25AW004R_RTS","https://saakshakinni.com/product/loly-trousers/","variable","7500","12500","7500","True","INR",,,"SALE","SIZE: L, M, S, XL, XS, XXL, XXXL | SET: Tunic, Trousers, Full Set | Notes: - | Delivery: 1 Week | Care: Dry Clean Only","Abstract Bird Print High Waist Balloon Trousers Material – Drill/Cambric Color – Multi Slight imperfections or variations in the colour, print and texture of the textile are inherent to the characteristics of the fabric and add to the unique design of every piece Model’s height : 5’9 Model is wearing : Size S NOTE : Please mention your height with heels while placing your order.","","https://saakshakinni.com/wp-content/uploads/2025/08/059_F1.jpg | https://saakshakinni.com/wp-content/uploads/2025/08/059_F2.jpg | https://saakshakinni.com/wp-content/uploads/2025/08/059_F3.jpg | https://saakshakinni.com/wp-content/uploads/2025/08/059_B1.jpg","https://saakshakinni.com/wp-content/uploads/2025/08/059_F1.jpg","0","0"
"29709","Ulla Dress","25AW034R_RTS","https://saakshakinni.com/product/ulla-dress-2/","variable","15000","25000","15000","True","INR",,,"SALE","SIZE: L, M, S, XL, XS, XXL, XXXL | Notes: - | Delivery: 1 Week | Care: Dry Clean Only","Abstract Stripe Print Halter Neck Style Maxi Dress With Fitted Pleated Bodice And Flowy Skirt With Customisable Slit Material – Lycra / Chiffon Color – Black & White Slight imperfections or variations in the colour, print and texture of the textile are inherent to the characteristics of the fabric and add to the unique design of every piece Model’s height : 5’9 Model is wearing : Size S NOTE : Please mention your height with heels while placing your order.","","https://saakshakinni.com/wp-content/uploads/2025/08/025_F1.jpg | https://saakshakinni.com/wp-content/uploads/2025/08/025_F2.jpg | https://saakshakinni.com/wp-content/uploads/2025/08/025_F4.jpg | https://saakshakinni.com/wp-content/uploads/2025/08/025_F3.jpg | https://saakshakinni.com/wp-content/uploads/2025/08/025_B1.jpg","https://saakshakinni.com/wp-content/uploads/2025/08/025_F1.jpg","0","0"
"29707","Sioana Dress","25AW084R_RTS","https://saakshakinni.com/product/sioana-dress-2/","variable","20700","34500","20700","True","INR",,,"SALE","SIZE: L, M, S, XL, XS, XXL, XXXL | Notes: - | Delivery: 1 Week | Care: Dry Clean Only","Abstract Stripe Print Mini Dress With Intricate Hand Embroidered Floral Cutwork Applique Detailing And Side Cut Out Detailing Material – Cambric Color – Black/Multi Slight imperfections or variations in the colour, print and texture of the textile are inherent to the characteristics of the fabric and add to the unique design of every piece Model’s height : 5’9 Model is wearing : Size S NOTE : Please mention your height with heels while placing your order.","","https://saakshakinni.com/wp-content/uploads/2025/08/046_F1.jpg | https://saakshakinni.com/wp-content/uploads/2025/08/046_F2.jpg | https://saakshakinni.com/wp-content/uploads/2025/08/046_F3.jpg | https://saakshakinni.com/wp-content/uploads/2025/08/046_B1.jpg","https://saakshakinni.com/wp-content/uploads/2025/08/046_F1.jpg","0","0"
"29703","Kanissa Blouse &#038; Gigi Skirt","25AW042R_RTS / 25AW072R_RTS","https://saakshakinni.com/product/kanissa-blouse-gigi-skirt-2/","variable","10500","17500","10500","True","INR",,,"SALE","SIZE: L, M, S, XL, XS, XXL, XXXL | SET: Blouse, Skirt, Full Set | Notes: - | Delivery: 1 Week | Care: Dry Clean Only","Blouse : Abstract Print, Hand Micro Pleat Wide Neck Blouse With Bandeau Detailing Material – Chiffon Color – Multi Skirt : Abstract Floral Print, Hand Micro Pleated Asymmetric Maxi Skirt With Zipper Detailing Material – Poly Florence Chiffon Color – Multi Slight imperfections or variations in the colour, print and texture of the textile are inherent to the characteristics of the fabric and add to the unique design of every piece Model’s height : 5’9 Model is wearing : Size S NOTE : Please mention your height with heels while placing your order.","","https://saakshakinni.com/wp-content/uploads/2025/08/006_F1.jpg | https://saakshakinni.com/wp-content/uploads/2025/08/006_F2.jpg | https://saakshakinni.com/wp-content/uploads/2025/08/006_F4.jpg | https://saakshakinni.com/wp-content/uploads/2025/08/006_F3.jpg | https://saakshakinni.com/wp-content/uploads/2025/08/006_B1.jpg","https://saakshakinni.com/wp-content/uploads/2025/08/006_F1.jpg","0","0"
"29697","Alex Dress","25AW032R_RTS","https://saakshakinni.com/product/alex-dress-2/","variable","21600","36000","21600","True","INR",,,"SALE","SIZE: L, M, S, XL, XS, XXL, XXXL | Notes: - | Delivery: 1 Week | Care: Dry Clean Only","Multi Print Cold Shoulder Maxi Dress With Surplice Bodice, Gathered Waist And Side Keyhole Detailing Material – Chiffon / Habutai / Net Color – Multi Slight imperfections or variations in the colour, print and texture of the textile are inherent to the characteristics of the fabric and add to the unique design of every piece Model’s height : 5’9 Model is wearing : Size S NOTE : Please mention your height with heels while placing your order.","","https://saakshakinni.com/wp-content/uploads/2025/08/069_F1.jpg | https://saakshakinni.com/wp-content/uploads/2025/08/069_F2.jpg | https://saakshakinni.com/wp-content/uploads/2025/08/069_F3.jpg | https://saakshakinni.com/wp-content/uploads/2025/08/069_F4.jpg | https://saakshakinni.com/wp-content/uploads/2025/08/069_F5.jpg | https://saakshakinni.com/wp-content/uploads/2025/08/069_F6.jpg | https://saakshakinni.com/wp-content/uploads/2025/08/069_B1.jpg","https://saakshakinni.com/wp-content/uploads/2025/08/069_F1.jpg","0","0"
"29686","Trousers","25SS100C_RTS2","https://saakshakinni.com/product/trousers-2/","variable","4600","11500","4600","True","INR",,,"SALE","SIZE: L, M, S, XL, XS, XXL, XXXL | Notes: - | Delivery: 1 Week | Care: Dry Clean Only","Abstract Floral Print, High Waist Trousers Material – Satin Color – Black Slight imperfections or variations in the colour, print and texture of the textile are inherent to the characteristics of the fabric and add to the unique design of every piece Model’s height : 5’9 Model is wearing : Size S NOTE : Please mention your height with heels while placing your order.","","https://saakshakinni.com/wp-content/uploads/2026/07/F61-1.jpg","https://saakshakinni.com/wp-content/uploads/2026/07/F61-1.jpg","0","0"
"29678","Mae Skirt","25SS024R_RTS","https://saakshakinni.com/product/mae-skirt/","variable","7000","17500","7000","True","INR",,,"SALE","SIZE: L, M, S, XL, XS, XXL, XXXL | SET: Blouse, Skirt, Full Set | Notes: Only Skirt | Delivery: 1 Week | Care: Dry Clean Only","Floral Print Asymmetric, Overlap Style Skirt With Customisable Side Slit Material – Crepe Color – Multi Slight imperfections or variations in the colour, print and texture of the textile are inherent to the characteristics of the fabric and add to the unique design of every piece Model’s height : 5’9 Model is wearing : Size S NOTE : Please mention your height with heels while placing your order.","","https://saakshakinni.com/wp-content/uploads/2025/02/085_F1.jpg | https://saakshakinni.com/wp-content/uploads/2025/02/085_F2.jpg | https://saakshakinni.com/wp-content/uploads/2025/02/085_F3.jpg | https://saakshakinni.com/wp-content/uploads/2025/02/085_F4.jpg | https://saakshakinni.com/wp-content/uploads/2025/02/085_B1.jpg","https://saakshakinni.com/wp-content/uploads/2025/02/085_F1.jpg","0","0"
"29313","Sloane Skirt &#038; Nyla Blouse","26SS_111_R / 26SS_108_R","https://saakshakinni.com/product/sloane-skirt-nyla-blouse/","variable","5000","5000","5000","False","INR",,,"ESTAMPA | BLOUSE | JACKETS | SKIRTS","SIZE: L, M, S, XL, XS, XXL, XXXL | SET: Blazer, Blouse, Skirt, Full Set | Notes: - | Delivery: Made to order. Delivery takes 4 weeks | Care: Dry Clean Only","Blouse : Scoop Neck Camisole Material – Satin Color – Black Skirt : Intricate Hand Embroidered Abstract Floral Motif, Cutwork Appliqué Mini Skirt Material – Cambric Color – Multi Slight imperfections or variations in the colour, print and texture of the textile are inherent to the characteristics of the fabric and add to the unique design of every piece Model’s height : 5’9 Model is wearing : Size S NOTE : Please mention your height with heels while placing your order.","","https://saakshakinni.com/wp-content/uploads/2026/03/048_F9.jpg | https://saakshakinni.com/wp-content/uploads/2026/03/048_F8.jpg | https://saakshakinni.com/wp-content/uploads/2026/03/048_F2.jpg | https://saakshakinni.com/wp-content/uploads/2026/03/048_F9.jpg | https://saakshakinni.com/wp-content/uploads/2026/03/048_F7.jpg | https://saakshakinni.com/wp-content/uploads/2026/03/048_B2.jpg","https://saakshakinni.com/wp-content/uploads/2026/03/048_F9.jpg","0","0"
"29280","Rebekkah Blazer &#038; Cinnora Skort","26SS_080_RC / 26SS_064_RC","https://saakshakinni.com/product/rebekkah-blazer-cinnora-skort/","variable","11000","11000","11000","False","INR",,,"CELEB","SIZE: L, M, S, XL, XS, XXL, XXXL | SET: Blazer, Skort, Full Set | Notes: - | Delivery: 4 Weeks | Care: Dry Clean Only","Blazer : Abstract Floral Print Relaxed Fit Blazer Material – Crepe Color – Multi Skort : Abstract Multi Patchwork Print, High Waist Skort Material – Cotton Cambric Color – Multi Slight imperfections or variations in the colour, print and texture of the textile are inherent to the characteristics of the fabric and add to the unique design of every piece Model’s height : 5’9 Model is wearing : Size S NOTE : Please mention your height with heels while placing your order.","","https://saakshakinni.com/wp-content/uploads/2026/06/shanaya-3.jpeg | https://saakshakinni.com/wp-content/uploads/2026/06/shanaya-4.jpeg | https://saakshakinni.com/wp-content/uploads/2026/06/shanaya-2.jpeg | https://saakshakinni.com/wp-content/uploads/2026/06/shanaya-5.jpeg | https://saakshakinni.com/wp-content/uploads/2026/06/shanaya-1.jpeg","https://saakshakinni.com/wp-content/uploads/2026/06/shanaya-3.jpeg","0","0"
"29278","Belen Trench","26SS_017_RC","https://saakshakinni.com/product/belen-trench/","variable","37000","37000","37000","False","INR",,,"CELEB","SIZE: L, M, S, XL, XS, XXL, XXXL | Notes: - | Delivery: 4 Weeks | Care: Dry Clean Only","Abstract Floral Multi Patchwork Print Oversize Trench Coat With Detachable Belt Material – Silk Tissue Color – Gold Slight imperfections or variations in the colour, print and texture of the textile are inherent to the characteristics of the fabric and add to the unique design of every piece Model’s height : 5’9 Model is wearing : Size S NOTE : Please mention your height with heels while placing your order.","","https://saakshakinni.com/wp-content/uploads/2026/06/aditi-01.jpeg | https://saakshakinni.com/wp-content/uploads/2026/06/aditi-03.jpeg | https://saakshakinni.com/wp-content/uploads/2026/06/aditi-04.jpeg | https://saakshakinni.com/wp-content/uploads/2026/06/aditi-05.jpeg | https://saakshakinni.com/wp-content/uploads/2026/06/aditi-06.jpeg","https://saakshakinni.com/wp-content/uploads/2026/06/aditi-01.jpeg","0","0"
"29266","Gemma Dress","26SS_038_RC","https://saakshakinni.com/product/gemma-dress-2/","variable","23000","23000","23000","False","INR",,,"CELEB","SIZE: L, M, S, XL, XS, XXL, XXXL | Notes: - | Delivery: 4 Weeks | Care: Dry Clean Only","Abstract Floral Print, Halter Neck Maxi Dress With Pleated Fitted Bodice And Soft Flare Skirt Material – Stretch Jersey / Chiffon Color – Pink/Multi Slight imperfections or variations in the colour, print and texture of the textile are inherent to the characteristics of the fabric and add to the unique design of every piece Model’s height : 5’9 Model is wearing : Size S NOTE : Please mention your height with heels while placing your order.","","https://saakshakinni.com/wp-content/uploads/2026/06/ahana-3.jpeg | https://saakshakinni.com/wp-content/uploads/2026/06/ahana-1.jpeg | https://saakshakinni.com/wp-content/uploads/2026/06/ahana-2.jpeg | https://saakshakinni.com/wp-content/uploads/2026/06/ahana-4.jpeg | https://saakshakinni.com/wp-content/uploads/2026/06/ahana-5.jpeg","https://saakshakinni.com/wp-content/uploads/2026/06/ahana-3.jpeg","0","0"
"29260","Lara Sari","S4086MR_RTS","https://saakshakinni.com/product/lara-sari/","variable","8200","20500","8200","True","INR",,,"SALE","SIZE: L, M, S, XL, XS, XXL, XXXL | Notes: Sari Only | Delivery: 1 Week | Care: Dry Clean Only","Zip Detailed Sari Material – Silk Satin Color – Black Slight imperfections or variations in the colour, print and texture of the textile are inherent to the characteristics of the fabric and add to the unique design of every piece Model’s height : 5’9 Model is wearing : Size S NOTE : Please mention your height with heels while placing your order.","","https://saakshakinni.com/wp-content/uploads/2026/06/F54-1.jpg | https://saakshakinni.com/wp-content/uploads/2026/06/B54-1.jpg","https://saakshakinni.com/wp-content/uploads/2026/06/F54-1.jpg","0","0"
"29142","Akira Trouser","25SS100C_RTS","https://saakshakinni.com/product/akira-trouser/","variable","4600","11500","4600","True","INR",,,"SALE","SIZE: L, M, S, XL, XS, XXL, XXXL | Notes: Only Pants | Delivery: 1 Week | Care: Dry Clean Only","Abstract Floral Print, High Waist Trousers Material – Satin Color – Ivory Slight imperfections or variations in the colour, print and texture of the textile are inherent to the characteristics of the fabric and add to the unique design of every piece Model’s height : 5’9 Model is wearing : Size S NOTE : Please mention your height with heels while placing your order.","","https://saakshakinni.com/wp-content/uploads/2026/06/F39-1.jpg | https://saakshakinni.com/wp-content/uploads/2026/06/B39-1.jpg","https://saakshakinni.com/wp-content/uploads/2026/06/F39-1.jpg","0","0"
"29076","Akira Tunic &#038; Akira Trouser","25SS055R_RTS / 25SS100R_RTS","https://saakshakinni.com/product/akira-tunic-akira-trouser-2/","variable","4600","11500","4600","True","INR",,,"SALE","SIZE: L, M, S, XL, XS, XXL, XXXL | SET: Tunic, Trouser, Full Set | Notes: - | Delivery: 1 Week | Care: Dry Clean Only","TUNIC : Abstract Floral Print, Asymmetric Collared Tunic Material – Cambric Color – Multi TROUSER : Abstract Floral Print, High Waist Trousers Material – Cambric Color – Multi Slight imperfections or variations in the colour, print and texture of the textile are inherent to the characteristics of the fabric and add to the unique design of every piece Model’s height : 5’9 Model is wearing : Size S NOTE : Please mention your height with heels while placing your order.","","https://saakshakinni.com/wp-content/uploads/2026/06/F26-1.jpg | https://saakshakinni.com/wp-content/uploads/2026/06/F26-2.jpg | https://saakshakinni.com/wp-content/uploads/2026/06/B26-1.jpg","https://saakshakinni.com/wp-content/uploads/2026/06/F26-1.jpg","0","0"
"28953","Noor Palazzo","25SS071R_RTS-1","https://saakshakinni.com/product/noor-palazzo/","variable","7000","17500","7000","True","INR",,,"SALE","SIZE: L, M, S, XL, XS, XXL, XXXL | Notes: Palazzos Only | Delivery: 1 Week | Care: Dry Clean Only","Abstract Floral Print, High Waist Palazzo Material – Crepe Color – Pink Slight imperfections or variations in the colour, print and texture of the textile are inherent to the characteristics of the fabric and add to the unique design of every piece Model’s height : 5’9 Model is wearing : Size S NOTE : Please mention your height with heels while placing your order.","","https://saakshakinni.com/wp-content/uploads/2026/06/F3-1.jpg | https://saakshakinni.com/wp-content/uploads/2026/06/F3-2.jpg | https://saakshakinni.com/wp-content/uploads/2026/06/B3-1.jpg","https://saakshakinni.com/wp-content/uploads/2026/06/F3-1.jpg","0","0"
"28972","Dakota Bodysuit &#038; Zuri Skirt","25SS118R_RTS / 25SS075R_RTS","https://saakshakinni.com/product/dakota-bodysuit-zuri-skirt-2/","variable","7400","18500","7400","True","INR",,,"SALE","SIZE: L, M, S, XL, XS, XXL, XXXL | SET: Bodysuit, Skirt, Full Set | Notes: - | Delivery: 1 Week | Care: Dry Clean Only","BODYSUIT : Abstract Floral Print, Sweetheart Neckline, Hand Micro Pleat Body Suit Material – Chiffon Color – Black SKIRT : High Waist, Asymmetric Maxi Wrap Skirt With Pinch And Fold Detailing Material – Satin Color – Black Slight imperfections or variations in the colour, print and texture of the textile are inherent to the characteristics of the fabric and add to the unique design of every piece Model’s height : 5’9 Model is wearing : Size S NOTE : Please mention your height with heels while placing your order.","","https://saakshakinni.com/wp-content/uploads/2026/06/F10-1.jpg | https://saakshakinni.com/wp-content/uploads/2026/06/F10-2.jpg | https://saakshakinni.com/wp-content/uploads/2026/06/B10-1.jpg","https://saakshakinni.com/wp-content/uploads/2026/06/F10-1.jpg","0","0"
"28509","Maeva Dress","25AW_015_R-C","https://saakshakinni.com/product/maeva-dress-6/","variable","26000","26000","26000","False","INR",,,"CELEB","SIZE: L, M, S, XL, XS, XXL, XXXL | Notes: - | Delivery: Made to order. Delivery takes 4 weeks | Care: Dry Clean Only","Abstract Floral Print Closed Neck Maxi Dress With Long Sleeves And Fitted Bodice Material – Lycra / Chiffon Color – Multi Model’s height : 5’9 Model is wearing : Size S NOTE : Please mention your height with heels while placing your order.","","https://saakshakinni.com/wp-content/uploads/2026/05/sara-10.jpg | https://saakshakinni.com/wp-content/uploads/2026/05/sara-01.jpg | https://saakshakinni.com/wp-content/uploads/2026/05/sara-05.jpg | https://saakshakinni.com/wp-content/uploads/2026/05/sara-03.jpg | https://saakshakinni.com/wp-content/uploads/2026/05/sara-04.jpg | https://saakshakinni.com/wp-content/uploads/2026/05/sara-11.jpg | https://saakshakinni.com/wp-content/uploads/2026/05/sara-07.jpg | https://saakshakinni.com/wp-content/uploads/2026/05/sara-08.jpg | https://saakshakinni.com/wp-content/uploads/2026/05/sara-06.jpg | https://saakshakinni.com/wp-content/uploads/2026/05/sara-02.jpg | https://saakshakinni.com/wp-content/uploads/2026/05/sara-09.jpg","https://saakshakinni.com/wp-content/uploads/2026/05/sara-10.jpg","0","0"
"28495","Hannah Dress","S4_001_M_R-C","https://saakshakinni.com/product/hannah-dress-2/","variable","25500","25500","25500","False","INR",,,"CELEB","SIZE: L, M, S, XL, XS, XXL, XXXL | Notes: - | Delivery: Made to order. Delivery takes 4 weeks | Care: Dry Clean Only","Ikat Inspired Tiered Effect Flared Maxi Dress With Hand Micro Pleat Bodice And Side Cut Outs Material – Cambric Color – Pink/Red Slight imperfections or variations in the colour, print and texture of the textile are inherent to the characteristics of the fabric and add to the unique design of every piece Model’s height : 5’9 Model is wearing : Size S NOTE : Please mention your height with heels while placing your order.","","https://saakshakinni.com/wp-content/uploads/2026/05/shanaya-1.jpg","https://saakshakinni.com/wp-content/uploads/2026/05/shanaya-1.jpg","0","0"
"28483","Melia Blouse &#038; Eden Skirt","26SS_110_R / 26SS_074_R-C","https://saakshakinni.com/product/melia-blouse-eden-skirt-2/","variable","21000","21000","21000","False","INR",,,"CELEB","SIZE: L, M, S, XL, XS, XXL, XXXL | SET: Blouse, Skirt, Full Set | Notes: - | Delivery: Made to order. Delivery takes 4 weeks | Care: Dry Clean Only","Blouse : Sleeveless Intricate Fabric Tassel High Neck Blouse With Hanging Detailing Material – Lycra / Chiffon Color – Black Skirt : Multi Abstract Print Intricate Fabric Tassel High Waist Skirt Material – Lycra / Chiffon Color – Multi Slight imperfections or variations in the colour, print and texture of the textile are inherent to the characteristics of the fabric and add to the unique design of every piece Model’s height : 5’9 Model is wearing : Size S NOTE : Please mention your height with heels while placing your order.","","https://saakshakinni.com/wp-content/uploads/2026/05/tania-2.jpg | https://saakshakinni.com/wp-content/uploads/2026/05/tania-6.jpg | https://saakshakinni.com/wp-content/uploads/2026/05/tania-5.jpg | https://saakshakinni.com/wp-content/uploads/2026/05/tania-7.jpg | https://saakshakinni.com/wp-content/uploads/2026/05/tania-3.jpg | https://saakshakinni.com/wp-content/uploads/2026/05/tania-4.jpg | https://saakshakinni.com/wp-content/uploads/2026/05/tania-8.jpg | https://saakshakinni.com/wp-content/uploads/2026/05/tania-1.jpg","https://saakshakinni.com/wp-content/uploads/2026/05/tania-2.jpg","0","0"
"28475","Agatha Sari &#038; Malaika Blouse","26SS_115_R / 26SS_087_R-C","https://saakshakinni.com/product/agatha-sari-malaika-blouse-2/","variable","13000","13000","13000","False","INR",,,"CELEB","SIZE: L, M, S, XL, XS, XXL, XXXL | SET: Sari, Blouse, Full Set | Notes: - | Delivery: Made to order. Delivery takes 4 weeks | Care: Dry Clean Only","Sari : Abstract Floral Print Pre Draped Sari Material – Silk Tissue Color – Gold Blouse : Abstract Floral Print Square Neck Bustier Material – Silk Tissue Color – Gold Slight imperfections or variations in the colour, print and texture of the textile are inherent to the characteristics of the fabric and add to the unique design of every piece Model’s height : 5’9 Model is wearing : Size S NOTE : Please mention your height with heels while placing your order.","","https://saakshakinni.com/wp-content/uploads/2026/05/vani-2.jpeg | https://saakshakinni.com/wp-content/uploads/2026/05/vani-1.jpeg | https://saakshakinni.com/wp-content/uploads/2026/05/vani-3.jpeg | https://saakshakinni.com/wp-content/uploads/2026/05/vani-4.jpeg","https://saakshakinni.com/wp-content/uploads/2026/05/vani-2.jpeg","0","0"
"28243","Liora Dress","25AW_267_RC","https://saakshakinni.com/product/liora-dress-c/","variable","30500","30500","30500","False","INR",,,"CELEB","SIZE: L, M, S, XL, XS, XXL, XXXL | Notes: - | Delivery: Made to order. Delivery takes 4 weeks | Care: Dry Clean Only","Leheriya Print Inspired, Hand Micro Pleat, Asymmetric Midi Dress With Ruched Sleeve Detailing Material – Poly Florence Chiffon / Chiffon Color – Mustard/Black Slight imperfections or variations in the colour, print and texture of the textile are inherent to the characteristics of the fabric and add to the unique design of every piece NOTE : Please mention your height with heels while placing your order.","","https://saakshakinni.com/wp-content/uploads/2026/03/sam-F1.jpg | https://saakshakinni.com/wp-content/uploads/2026/03/sam-F2.jpg | https://saakshakinni.com/wp-content/uploads/2026/03/sam-F7.jpg | https://saakshakinni.com/wp-content/uploads/2026/03/sam-F6.jpg | https://saakshakinni.com/wp-content/uploads/2026/03/sam-F5.jpg | https://saakshakinni.com/wp-content/uploads/2026/03/sam-F4.jpg | https://saakshakinni.com/wp-content/uploads/2026/03/sam-F3.jpg | https://saakshakinni.com/wp-content/uploads/2026/03/sam-m1.jpg | https://saakshakinni.com/wp-content/uploads/2026/03/sam-m6.jpg | https://saakshakinni.com/wp-content/uploads/2026/03/sam-m4.jpg | https://saakshakinni.com/wp-content/uploads/2026/03/sam-m5.jpg | https://saakshakinni.com/wp-content/uploads/2026/03/sam-m3.jpg | https://saakshakinni.com/wp-content/uploads/2026/03/sam-m2.jpg","https://saakshakinni.com/wp-content/uploads/2026/03/sam-F1.jpg","0","0"
"28245","Rosin Blouse &#038; Saylor Palazzo","25AW_225_RC / 25AW_214_RC","https://saakshakinni.com/product/rosin-blouse-saylor-palazzo-c/","variable","16000","16000","16000","False","INR",,,"CELEB","SIZE: L, M, S, XL, XS, XXL, XXXL | SET: Blouse, Palazzo, Full Set | Notes: - | Delivery: Made to order. Delivery takes 4 weeks | Care: Dry Clean Only","Blouse : Intricate Hand Embroidered Floral Cutwork Appliqué, Tshirt Style Long Sleeve, Boat Neck Blouse Material – Lycra Color – Black Palazzo : Leheriya Print Inspired, High Waist Palazzo With Pockets Material – Cotton Satin Lycra Color – Mustard/Black NOTE : Please mention your height with heels while placing your order.","","https://saakshakinni.com/wp-content/uploads/2026/03/mrunal-2.jpeg | https://saakshakinni.com/wp-content/uploads/2026/03/mrunal-1.jpeg | https://saakshakinni.com/wp-content/uploads/2026/03/mrunal-m1.jpg | https://saakshakinni.com/wp-content/uploads/2026/03/mrunal-m2.jpg | https://saakshakinni.com/wp-content/uploads/2026/03/mrunal-m3.jpg | https://saakshakinni.com/wp-content/uploads/2026/03/mrunal-m4.jpg | https://saakshakinni.com/wp-content/uploads/2026/03/mrunal-m5.jpg | https://saakshakinni.com/wp-content/uploads/2026/03/mrunal-m6.jpg | https://saakshakinni.com/wp-content/uploads/2026/03/mrunal-m7.jpg","https://saakshakinni.com/wp-content/uploads/2026/03/mrunal-2.jpeg","0","0"
"27318","Greta Dress","26SS_023_R","https://saakshakinni.com/product/greta-dress/","variable","23500","23500","23500","False","INR",,,"ESTAMPA | DRESSES","SIZE: L, M, S, XL, XS, XXL, XXXL | Notes: - | Delivery: Made to order. Delivery takes 4 weeks | Care: Dry Clean Only","Abstract Floral Print, 7 Layered Maxi Dress With Fitted Bodice Material – Chiffon / Stretch Jersey Color – Multi Slight imperfections or variations in the colour, print and texture of the textile are inherent to the characteristics of the fabric and add to the unique design of every piece Model’s height : 5’9 Model is wearing : Size S NOTE : Please mention your height with heels while placing your order.","","https://saakshakinni.com/wp-content/uploads/2026/03/002_F1.jpg | https://saakshakinni.com/wp-content/uploads/2026/03/002_F2.jpg | https://saakshakinni.com/wp-content/uploads/2026/03/002_F3.jpg | https://saakshakinni.com/wp-content/uploads/2026/03/002_F4.jpg | https://saakshakinni.com/wp-content/uploads/2026/03/002_F5.jpg | https://saakshakinni.com/wp-content/uploads/2026/03/002_F6.jpg | https://saakshakinni.com/wp-content/uploads/2026/03/002_F7.jpg | https://saakshakinni.com/wp-content/uploads/2026/03/002_F8.jpg | https://saakshakinni.com/wp-content/uploads/2026/03/002_B1.jpg","https://saakshakinni.com/wp-content/uploads/2026/03/002_F1.jpg","0","0"
"27316","Rico Dress","26SS_006_R","https://saakshakinni.com/product/rico-dress/","variable","61500","61500","61500","False","INR",,,"ESTAMPA | DRESSES","SIZE: L, M, S, XL, XS, XXL, XXXL | Notes: - | Delivery: Made to order. Delivery takes 4 weeks | Care: Dry Clean Only","Multi Stripe Print Fabric Tassel Mini Dress Material – Chiffon / Crepe / Cotton Silk / Cotton Stretch Color – Multi Slight imperfections or variations in the colour, print and texture of the textile are inherent to the characteristics of the fabric and add to the unique design of every piece Model’s height : 5’9 Model is wearing : Size S NOTE : Please mention your height with heels while placing your order.","","https://saakshakinni.com/wp-content/uploads/2026/03/001_F1.jpg | https://saakshakinni.com/wp-content/uploads/2026/03/001_F2.jpg | https://saakshakinni.com/wp-content/uploads/2026/03/001_F3.jpg | https://saakshakinni.com/wp-content/uploads/2026/03/001_F4.jpg | https://saakshakinni.com/wp-content/uploads/2026/03/001_F5.jpg | https://saakshakinni.com/wp-content/uploads/2026/03/001_B1.jpg","https://saakshakinni.com/wp-content/uploads/2026/03/001_F1.jpg","0","0"
"27320","Nox Dress","26SS_007_R","https://saakshakinni.com/product/nox-dress/","variable","12000","12000","12000","False","INR",,,"ESTAMPA | DRESSES","SIZE: L, M, S, XL, XS, XXL, XXXL | Notes: - | Delivery: Made to order. Delivery takes 4 weeks | Care: Dry Clean Only","Abstract Stripe Print Fitted Maxi Dress With Long Sleeves Material – Stretch Jersey Color – Multi Slight imperfections or variations in the colour, print and texture of the textile are inherent to the characteristics of the fabric and add to the unique design of every piece Model’s height : 5’9 Model is wearing : Size S NOTE : Please mention your height with heels while placing your order.","","https://saakshakinni.com/wp-content/uploads/2026/03/003_F1.jpg | https://saakshakinni.com/wp-content/uploads/2026/03/003_F2.jpg | https://saakshakinni.com/wp-content/uploads/2026/03/003_F3.jpg | https://saakshakinni.com/wp-content/uploads/2026/03/003_F4.jpg | https://saakshakinni.com/wp-content/uploads/2026/03/003_F5.jpg | https://saakshakinni.com/wp-content/uploads/2026/03/003_F6.jpg | https://saakshakinni.com/wp-content/uploads/2026/03/003_B1.jpg","https://saakshakinni.com/wp-content/uploads/2026/03/003_F1.jpg","0","0"
"27322","Martina Dress","26SS_078_R","https://saakshakinni.com/product/martina-dress-2/","variable","37000","37000","37000","False","INR",,,"ESTAMPA | DRESSES","SIZE: L, M, S, XL, XS, XXL, XXXL | Notes: - | Delivery: Made to order. Delivery takes 4 weeks | Care: Dry Clean Only","Ikat Inspired Print Tiered Maxi Dress With Sweetheart Neckline And Adjustable Straps Material – Crepe / Chiffon / Habutai Color – Multi Slight imperfections or variations in the colour, print and texture of the textile are inherent to the characteristics of the fabric and add to the unique design of every piece Model’s height : 5’9 Model is wearing : Size S NOTE : Please mention your height with heels while placing your order.","","https://saakshakinni.com/wp-content/uploads/2026/03/004_F1.jpg | https://saakshakinni.com/wp-content/uploads/2026/03/004_F2.jpg | https://saakshakinni.com/wp-content/uploads/2026/03/004_F3.jpg | https://saakshakinni.com/wp-content/uploads/2026/03/004_F4.jpg | https://saakshakinni.com/wp-content/uploads/2026/03/004_F5.jpg | https://saakshakinni.com/wp-content/uploads/2026/03/004_B1.jpg","https://saakshakinni.com/wp-content/uploads/2026/03/004_F1.jpg","0","0"
"27324","Nova Dress","26SS_054_R","https://saakshakinni.com/product/nova-dress-4/","variable","13500","13500","13500","False","INR",,,"ESTAMPA | DRESSES","SIZE: L, M, S, XL, XS, XXL, XXXL | Notes: - | Delivery: Made to order. Delivery takes 4 weeks | Care: Dry Clean Only","Abstract Floral Print Shift Dress With Bell, Tie Up Sleeves Material – Cotton Cambric Color – Ivory/Multi Slight imperfections or variations in the colour, print and texture of the textile are inherent to the characteristics of the fabric and add to the unique design of every piece Model’s height : 5’9 Model is wearing : Size S NOTE : Please mention your height with heels while placing your order.","","https://saakshakinni.com/wp-content/uploads/2026/03/005_F1.jpg | https://saakshakinni.com/wp-content/uploads/2026/03/005_F2.jpg | https://saakshakinni.com/wp-content/uploads/2026/03/005_F3.jpg | https://saakshakinni.com/wp-content/uploads/2026/03/005_F4.jpg | https://saakshakinni.com/wp-content/uploads/2026/03/005_F5.jpg | https://saakshakinni.com/wp-content/uploads/2026/03/005_F6.jpg | https://saakshakinni.com/wp-content/uploads/2026/03/005_B1.jpg","https://saakshakinni.com/wp-content/uploads/2026/03/005_F1.jpg","0","0"
"27326","Elena Blouse &#038; Marieya Skirt","26SS_014_R / 26SS_015_R","https://saakshakinni.com/product/elena-blouse-marieya-skirt/","variable","10500","10500","10500","False","INR",,,"ESTAMPA | BLOUSE | SKIRTS","SIZE: L, M, S, XL, XS, XXL, XXXL | SET: Blouse, Skirt, Full Set | Notes: - | Delivery: Made to order. Delivery takes 4 weeks | Care: Dry Clean Only","Blouse : Abstract Tribal Print Blouse With Frill Detailing And High Neck Material – Silk Organza / Chiffon / Jersey Stretch Color – Multi Skirt : Abstract Tribal Print High, Tiered Waist Skirt With Frill Detailing Material – Stretch Jersey / Habutai / Satin Twill / Chiffon Color – Multi Slight imperfections or variations in the colour, print and texture of the textile are inherent to the characteristics of the fabric and add to the unique design of every piece Model’s height : 5’9 Model is wearing : Size S NOTE : Please mention your height with heels while placing your order.","","https://saakshakinni.com/wp-content/uploads/2026/03/006_F1.jpg | https://saakshakinni.com/wp-content/uploads/2026/03/006_F2.jpg | https://saakshakinni.com/wp-content/uploads/2026/03/006_F3.jpg | https://saakshakinni.com/wp-content/uploads/2026/03/006_F4.jpg | https://saakshakinni.com/wp-content/uploads/2026/03/006_F5.jpg | https://saakshakinni.com/wp-content/uploads/2026/03/006_F6.jpg | https://saakshakinni.com/wp-content/uploads/2026/03/006_F7.jpg | https://saakshakinni.com/wp-content/uploads/2026/03/006_B1.jpg","https://saakshakinni.com/wp-content/uploads/2026/03/006_F1.jpg","0","0"
"27330","Micah Blazer, Arleth Bralette &#038; Revah Skirt","26SS_019_R / 26SS_085_R / 26SS_020_R","https://saakshakinni.com/product/micah-blazer-arleth-bralette-revah-skirt/","variable","11000","11000","11000","False","INR",,,"ESTAMPA | BRALETTE | COAT | SKIRTS","SIZE: L, M, S, XL, XS, XXL, XXXL | SET: Blazer, Bralette, Skirt, Full Set | Notes: - | Delivery: Made to order. Delivery takes 4 weeks | Care: Dry Clean Only","Blazer : Abstract Floral Print Blazer Material – Silk Tissue Color – Gold Bralette : Abstract Floral Print Triangular Bralette Material – Silk Tissue / Cotton Silk Color – Gold Skirt : Abstract Floral Print High Waist Skirt Material – Silk Tissue Color – Gold Slight imperfections or variations in the colour, print and texture of the textile are inherent to the characteristics of the fabric and add to the unique design of every piece Model’s height : 5’9 Model is wearing : Size S NOTE : Please mention your height with heels while placing your order.","","https://saakshakinni.com/wp-content/uploads/2026/03/007_F1.jpg | https://saakshakinni.com/wp-content/uploads/2026/03/007_F2.jpg | https://saakshakinni.com/wp-content/uploads/2026/03/007_F3.jpg | https://saakshakinni.com/wp-content/uploads/2026/03/007_F4.jpg | https://saakshakinni.com/wp-content/uploads/2026/03/007_F5.jpg | https://saakshakinni.com/wp-content/uploads/2026/03/007_F6.jpg | https://saakshakinni.com/wp-content/uploads/2026/03/007_F7.jpg | https://saakshakinni.com/wp-content/uploads/2026/03/007_F8.jpg | https://saakshakinni.com/wp-content/uploads/2026/03/007_B1.jpg","https://saakshakinni.com/wp-content/uploads/2026/03/007_F1.jpg","0","0"
"27335","Viola Dress","26SS_075_R","https://saakshakinni.com/product/viola-dress/","variable","62000","62000","62000","False","INR",,,"ESTAMPA | DRESSES","SIZE: L, M, S, XL, XS, XXL, XXXL | Notes: - | Delivery: Made to order. Delivery takes 4 weeks | Care: Dry Clean Only","Multi Stripe Print Fabric Tassel One Shoulder Sari Inspired Dress With Adjustable Hand Embroidered Mirror And Tassel Drawstring Sleeve And Length Material – Lycra / Chiffon Color – Multi Slight imperfections or variations in the colour, print and texture of the textile are inherent to the characteristics of the fabric and add to the unique design of every piece Model’s height : 5’9 Model is wearing : Size S NOTE : Please mention your height with heels while placing your order.","","https://saakshakinni.com/wp-content/uploads/2026/03/008_F1.jpg | https://saakshakinni.com/wp-content/uploads/2026/03/008_F2.jpg | https://saakshakinni.com/wp-content/uploads/2026/03/008_F3.jpg | https://saakshakinni.com/wp-content/uploads/2026/03/008_F4.jpg | https://saakshakinni.com/wp-content/uploads/2026/03/008_F5.jpg | https://saakshakinni.com/wp-content/uploads/2026/03/008_F6.jpg | https://saakshakinni.com/wp-content/uploads/2026/03/008_B1.jpg","https://saakshakinni.com/wp-content/uploads/2026/03/008_F1.jpg","0","0"
"27337","Monica Blouse &#038; Monica Skirt","26SS_052_R / 26SS_053_R","https://saakshakinni.com/product/monica-blouse-monica-skirt/","variable","15500","15500","15500","False","INR",,,"ESTAMPA | BLOUSE | SKIRTS","SIZE: L, M, S, XL, XS, XXL, XXXL | SET: Blouse, Skirt, Full Set | Notes: - | Delivery: Made to order. Delivery takes 4 weeks | Care: Dry Clean Only","Blouse : Abstract Floral Print Inspired Hand Micro Pleat Kaftan Style Blouse With Adjustable Drawstring Waist And Sleeves, And Front Zip Closure Material – Cotton Silk Color – Multi Skirt : Abstract Floral Print Inspired, High Waist, Hand Micro Pleat Skirt Material – Chiffon Color – Multi Slight imperfections or variations in the colour, print and texture of the textile are inherent to the characteristics of the fabric and add to the unique design of every piece Model’s height : 5’9 Model is wearing : Size S NOTE : Please mention your height with heels while placing your order.","","https://saakshakinni.com/wp-content/uploads/2026/03/009_F1.jpg | https://saakshakinni.com/wp-content/uploads/2026/03/009_F2.jpg | https://saakshakinni.com/wp-content/uploads/2026/03/009_F3.jpg | https://saakshakinni.com/wp-content/uploads/2026/03/009_F4.jpg | https://saakshakinni.com/wp-content/uploads/2026/03/009_F5.jpg | https://saakshakinni.com/wp-content/uploads/2026/03/009_F6.jpg | https://saakshakinni.com/wp-content/uploads/2026/03/009_F7.jpg | https://saakshakinni.com/wp-content/uploads/2026/03/009_B1.jpg","https://saakshakinni.com/wp-content/uploads/2026/03/009_F1.jpg","0","0"
"27341","Helena Trench &#038; Millie Dress","26SS_102_R / 26SS_099_R","https://saakshakinni.com/product/helena-trench-millie-dress/","variable","21500","21500","21500","False","INR",,,"ESTAMPA | COAT | DRESSES | TRENCH","SIZE: L, M, S, XL, XS, XXL, XXXL | SET: Trench, Dress, Full Set | Notes: - | Delivery: Made to order. Delivery takes 4 weeks | Care: Dry Clean Only","Trench : Abstract Doodle Print Oversize Trench Coat With Detachable Belt Material – Crepe Color – Multi Dress : Abstract Doodle Print Hand Micro Pleat Sweetheart Neck Mini Dress With Knot Detailing Material – Chiffon Color – Multi Slight imperfections or variations in the colour, print and texture of the textile are inherent to the characteristics of the fabric and add to the unique design of every piece Model’s height : 5’9 Model is wearing : Size S NOTE : Please mention your height with heels while placing your order.","","https://saakshakinni.com/wp-content/uploads/2026/03/010_F1.jpg | https://saakshakinni.com/wp-content/uploads/2026/03/010_F2.jpg | https://saakshakinni.com/wp-content/uploads/2026/03/010_F3.jpg | https://saakshakinni.com/wp-content/uploads/2026/03/010_F4.jpg | https://saakshakinni.com/wp-content/uploads/2026/03/010_F5.jpg | https://saakshakinni.com/wp-content/uploads/2026/03/010_F6.jpg | https://saakshakinni.com/wp-content/uploads/2026/03/010_F7.jpg | https://saakshakinni.com/wp-content/uploads/2026/03/010_B1.jpg","https://saakshakinni.com/wp-content/uploads/2026/03/010_F1.jpg","0","0"
"27354","Maeva Dress","26SS_069_R","https://saakshakinni.com/product/maeva-dress-4/","variable","26500","26500","26500","False","INR",,,"ESTAMPA | DRESSES","SIZE: L, M, S, XL, XS, XXL, XXXL | Notes: Print placement will vary from piece to piece | Delivery: Made to order. Delivery takes 4 weeks | Care: Dry Clean Only","Abstract Print Closed Neck Maxi Dress With Long Sleeves And Fitted Bodice Material – Chiffon / Lycra Color – Multi Slight imperfections or variations in the colour, print and texture of the textile are inherent to the characteristics of the fabric and add to the unique design of every piece Model’s height : 5’9 Model is wearing : Size S NOTE : Please mention your height with heels while placing your order.","","https://saakshakinni.com/wp-content/uploads/2026/03/011_F1.jpg | https://saakshakinni.com/wp-content/uploads/2026/03/011_F2.jpg | https://saakshakinni.com/wp-content/uploads/2026/03/011_F3.jpg | https://saakshakinni.com/wp-content/uploads/2026/03/011_F4.jpg | https://saakshakinni.com/wp-content/uploads/2026/03/011_F5.jpg | https://saakshakinni.com/wp-content/uploads/2026/03/011_B1.jpg","https://saakshakinni.com/wp-content/uploads/2026/03/011_F1.jpg","0","0"
"27484","Genora Blouse &#038; Emira Shorts","26SS_090_R / 26SS_064_R","https://saakshakinni.com/product/genora-blouse-emira-shorts/","variable","15000","15000","15000","False","INR",,,"ESTAMPA | BLOUSE | SHORTS","SIZE: L, M, S, XL, XS, XXL, XXXL | SET: Blouse, Shorts, Full Set | Notes: Blouse : Print placement will vary from piece to piece | Delivery: Made to order. Delivery takes 4 weeks | Care: Dry Clean Only","Blouse : Abstract Floral Print Noodle Strap Blouse With Frilled Layering Material – Chiffon / Organza Color – Multi Shorts : Multi Stripe Patchwork Print High Waist Denim Shorts With Side Pockets Material – Denim Color – Blue/Grey Slight imperfections or variations in the colour, print and texture of the textile are inherent to the characteristics of the fabric and add to the unique design of every piece Model’s height : 5’9 Model is wearing : Size S NOTE : Please mention your height with heels while placing your order.","","https://saakshakinni.com/wp-content/uploads/2026/03/043_F1.jpg | https://saakshakinni.com/wp-content/uploads/2026/03/043_F2.jpg | https://saakshakinni.com/wp-content/uploads/2026/03/043_F5.jpg | https://saakshakinni.com/wp-content/uploads/2026/03/043_F4.jpg | https://saakshakinni.com/wp-content/uploads/2026/03/043_F3.jpg | https://saakshakinni.com/wp-content/uploads/2026/03/043_B1.jpg","https://saakshakinni.com/wp-content/uploads/2026/03/043_F1.jpg","0","0"
"27375","Genora Blouse &#038; Zora Skirt","26SS_083_R / 26SS_053_R","https://saakshakinni.com/product/genora-blouse-zora-skirt/","variable","15000","15000","15000","False","INR",,,"ESTAMPA | BLOUSE | SKIRTS","SIZE: L, M, S, XL, XS, XXL, XXXL | SET: Blouse, Skirt, Full Set | Notes: - | Delivery: Made to order. Delivery takes 4 weeks | Care: Dry Clean Only","Blouse : Abstract Floral Print Noodle Strap Blouse With Frilled Layering Material – Chiffon / Organza Color – Multi Skirt : Abstract Floral Print Inspired, High Waist, Hand Micro Pleat Skirt Material – Poly Florence Chiffon Color – Multi Slight imperfections or variations in the colour, print and texture of the textile are inherent to the characteristics of the fabric and add to the unique design of every piece Model’s height : 5’9 Model is wearing : Size S NOTE : Please mention your height with heels while placing your order.","","https://saakshakinni.com/wp-content/uploads/2026/03/012_F1.jpg | https://saakshakinni.com/wp-content/uploads/2026/03/012_F2.jpg | https://saakshakinni.com/wp-content/uploads/2026/03/012_F3.jpg | https://saakshakinni.com/wp-content/uploads/2026/03/012_F4.jpg | https://saakshakinni.com/wp-content/uploads/2026/03/012_F5.jpg | https://saakshakinni.com/wp-content/uploads/2026/03/012_F6.jpg | https://saakshakinni.com/wp-content/uploads/2026/03/012_B1.jpg","https://saakshakinni.com/wp-content/uploads/2026/03/012_F1.jpg","0","0"
"27389","Enola Dress","26SS_039_R","https://saakshakinni.com/product/enola-dress/","variable","26500","26500","26500","False","INR",,,"ESTAMPA | DRESSES","SIZE: L, M, S, XL, XS, XXL, XXXL | Notes: Print placement will vary from piece to piece | Delivery: Made to order. Delivery takes 4 weeks | Care: Dry Clean Only","Abstract Print, Contoured A Line Midi Sleeveless Dress With Fitted Bodice And Softly Flared Midi Skirt With Square Neckline Material – Stretch Cotton Color – Pink/Multi Slight imperfections or variations in the colour, print and texture of the textile are inherent to the characteristics of the fabric and add to the unique design of every piece Model’s height : 5’9 Model is wearing : Size S NOTE : Please mention your height with heels while placing your order.","","https://saakshakinni.com/wp-content/uploads/2026/03/015_F1.jpg | https://saakshakinni.com/wp-content/uploads/2026/03/015_F2.jpg | https://saakshakinni.com/wp-content/uploads/2026/03/015_F3.jpg | https://saakshakinni.com/wp-content/uploads/2026/03/015_F4.jpg | https://saakshakinni.com/wp-content/uploads/2026/03/015_F5.jpg | https://saakshakinni.com/wp-content/uploads/2026/03/015_F6.jpg | https://saakshakinni.com/wp-content/uploads/2026/03/015_B1.jpg","https://saakshakinni.com/wp-content/uploads/2026/03/015_F1.jpg","0","0"
"27391","Mira Dress","26SS_086_R","https://saakshakinni.com/product/mira-dress-9/","variable","23500","23500","23500","False","INR",,,"ESTAMPA | DRESSES","SIZE: L, M, S, XL, XS, XXL, XXXL | Notes: - | Delivery: Made to order. Delivery takes 4 weeks | Care: Dry Clean Only","Abstract Floral And Stripe Dual Print, One Shoulder, Hand Micro Pleat Dress With Adjustable Hand Embroidered Mirror And Tassel Drawstring Sleeve And Length Material – Poly Florence Chiffon Color – Multi Slight imperfections or variations in the colour, print and texture of the textile are inherent to the characteristics of the fabric and add to the unique design of every piece Model’s height : 5’9 Model is wearing : Size S NOTE : Please mention your height with heels while placing your order.","","https://saakshakinni.com/wp-content/uploads/2026/03/016_F1.jpg | https://saakshakinni.com/wp-content/uploads/2026/03/016_F2.jpg | https://saakshakinni.com/wp-content/uploads/2026/03/016_F3.jpg | https://saakshakinni.com/wp-content/uploads/2026/03/016_F4.jpg | https://saakshakinni.com/wp-content/uploads/2026/03/016_F5.jpg | https://saakshakinni.com/wp-content/uploads/2026/03/016_F6.jpg | https://saakshakinni.com/wp-content/uploads/2026/03/016_F7.jpg | https://saakshakinni.com/wp-content/uploads/2026/03/016_F8.jpg | https://saakshakinni.com/wp-content/uploads/2026/03/016_F9.jpg | https://saakshakinni.com/wp-content/uploads/2026/03/016_F10.jpg | https://saakshakinni.com/wp-content/uploads/2026/03/016_B1.jpg","https://saakshakinni.com/wp-content/uploads/2026/03/016_F1.jpg","0","0"
"27393","Dorothy Dress","26SS_084_R","https://saakshakinni.com/product/dorothy-dress/","variable","18500","18500","18500","False","INR",,,"ESTAMPA | DRESSES","SIZE: L, M, S, XL, XS, XXL, XXXL | Notes: - | Delivery: Made to order. Delivery takes 4 weeks | Care: Dry Clean Only","Abstract Placement Print One Shoulder, Asymmetric Neckline Column Dress With Subtle Skirt Flare Material – Crepe Color – Multi Slight imperfections or variations in the colour, print and texture of the textile are inherent to the characteristics of the fabric and add to the unique design of every piece Model’s height : 5’9 Model is wearing : Size S NOTE : Please mention your height with heels while placing your order.","","https://saakshakinni.com/wp-content/uploads/2026/03/017_F1.jpg | https://saakshakinni.com/wp-content/uploads/2026/03/017_F2.jpg | https://saakshakinni.com/wp-content/uploads/2026/03/017_F3.jpg | https://saakshakinni.com/wp-content/uploads/2026/03/017_F4.jpg | https://saakshakinni.com/wp-content/uploads/2026/03/017_F5.jpg | https://saakshakinni.com/wp-content/uploads/2026/03/017_F6.jpg | https://saakshakinni.com/wp-content/uploads/2026/03/017_F7.jpg | https://saakshakinni.com/wp-content/uploads/2026/03/017_B1.jpg","https://saakshakinni.com/wp-content/uploads/2026/03/017_F1.jpg","0","0"
"27395","Kiara Dress","26SS_003_R","https://saakshakinni.com/product/kiara-dress-10/","variable","27500","27500","27500","False","INR",,,"ESTAMPA | DRESSES","SIZE: L, M, S, XL, XS, XXL, XXXL | Notes: Print placement will vary from piece to piece | Delivery: Made to order. Delivery takes 4 weeks | Care: Dry Clean Only","Abstract Stripe Print Hand Micro Pleat Maxi Dress With Adjustable Straps And Sweetheart Neckline Material – Chiffon Color – Multi Slight imperfections or variations in the colour, print and texture of the textile are inherent to the characteristics of the fabric and add to the unique design of every piece Model’s height : 5’9 Model is wearing : Size S NOTE : Please mention your height with heels while placing your order.","","https://saakshakinni.com/wp-content/uploads/2026/03/018_F1.jpg | https://saakshakinni.com/wp-content/uploads/2026/03/018_F2.jpg | https://saakshakinni.com/wp-content/uploads/2026/03/018_F3.jpg | https://saakshakinni.com/wp-content/uploads/2026/03/018_F4.jpg | https://saakshakinni.com/wp-content/uploads/2026/03/018_F5.jpg | https://saakshakinni.com/wp-content/uploads/2026/03/018_F6.jpg | https://saakshakinni.com/wp-content/uploads/2026/03/018_F7.jpg | https://saakshakinni.com/wp-content/uploads/2026/03/018_B1.jpg","https://saakshakinni.com/wp-content/uploads/2026/03/018_F1.jpg","0","0"
"27397","Kathy Dress","26SS_024_R","https://saakshakinni.com/product/kathy-dress-6/","variable","27500","27500","27500","False","INR",,,"ESTAMPA | DRESSES","SIZE: L, M, S, XL, XS, XXL, XXXL | Notes: - | Delivery: Made to order. Delivery takes 4 weeks | Care: Dry Clean Only","Abstract Floral Print Hand Micro Pleat Kaftan Style Dress With Adjustable Drawstring Length, And Off Shoulder Trail Material – Poly Florence Chiffon Color – Multi Slight imperfections or variations in the colour, print and texture of the textile are inherent to the characteristics of the fabric and add to the unique design of every piece Model’s height : 5’9 Model is wearing : Size S NOTE : Please mention your height with heels while placing your order.","","https://saakshakinni.com/wp-content/uploads/2026/03/019_F1.jpg | https://saakshakinni.com/wp-content/uploads/2026/03/019_F2.jpg | https://saakshakinni.com/wp-content/uploads/2026/03/019_F3.jpg | https://saakshakinni.com/wp-content/uploads/2026/03/019_F4.jpg | https://saakshakinni.com/wp-content/uploads/2026/03/019_F5.jpg | https://saakshakinni.com/wp-content/uploads/2026/03/019_F6.jpg | https://saakshakinni.com/wp-content/uploads/2026/03/019_F7.jpg | https://saakshakinni.com/wp-content/uploads/2026/03/019_B1.jpg","https://saakshakinni.com/wp-content/uploads/2026/03/019_F1.jpg","0","0"
"27399","Maeva Dress","26SS_098_R","https://saakshakinni.com/product/maeva-dress-5/","variable","26500","26500","26500","False","INR",,,"ESTAMPA | DRESSES","SIZE: L, M, S, XL, XS, XXL, XXXL | Notes: Print placement will vary from piece to piece | Delivery: Made to order. Delivery takes 4 weeks | Care: Dry Clean Only","Abstract Doodle Print Closed Neck Maxi Dress With Long Sleeves And Fitted Bodice Material – Chiffon / Lycra Color – Multi Slight imperfections or variations in the colour, print and texture of the textile are inherent to the characteristics of the fabric and add to the unique design of every piece Model’s height : 5’9 Model is wearing : Size S NOTE : Please mention your height with heels while placing your order.","","https://saakshakinni.com/wp-content/uploads/2026/03/020_F1.jpg | https://saakshakinni.com/wp-content/uploads/2026/03/020_F2.jpg | https://saakshakinni.com/wp-content/uploads/2026/03/020_F3.jpg | https://saakshakinni.com/wp-content/uploads/2026/03/020_F4.jpg | https://saakshakinni.com/wp-content/uploads/2026/03/020_F5.jpg | https://saakshakinni.com/wp-content/uploads/2026/03/020_F6.jpg | https://saakshakinni.com/wp-content/uploads/2026/03/020_F7.jpg | https://saakshakinni.com/wp-content/uploads/2026/03/020_F8.jpg | https://saakshakinni.com/wp-content/uploads/2026/03/020_F9.jpg | https://saakshakinni.com/wp-content/uploads/2026/03/020_F10.jpg | https://saakshakinni.com/wp-content/uploads/2026/03/020_B1.jpg","https://saakshakinni.com/wp-content/uploads/2026/03/020_F1.jpg","0","0"
"27402","Linny Dress","26SS_096_R","https://saakshakinni.com/product/linny-dress-2/","variable","35000","35000","35000","False","INR",,,"ESTAMPA | DRESSES","SIZE: L, M, S, XL, XS, XXL, XXXL | Notes: Print placement will vary from piece to piece | Delivery: Made to order. Delivery takes 4 weeks | Care: Dry Clean Only","Abstract Print Hand Micro Pleat One Shoulder Dress With Tie Up, Hand Embroidered Mirror And Tassel Drawstring Sleeve Detail And Attached One Shoulder Built In Bandeau Style Blouse Material – Cotton Silk / Lycra Color – Multi Slight imperfections or variations in the colour, print and texture of the textile are inherent to the characteristics of the fabric and add to the unique design of every piece Model’s height : 5’9 Model is wearing : Size S NOTE : Please mention your height with heels while placing your order.","","https://saakshakinni.com/wp-content/uploads/2026/03/021_F1.jpg | https://saakshakinni.com/wp-content/uploads/2026/03/021_F2.jpg | https://saakshakinni.com/wp-content/uploads/2026/03/021_F3.jpg | https://saakshakinni.com/wp-content/uploads/2026/03/021_F4.jpg | https://saakshakinni.com/wp-content/uploads/2026/03/021_F5.jpg | https://saakshakinni.com/wp-content/uploads/2026/03/021_F6.jpg | https://saakshakinni.com/wp-content/uploads/2026/03/021_B1.jpg","https://saakshakinni.com/wp-content/uploads/2026/03/021_F1.jpg","0","0"
"27404","Zyra Dress","26SS_071_R","https://saakshakinni.com/product/zyra-dress/","variable","34000","34000","34000","False","INR",,,"ESTAMPA | DRESSES","SIZE: L, M, S, XL, XS, XXL, XXXL | Notes: - | Delivery: Made to order. Delivery takes 4 weeks | Care: Dry Clean Only","Sleeveless Closed Neck Fitted Bodice Maxi Dress With Multi Abstract Print Fabric Tassel Skirt Detailing Material – Lycra / Chiffon Color – Black/Multi Slight imperfections or variations in the colour, print and texture of the textile are inherent to the characteristics of the fabric and add to the unique design of every piece Model’s height : 5’9 Model is wearing : Size S NOTE : Please mention your height with heels while placing your order.","","https://saakshakinni.com/wp-content/uploads/2026/03/022_F1.jpg | https://saakshakinni.com/wp-content/uploads/2026/03/022_F2.jpg | https://saakshakinni.com/wp-content/uploads/2026/03/022_F3.jpg | https://saakshakinni.com/wp-content/uploads/2026/03/022_F4.jpg | https://saakshakinni.com/wp-content/uploads/2026/03/022_F5.jpg | https://saakshakinni.com/wp-content/uploads/2026/03/022_F6.jpg | https://saakshakinni.com/wp-content/uploads/2026/03/022_B1.jpg","https://saakshakinni.com/wp-content/uploads/2026/03/022_F1.jpg","0","0"
"27406","Selah Trench, Joyce Bustier &#038; Jax Jeans","26SS_106_R / 26SS_062_R / 26SS_060_R","https://saakshakinni.com/product/selah-trench-joyce-bustier-jax-jeans/","variable","12000","12000","12000","False","INR",,,"ESTAMPA | BUSTIER | JEANS | TRENCH","SIZE: L, M, S, XL, XS, XXL, XXXL | SET: Trench, Bustier, Jeans, Full Set | Notes: - | Delivery: Made to order. Delivery takes 4 weeks | Care: Dry Clean Only","Trench : Checked And Stripe Multi Print Patchwork Denim Oversize Trench Coat With Detachable Belt And Shoulder Sleeve Rope Detailing Material – Denim Color – Blue/Grey Bustier : Stripe Print Square Neck Bustier Material – Denim Color – Blue/Ivory Jeans : Stripe Print Patchwork Denim High Waist Jeans With Side Pockets Material – Denim Color – Blue/Grey Slight imperfections or variations in the colour, print and texture of the textile are inherent to the characteristics of the fabric and add to the unique design of every piece Model’s height : 5’9 Model is wearing : Size S NOTE : Please mention your height with heels while placing your order.","","https://saakshakinni.com/wp-content/uploads/2026/03/023_F1.jpg | https://saakshakinni.com/wp-content/uploads/2026/03/023_F2.jpg | https://saakshakinni.com/wp-content/uploads/2026/03/023_F3.jpg | https://saakshakinni.com/wp-content/uploads/2026/03/023_F4.jpg | https://saakshakinni.com/wp-content/uploads/2026/03/023_F5.jpg | https://saakshakinni.com/wp-content/uploads/2026/03/023_F6.jpg | https://saakshakinni.com/wp-content/uploads/2026/03/023_F7.jpg | https://saakshakinni.com/wp-content/uploads/2026/03/023_F8.jpg | https://saakshakinni.com/wp-content/uploads/2026/03/023_F9.jpg | https://saakshakinni.com/wp-content/uploads/2026/03/023_B1.jpg | https://saakshakinni.com/wp-content/uploads/2026/03/023_B2.jpg","https://saakshakinni.com/wp-content/uploads/2026/03/023_F1.jpg","0","0"
"27411","Capri Dress","26SS_008_R","https://saakshakinni.com/product/capri-dress/","variable","15000","15000","15000","False","INR",,,"ESTAMPA | DRESSES","SIZE: L, M, S, XL, XS, XXL, XXXL | Notes: - | Delivery: Made to order. Delivery takes 4 weeks | Care: Dry Clean Only","Abstract And Stripe Dual Print Square Neck Maxi Dress With Fitted Bodice And Adjustable Centre Slit Detailing Material – Stretch Jersey / Chiffon Color – Multi Slight imperfections or variations in the colour, print and texture of the textile are inherent to the characteristics of the fabric and add to the unique design of every piece Model’s height : 5’9 Model is wearing : Size S NOTE : Please mention your height with heels while placing your order.","","https://saakshakinni.com/wp-content/uploads/2026/03/024_F1.jpg | https://saakshakinni.com/wp-content/uploads/2026/03/024_F2.jpg | https://saakshakinni.com/wp-content/uploads/2026/03/024_F3.jpg | https://saakshakinni.com/wp-content/uploads/2026/03/024_F4.jpg | https://saakshakinni.com/wp-content/uploads/2026/03/024_F5.jpg | https://saakshakinni.com/wp-content/uploads/2026/03/024_B1.jpg","https://saakshakinni.com/wp-content/uploads/2026/03/024_F1.jpg","0","0"
"27413","Enola Dress","26SS_050_R","https://saakshakinni.com/product/enola-dress-2/","variable","21500","21500","21500","False","INR",,,"ESTAMPA | DRESSES","SIZE: L, M, S, XL, XS, XXL, XXXL | Notes: - | Delivery: Made to order. Delivery takes 4 weeks | Care: Dry Clean Only","Contoured A Line Midi Sleeveless Dress With Fitted Bodice And Softly Flared Midi Skirt With Square Neckline Material – Cotton Lycra Color – Black Slight imperfections or variations in the colour, print and texture of the textile are inherent to the characteristics of the fabric and add to the unique design of every piece Model’s height : 5’9 Model is wearing : Size S NOTE : Please mention your height with heels while placing your order.","","https://saakshakinni.com/wp-content/uploads/2026/03/025_F1.jpg | https://saakshakinni.com/wp-content/uploads/2026/03/025_F2.jpg | https://saakshakinni.com/wp-content/uploads/2026/03/025_F3.jpg | https://saakshakinni.com/wp-content/uploads/2026/03/025_F4.jpg | https://saakshakinni.com/wp-content/uploads/2026/03/025_F5.jpg | https://saakshakinni.com/wp-content/uploads/2026/03/025_F6.jpg | https://saakshakinni.com/wp-content/uploads/2026/03/025_B1.jpg","https://saakshakinni.com/wp-content/uploads/2026/03/025_F1.jpg","0","0"
"27415","Kiara Dress","26SS_070_R","https://saakshakinni.com/product/kiara-dress-11/","variable","27500","27500","27500","False","INR",,,"ESTAMPA | DRESSES","SIZE: L, M, S, XL, XS, XXL, XXXL | Notes: Print placement will vary from piece to piece | Delivery: Made to order. Delivery takes 4 weeks | Care: Dry Clean Only","Abstract Floral Print Hand Micro Pleat Maxi Dress With Adjustable Straps And Sweetheart Neckline Material – Chiffon / Cotton Silk Color – Pink/Multi Slight imperfections or variations in the colour, print and texture of the textile are inherent to the characteristics of the fabric and add to the unique design of every piece Model’s height : 5’9 Model is wearing : Size S NOTE : Please mention your height with heels while placing your order.","","https://saakshakinni.com/wp-content/uploads/2026/03/026_F1.jpg | https://saakshakinni.com/wp-content/uploads/2026/03/026_F2.jpg | https://saakshakinni.com/wp-content/uploads/2026/03/026_F3.jpg | https://saakshakinni.com/wp-content/uploads/2026/03/026_F4.jpg | https://saakshakinni.com/wp-content/uploads/2026/03/026_F5.jpg | https://saakshakinni.com/wp-content/uploads/2026/03/026_F6.jpg | https://saakshakinni.com/wp-content/uploads/2026/03/026_B1.jpg","https://saakshakinni.com/wp-content/uploads/2026/03/026_F1.jpg","0","0"
"27422","Zavi Blouse &#038; Agatha Sari","26SS_034_R / 26SS_061_R","https://saakshakinni.com/product/zavi-blouse-agatha-sari/","variable","10000","10000","10000","False","INR",,,"ESTAMPA | BLOUSE | SARI","SIZE: L, M, S, XL, XS, XXL, XXXL | SET: Blouse, Sari, Full Set | Notes: Print placement will vary from piece to piece | Delivery: Made to order. Delivery takes 4 weeks | Care: Dry Clean Only","Blouse : Abstract Floral Print T-Shirt Style Long Sleeve, Boat Neck Blouse Material – Stretch Jersey Color – Pink/Multi Sari : Abstract Floral Print Pre Draped Sari Material – Silk Organza Color – Pink/Multi Slight imperfections or variations in the colour, print and texture of the textile are inherent to the characteristics of the fabric and add to the unique design of every piece Model’s height : 5’9 Model is wearing : Size S NOTE : Please mention your height with heels while placing your order.","","https://saakshakinni.com/wp-content/uploads/2026/03/028_F1.jpg | https://saakshakinni.com/wp-content/uploads/2026/03/028_F2.jpg | https://saakshakinni.com/wp-content/uploads/2026/03/028_F3.jpg | https://saakshakinni.com/wp-content/uploads/2026/03/028_F4.jpg | https://saakshakinni.com/wp-content/uploads/2026/03/028_F5.jpg | https://saakshakinni.com/wp-content/uploads/2026/03/028_F6.jpg | https://saakshakinni.com/wp-content/uploads/2026/03/028_F7.jpg | https://saakshakinni.com/wp-content/uploads/2026/03/028_F8.jpg | https://saakshakinni.com/wp-content/uploads/2026/03/028_F9.jpg | https://saakshakinni.com/wp-content/uploads/2026/03/028_B1.jpg","https://saakshakinni.com/wp-content/uploads/2026/03/028_F1.jpg","0","0"
"27446","Lana Dress","26SS_088_R","https://saakshakinni.com/product/lana-dress/","variable","12000","12000","12000","False","INR",,,"ESTAMPA | DRESSES","SIZE: L, M, S, XL, XS, XXL, XXXL | Notes: - | Delivery: Made to order. Delivery takes 4 weeks | Care: Dry Clean Only","Abstract Floral Print Closed Neck, Long Sleeved Fitted Maxi Dress Material – Stretch Jersey Color – Grey Slight imperfections or variations in the colour, print and texture of the textile are inherent to the characteristics of the fabric and add to the unique design of every piece Model’s height : 5’9 Model is wearing : Size S NOTE : Please mention your height with heels while placing your order.","","https://saakshakinni.com/wp-content/uploads/2026/03/033_F1.jpg | https://saakshakinni.com/wp-content/uploads/2026/03/033_F2.jpg | https://saakshakinni.com/wp-content/uploads/2026/03/033_F6.jpg | https://saakshakinni.com/wp-content/uploads/2026/03/033_F5.jpg | https://saakshakinni.com/wp-content/uploads/2026/03/033_F4.jpg | https://saakshakinni.com/wp-content/uploads/2026/03/033_F3.jpg | https://saakshakinni.com/wp-content/uploads/2026/03/033_B1.jpg","https://saakshakinni.com/wp-content/uploads/2026/03/033_F1.jpg","0","0"
"27442","Juana Bodysuit &#038; Oakley Skirt","26SS_064_R / 26SS_032_R","https://saakshakinni.com/product/juana-bodysuit-oakley-skirt/","variable","9500","9500","9500","False","INR",,,"ESTAMPA | BODYSUIT | SKIRTS","SIZE: L, M, S, XL, XS, XXL, XXXL | SET: Bodysuit, Skirt, Full Set | Notes: - | Delivery: Made to order. Delivery takes 4 weeks | Care: Dry Clean Only","Bodysuit : Closed Neck, Long Sleeve Bodysuit Material – Lycra Color – Black Skirt : Abstract Multi Print Fabric Tassel Skirt With Side Trailing Detail Material – Chiffon / Crepe / Cotton Silk Color – Multi Slight imperfections or variations in the colour, print and texture of the textile are inherent to the characteristics of the fabric and add to the unique design of every piece Model’s height : 5’9 Model is wearing : Size S NOTE : Please mention your height with heels while placing your order.","","https://saakshakinni.com/wp-content/uploads/2026/03/032_F1.jpg | https://saakshakinni.com/wp-content/uploads/2026/03/032_F2.jpg | https://saakshakinni.com/wp-content/uploads/2026/03/032_F3.jpg | https://saakshakinni.com/wp-content/uploads/2026/03/032_F4.jpg | https://saakshakinni.com/wp-content/uploads/2026/03/032_F5.jpg | https://saakshakinni.com/wp-content/uploads/2026/03/032_B1.jpg","https://saakshakinni.com/wp-content/uploads/2026/03/032_F1.jpg","0","0"
"27437","Rebekkah Blazer, Juana Bodysuit &#038; Oakley Skirt","26SS_072_R / 26SS_064_R / 26SS_032_R","https://saakshakinni.com/product/rebekkah-blazer-juana-bodysuit-oakley-skirt/","variable","9500","9500","9500","False","INR",,,"ESTAMPA | BODYSUIT | JACKETS | SKIRTS","SIZE: L, M, S, XL, XS, XXL, XXXL | SET: Blazer, Bodysuit, Skirt, Full Set | Notes: Blazer : Print placement will vary from piece to piece | Delivery: Made to order. Delivery takes 4 weeks | Care: Dry Clean Only","Blazer : Abstract Print Relaxed Fit Blazer Material – Crepe Color – Multi Bodysuit : Closed Neck, Long Sleeve Bodysuit Material – Lycra Color – Black Skirt : Abstract Multi Print Fabric Tassel Skirt With Side Trailing Detail Material – Chiffon / Crepe / Cotton Silk Color – Multi Slight imperfections or variations in the colour, print and texture of the textile are inherent to the characteristics of the fabric and add to the unique design of every piece Model’s height : 5’9 Model is wearing : Size S NOTE : Please mention your height with heels while placing your order.","","https://saakshakinni.com/wp-content/uploads/2026/03/031_F1.jpg | https://saakshakinni.com/wp-content/uploads/2026/03/031_F2.jpg | https://saakshakinni.com/wp-content/uploads/2026/03/031_F3.jpg | https://saakshakinni.com/wp-content/uploads/2026/03/031_B1.jpg","https://saakshakinni.com/wp-content/uploads/2026/03/031_F1.jpg","0","0"
"27430","Winslet Dress","26SS_079_R","https://saakshakinni.com/product/winslet-dress/","variable","23500","23500","23500","False","INR",,,"ESTAMPA | DRESSES","SIZE: L, M, S, XL, XS, XXL, XXXL | Notes: Print placement will vary from piece to piece | Delivery: Made to order. Delivery takes 4 weeks | Care: Dry Clean Only","Abstract Tribal Print Dress With Fitted Bodice, Hand Micro Pleat Draped Style Skirt And Adjustable Hand Embroidered Mirror And Tassel Length Material – Stretch Jersey / Poly Florence Chiffon Color – Multi Slight imperfections or variations in the colour, print and texture of the textile are inherent to the characteristics of the fabric and add to the unique design of every piece Model’s height : 5’9 Model is wearing : Size S NOTE : Please mention your height with heels while placing your order.","","https://saakshakinni.com/wp-content/uploads/2026/03/030_F1.jpg | https://saakshakinni.com/wp-content/uploads/2026/03/030_F2.jpg | https://saakshakinni.com/wp-content/uploads/2026/03/030_F3.jpg | https://saakshakinni.com/wp-content/uploads/2026/03/030_F4.jpg | https://saakshakinni.com/wp-content/uploads/2026/03/030_F5.jpg | https://saakshakinni.com/wp-content/uploads/2026/03/030_F6.jpg | https://saakshakinni.com/wp-content/uploads/2026/03/030_B1.jpg","https://saakshakinni.com/wp-content/uploads/2026/03/030_F1.jpg","0","0"
"27426","Gigi Blouse &#038; Vellora Palazzo","26SS_094_R / 26SS_095_R","https://saakshakinni.com/product/gigi-blouse-vellora-palazzo/","variable","10000","10000","10000","False","INR",,,"ESTAMPA | BLOUSE | PANTS","SIZE: L, M, S, XL, XS, XXL, XXXL | SET: Blouse, Palazzo, Full Set | Notes: Print placement will vary from piece to piece | Delivery: Made to order. Delivery takes 4 weeks | Care: Dry Clean Only","Blouse : Abstract Print T-Shirt Style Long Sleeve, Boat Neck Blouse Material – Lycra Color – Multi Palazzo : Abstract Print High Waist, Wide Leg Palazzo With Side Pockets Material – Habutai Color – Multi Slight imperfections or variations in the colour, print and texture of the textile are inherent to the characteristics of the fabric and add to the unique design of every piece Model’s height : 5’9 Model is wearing : Size S NOTE : Please mention your height with heels while placing your order.","","https://saakshakinni.com/wp-content/uploads/2026/03/029_F1.jpg | https://saakshakinni.com/wp-content/uploads/2026/03/029_F2.jpg | https://saakshakinni.com/wp-content/uploads/2026/03/029_F3.jpg | https://saakshakinni.com/wp-content/uploads/2026/03/029_F4.jpg | https://saakshakinni.com/wp-content/uploads/2026/03/029_F5.jpg | https://saakshakinni.com/wp-content/uploads/2026/03/029_F6.jpg | https://saakshakinni.com/wp-content/uploads/2026/03/029_F7.jpg | https://saakshakinni.com/wp-content/uploads/2026/03/029_B1.jpg","https://saakshakinni.com/wp-content/uploads/2026/03/029_F1.jpg","0","0"
"27417","Belen Trench, Juniper Bustier &#038; Jeja Trousers","26SS_009_R / 26SS_077_R / 26SS_010_R","https://saakshakinni.com/product/belen-trench-juniper-bustier-jeja-trousers/","variable","6000","6000","6000","False","INR",,,"ESTAMPA | BUSTIER | TRENCH | TROUSERS","SIZE: L, M, S, XL, XS, XXL, XXXL | SET: Trench, Bustier, Trousers, Full Set | Notes: Print placement will vary from piece to piece | Delivery: Made to order. Delivery takes 4 weeks | Care: Dry Clean Only","Trench : Abstract Multi Patchwork Print Oversize Trench Coat With Detachable Belt Material – Silk Organza Color – Multi Bustier : Abstract Multi Patchwork Print Square Neck Bustier Material – Stretch Jersey Color – Multi Trousers : Abstract Multi Patchwork Print High Waist Trousers With Side Pockets Material – Satin Twill Color – Multi Slight imperfections or variations in the colour, print and texture of the textile are inherent to the characteristics of the fabric and add to the unique design of every piece Model’s height : 5’9 Model is wearing : Size S NOTE : Please mention your height with heels while placing your order.","","https://saakshakinni.com/wp-content/uploads/2026/03/027_F1.jpg | https://saakshakinni.com/wp-content/uploads/2026/03/027_F2.jpg | https://saakshakinni.com/wp-content/uploads/2026/03/027_F3.jpg | https://saakshakinni.com/wp-content/uploads/2026/03/027_F4.jpg | https://saakshakinni.com/wp-content/uploads/2026/03/027_F5.jpg | https://saakshakinni.com/wp-content/uploads/2026/03/027_F6.jpg | https://saakshakinni.com/wp-content/uploads/2026/03/027_F7.jpg | https://saakshakinni.com/wp-content/uploads/2026/03/027_B1.jpg | https://saakshakinni.com/wp-content/uploads/2026/03/027_B2.jpg","https://saakshakinni.com/wp-content/uploads/2026/03/027_F1.jpg","0","0"
"27471","Sylvia Dress","26SS_067_R","https://saakshakinni.com/product/sylvia-dress-2/","variable","19000","19000","19000","False","INR",,,"ESTAMPA | DRESSES","SIZE: L, M, S, XL, XS, XXL, XXXL | Notes: Print placement will vary from piece to piece | Delivery: Made to order. Delivery takes 4 weeks | Care: Dry Clean Only","Abstract Floral And Doodle Print One Shoulder Tie Up Column Dress Material – Crepe Color – Black/Multi Slight imperfections or variations in the colour, print and texture of the textile are inherent to the characteristics of the fabric and add to the unique design of every piece Model’s height : 5’9 Model is wearing : Size S NOTE : Please mention your height with heels while placing your order.","","https://saakshakinni.com/wp-content/uploads/2026/03/040_F1.jpg | https://saakshakinni.com/wp-content/uploads/2026/03/040_F2.jpg | https://saakshakinni.com/wp-content/uploads/2026/03/040_F7.jpg | https://saakshakinni.com/wp-content/uploads/2026/03/040_F6.jpg | https://saakshakinni.com/wp-content/uploads/2026/03/040_F5.jpg | https://saakshakinni.com/wp-content/uploads/2026/03/040_F4.jpg | https://saakshakinni.com/wp-content/uploads/2026/03/040_F3.jpg | https://saakshakinni.com/wp-content/uploads/2026/03/040_B1.jpg","https://saakshakinni.com/wp-content/uploads/2026/03/040_F1.jpg","0","0"
"27466","Belen Trench, Zavi Blouse &#038; Vellora Trousers","26SS_040_R / 26SS_034_R / 26SS_041_R","https://saakshakinni.com/product/belen-trench-zavi-blouse-vellora-trousers/","variable","10000","10000","10000","False","INR",,,"ESTAMPA | BLOUSE | TRENCH | TROUSERS","SIZE: L, M, S, XL, XS, XXL, XXXL | SET: Trench, Blouse, Trousers, Full Set | Notes: Print placement will vary from piece to piece | Delivery: Made to order. Delivery takes 4 weeks | Care: Dry Clean Only","Trench : Abstract Floral Multi Patchwork Print Oversize Trench Coat With Detachable Belt Material – Silk Organza Color – Pink/Multi Blouse : Abstract Floral Print T-Shirt Style Long Sleeve, Boat Neck Blouse Material – Stretch Jersey Color – Pink/Multi Trousers : Abstract Floral Print Sheer, Shorts Lined High Waist Trousers With Side Pocket Detailing Material – Silk Organza With Crepe Lining Color – Pink/Multi Slight imperfections or variations in the colour, print and texture of the textile are inherent to the characteristics of the fabric and add to the unique design of every piece Model’s height : 5’9 Model is wearing : Size S NOTE : Please mention your height with heels while placing your order.","","https://saakshakinni.com/wp-content/uploads/2026/03/039_F1.jpg | https://saakshakinni.com/wp-content/uploads/2026/03/039_F2.jpg | https://saakshakinni.com/wp-content/uploads/2026/03/039_F6.jpg | https://saakshakinni.com/wp-content/uploads/2026/03/039_F5.jpg | https://saakshakinni.com/wp-content/uploads/2026/03/039_F4.jpg | https://saakshakinni.com/wp-content/uploads/2026/03/039_F3.jpg | https://saakshakinni.com/wp-content/uploads/2026/03/039_B2.jpg | https://saakshakinni.com/wp-content/uploads/2026/03/039_B1.jpg","https://saakshakinni.com/wp-content/uploads/2026/03/039_F1.jpg","0","0"
"27464","Lana Dress","26SS_044_R","https://saakshakinni.com/product/lana-dress-2/","variable","16000","16000","16000","False","INR",,,"ESTAMPA | DRESSES","SIZE: L, M, S, XL, XS, XXL, XXXL | Notes: Print placement will vary from piece to piece | Delivery: Made to order. Delivery takes 4 weeks | Care: Dry Clean Only","Abstract Print Closed Neck, Long Sleeved Fitted Maxi Dress Material – Lycra Color – Multi Slight imperfections or variations in the colour, print and texture of the textile are inherent to the characteristics of the fabric and add to the unique design of every piece Model’s height : 5’9 Model is wearing : Size S NOTE : Please mention your height with heels while placing your order.","","https://saakshakinni.com/wp-content/uploads/2026/03/038_F1.jpg | https://saakshakinni.com/wp-content/uploads/2026/03/038_F2.jpg | https://saakshakinni.com/wp-content/uploads/2026/03/038_F7.jpg | https://saakshakinni.com/wp-content/uploads/2026/03/038_F6.jpg | https://saakshakinni.com/wp-content/uploads/2026/03/038_F5.jpg | https://saakshakinni.com/wp-content/uploads/2026/03/038_F4.jpg | https://saakshakinni.com/wp-content/uploads/2026/03/038_F3.jpg | https://saakshakinni.com/wp-content/uploads/2026/03/038_B1.jpg","https://saakshakinni.com/wp-content/uploads/2026/03/038_F1.jpg","0","0"
"27462","Janora Dress","26SS_029_R","https://saakshakinni.com/product/janora-dress/","variable","29500","29500","29500","False","INR",,,"ESTAMPA | DRESSES","SIZE: L, M, S, XL, XS, XXL, XXXL | Notes: - | Delivery: Made to order. Delivery takes 4 weeks | Care: Dry Clean Only","Abstract Floral Sleeveless Sweetheart Neckline Maxi Dress With Half And Half Hand Micro Pleat Detailing And Customisable Centre Slit Material – Chiffon / Habutai Color – Multi Slight imperfections or variations in the colour, print and texture of the textile are inherent to the characteristics of the fabric and add to the unique design of every piece Model’s height : 5’9 Model is wearing : Size S NOTE : Please mention your height with heels while placing your order.","","https://saakshakinni.com/wp-content/uploads/2026/03/037_F1.jpg | https://saakshakinni.com/wp-content/uploads/2026/03/037_F2.jpg | https://saakshakinni.com/wp-content/uploads/2026/03/037_F8.jpg | https://saakshakinni.com/wp-content/uploads/2026/03/037_F7.jpg | https://saakshakinni.com/wp-content/uploads/2026/03/037_F6.jpg | https://saakshakinni.com/wp-content/uploads/2026/03/037_F5.jpg | https://saakshakinni.com/wp-content/uploads/2026/03/037_F4.jpg | https://saakshakinni.com/wp-content/uploads/2026/03/037_F3.jpg | https://saakshakinni.com/wp-content/uploads/2026/03/037_B1.jpg","https://saakshakinni.com/wp-content/uploads/2026/03/037_F1.jpg","0","0"
"27458","Zavi Blouse &#038; Marieya Skirt","26SS_016_R / 26SS_015_R","https://saakshakinni.com/product/zavi-blouse-marieya-skirt/","variable","10000","10000","10000","False","INR",,,"ESTAMPA | BLOUSE | SKIRTS","SIZE: L, M, S, XL, XS, XXL, XXXL | SET: Blouse, Skirt, Full Set | Notes: Skirt : Print placement will vary from piece to piece | Delivery: Made to order. Delivery takes 4 weeks | Care: Dry Clean Only","Blouse : Tribal Print Inspired T-Shirt Style Long Sleeve, Boat Neck Blouse Material – Stretch Jersey Color – Multi Skirt : Abstract Tribal Print High, Tiered Waist Skirt With Frill Detailing Material – Stretch Jersey / Habutai / Chiffon / Satin Twill Color – Multi Slight imperfections or variations in the colour, print and texture of the textile are inherent to the characteristics of the fabric and add to the unique design of every piece Model’s height : 5’9 Model is wearing : Size S NOTE : Please mention your height with heels while placing your order.","","https://saakshakinni.com/wp-content/uploads/2026/03/036_F1.jpg | https://saakshakinni.com/wp-content/uploads/2026/03/036_F2.jpg | https://saakshakinni.com/wp-content/uploads/2026/03/036_F6.jpg | https://saakshakinni.com/wp-content/uploads/2026/03/036_F5.jpg | https://saakshakinni.com/wp-content/uploads/2026/03/036_F4.jpg | https://saakshakinni.com/wp-content/uploads/2026/03/036_F3.jpg | https://saakshakinni.com/wp-content/uploads/2026/03/036_B1.jpg","https://saakshakinni.com/wp-content/uploads/2026/03/036_F1.jpg","0","0"
"27452","Genesis Cape &#038; Gigi Skirt","26SS_104_R / 26SS_114_R","https://saakshakinni.com/product/genesis-cape-gigi-skirt/","variable","12000","12000","12000","False","INR",,,"ESTAMPA | CAPES | SKIRTS","SIZE: L, M, S, XL, XS, XXL, XXXL | SET: Cape, Skirt, Full Set | Notes: - | Delivery: Made to order. Delivery takes 4 weeks | Care: Dry Clean Only","Cape : Abstract Floral And Doodle Print Elongated Wing Like Kaftan Inspired Cape Material – Habutai Color – Ivory/Multi Skirt : Hand Micro Pleat Asymmetric Maxi Skirt With Zipper Detailing Material – Poly Florence Chiffon Color – Black Slight imperfections or variations in the colour, print and texture of the textile are inherent to the characteristics of the fabric and add to the unique design of every piece Model’s height : 5’9 Model is wearing : Size S NOTE : Please mention your height with heels while placing your order.","","https://saakshakinni.com/wp-content/uploads/2026/03/035_F1.jpg | https://saakshakinni.com/wp-content/uploads/2026/03/035_F2.jpg | https://saakshakinni.com/wp-content/uploads/2026/03/035_F3.jpg | https://saakshakinni.com/wp-content/uploads/2026/03/035_F4.jpg | https://saakshakinni.com/wp-content/uploads/2026/03/035_F5.jpg | https://saakshakinni.com/wp-content/uploads/2026/03/035_F6.jpg | https://saakshakinni.com/wp-content/uploads/2026/03/035_B1.jpg","https://saakshakinni.com/wp-content/uploads/2026/03/035_F1.jpg","0","0"
"27448","Keha Blouse &#038; Keha Skirt","26SS_004_R / 26SS_005_R","https://saakshakinni.com/product/keha-blouse-keha-skirt/","variable","8500","8500","8500","False","INR",,,"ESTAMPA | BLOUSE | SKIRTS","SIZE: L, M, S, XL, XS, XXL, XXXL | SET: Blouse, Skirt, Full Set | Notes: Skirt : Print placement will vary from piece to piece | Delivery: Made to order. Delivery takes 4 weeks | Care: Dry Clean Only","Blouse : Abstract Stripe Print Halter Neck Bralette Material – Poly Florence Chiffon Color – Multi Skirt : Abstract Stripe Print Asymmetric, Hand Micro Pleat Sarong Inspired Skirt With Cascading Panel Material – Poly Florence Chiffon Color – Multi Slight imperfections or variations in the colour, print and texture of the textile are inherent to the characteristics of the fabric and add to the unique design of every piece Model’s height : 5’9 Model is wearing : Size S NOTE : Please mention your height with heels while placing your order.","","https://saakshakinni.com/wp-content/uploads/2026/03/034_F1.jpg | https://saakshakinni.com/wp-content/uploads/2026/03/034_F2.jpg | https://saakshakinni.com/wp-content/uploads/2026/03/034_F6.jpg | https://saakshakinni.com/wp-content/uploads/2026/03/034_F5.jpg | https://saakshakinni.com/wp-content/uploads/2026/03/034_F4.jpg | https://saakshakinni.com/wp-content/uploads/2026/03/034_F3.jpg | https://saakshakinni.com/wp-content/uploads/2026/03/034_B1.jpg","https://saakshakinni.com/wp-content/uploads/2026/03/034_F1.jpg","0","0"
"27501","Fia Dress","26SS_047_R","https://saakshakinni.com/product/fia-dress/","variable","19000","19000","19000","False","INR",,,"ESTAMPA | DRESSES","SIZE: L, M, S, XL, XS, XXL, XXXL | Notes: - | Delivery: Made to order. Delivery takes 4 weeks | Care: Dry Clean Only","Dual Denim Stripe Sweetheart Neck A Line Midi Dress With Softly Flared Skirt Material – Denim Color – Grey Slight imperfections or variations in the colour, print and texture of the textile are inherent to the characteristics of the fabric and add to the unique design of every piece Model’s height : 5’9 Model is wearing : Size S NOTE : Please mention your height with heels while placing your order.","","https://saakshakinni.com/wp-content/uploads/2026/03/047_F1.jpg | https://saakshakinni.com/wp-content/uploads/2026/03/047_F2.jpg | https://saakshakinni.com/wp-content/uploads/2026/03/047_F6.jpg | https://saakshakinni.com/wp-content/uploads/2026/03/047_F5.jpg | https://saakshakinni.com/wp-content/uploads/2026/03/047_F4.jpg | https://saakshakinni.com/wp-content/uploads/2026/03/047_F3.jpg | https://saakshakinni.com/wp-content/uploads/2026/03/047_B1.jpg","https://saakshakinni.com/wp-content/uploads/2026/03/047_F1.jpg","0","0"
"27497","Zavi Blouse &#038; Jasper Skirt","26SS_001_R / 26SS_002_R","https://saakshakinni.com/product/zavi-blouse-jasper-skirt/","variable","10000","10000","10000","False","INR",,,"ESTAMPA | BLOUSE | SKIRTS","SIZE: L, M, S, XL, XS, XXL, XXXL | SET: Blouse, Skirt, Full Set | Notes: - | Delivery: Made to order. Delivery takes 4 weeks | Care: Dry Clean Only","Blouse : Abstract Stripe Print T-Shirt Style Long Sleeve, Boat Neck Blouse Material – Stretch Jersey Color – Multi Skirt : Multi Abstract Stripe Print Fit And Flare Maxi Skirt Material – Cotton Lycra / Stretch Jersey Color – Multi Slight imperfections or variations in the colour, print and texture of the textile are inherent to the characteristics of the fabric and add to the unique design of every piece Model’s height : 5’9 Model is wearing : Size S NOTE : Please mention your height with heels while placing your order.","","https://saakshakinni.com/wp-content/uploads/2026/03/046_F1.jpg | https://saakshakinni.com/wp-content/uploads/2026/03/046_F2.jpg | https://saakshakinni.com/wp-content/uploads/2026/03/046_F7.jpg | https://saakshakinni.com/wp-content/uploads/2026/03/046_F6.jpg | https://saakshakinni.com/wp-content/uploads/2026/03/046_F5.jpg | https://saakshakinni.com/wp-content/uploads/2026/03/046_F4.jpg | https://saakshakinni.com/wp-content/uploads/2026/03/046_F3.jpg | https://saakshakinni.com/wp-content/uploads/2026/03/046_B1.jpg","https://saakshakinni.com/wp-content/uploads/2026/03/046_F1.jpg","0","0"
"27493","Seria Dress","26SS_065_R","https://saakshakinni.com/product/seria-dress/","variable","24000","24000","24000","False","INR",,,"ESTAMPA | DRESSES","SIZE: L, M, S, XL, XS, XXL, XXXL | Notes: - | Delivery: Made to order. Delivery takes 4 weeks | Care: Dry Clean Only","Abstract Floral Print Sleeveless Midi Dress With Softly Flared Skirt Material – Stretch Cotton Color – Black/Grey Slight imperfections or variations in the colour, print and texture of the textile are inherent to the characteristics of the fabric and add to the unique design of every piece Model’s height : 5’9 Model is wearing : Size S NOTE : Please mention your height with heels while placing your order.","","https://saakshakinni.com/wp-content/uploads/2026/03/045_F1.jpg | https://saakshakinni.com/wp-content/uploads/2026/03/045_F2.jpg | https://saakshakinni.com/wp-content/uploads/2026/03/045_F3.jpg | https://saakshakinni.com/wp-content/uploads/2026/03/045_B1.jpg","https://saakshakinni.com/wp-content/uploads/2026/03/045_F1.jpg","0","0"
"27491","Riley Dress","26SS_073_R","https://saakshakinni.com/product/riley-dress/","variable","50500","50500","50500","False","INR",,,"ESTAMPA | DRESSES","SIZE: L, M, S, XL, XS, XXL, XXXL | Notes: - | Delivery: Made to order. Delivery takes 4 weeks | Care: Dry Clean Only","Multi Abstract Print Intricate Fabric Tassel Mini Strapless Dress With Side Trailing Detail Material – Lycra / Chiffon Color – Multi Slight imperfections or variations in the colour, print and texture of the textile are inherent to the characteristics of the fabric and add to the unique design of every piece Model’s height : 5’9 Model is wearing : Size S NOTE : Please mention your height with heels while placing your order.","","https://saakshakinni.com/wp-content/uploads/2026/03/044_F1.jpg | https://saakshakinni.com/wp-content/uploads/2026/03/044_F2.jpg | https://saakshakinni.com/wp-content/uploads/2026/03/044_F9.jpg | https://saakshakinni.com/wp-content/uploads/2026/03/044_F8.jpg | https://saakshakinni.com/wp-content/uploads/2026/03/044_F7.jpg | https://saakshakinni.com/wp-content/uploads/2026/03/044_F6.jpg | https://saakshakinni.com/wp-content/uploads/2026/03/044_F5.jpg | https://saakshakinni.com/wp-content/uploads/2026/03/044_F4.jpg | https://saakshakinni.com/wp-content/uploads/2026/03/044_F3.jpg | https://saakshakinni.com/wp-content/uploads/2026/03/044_B1.jpg","https://saakshakinni.com/wp-content/uploads/2026/03/044_F1.jpg","0","0"
"27482","Fler Cover Up / Kaftan","26SS_025_R","https://saakshakinni.com/product/fler-cover-up-kaftan/","variable","15000","15000","15000","False","INR",,,"ESTAMPA | KAFTAN","SIZE: L, M, S, XL, XS, XXL, XXXL | Notes: Bikini and bikini bottoms sold separately | Delivery: Made to order. Delivery takes 4 weeks | Care: Dry Clean Only","Abstract Floral Print Cover Up With Scallop Trimmed Edge And Sheer Side Mirror And Tassel Hand Embroidered Tie Ups Material – Habutai / Silk Organza Color – Multi Slight imperfections or variations in the colour, print and texture of the textile are inherent to the characteristics of the fabric and add to the unique design of every piece Model’s height : 5’9 Model is wearing : Size S NOTE : Please mention your height with heels while placing your order.","","https://saakshakinni.com/wp-content/uploads/2026/03/042_F1.jpg | https://saakshakinni.com/wp-content/uploads/2026/03/042_F2.jpg | https://saakshakinni.com/wp-content/uploads/2026/03/042_F7.jpg | https://saakshakinni.com/wp-content/uploads/2026/03/042_F6.jpg | https://saakshakinni.com/wp-content/uploads/2026/03/042_F5.jpg | https://saakshakinni.com/wp-content/uploads/2026/03/042_F4.jpg | https://saakshakinni.com/wp-content/uploads/2026/03/042_F3.jpg | https://saakshakinni.com/wp-content/uploads/2026/03/042_B1.jpg","https://saakshakinni.com/wp-content/uploads/2026/03/042_F1.jpg","0","0"
"27477","Belen Trench, Arleth Bralette &#038; Vellora Trousers","26SS_017_R / 26SS_085_R / 26SS_113_R","https://saakshakinni.com/product/belen-trench-arleth-bralette-vellora-trousers/","variable","11000","11000","11000","False","INR",,,"ESTAMPA | BRALETTE | TRENCH | TROUSERS","SIZE: L, M, S, XL, XS, XXL, XXXL | SET: Trench, Bralette, Trousers, Full Set | Notes: Print placement will vary from piece to piece

Trousers are sheer - can be lined on request | Delivery: Made to order. Delivery takes 4 weeks | Care: Dry Clean Only","Trench : Abstract Floral Multi Patchwork Print Oversize Trench Coat With Detachable Belt Material – Silk Tissue Color – Gold Bralette : Abstract Floral Print Triangular Bralette Material – Silk Tissue / Cotton Silk Color – Gold Trousers : Abstract Floral Print Sheer, High Waist Trousers With Side Pocket Detailing Material – Silk Tissue Color – Gold Slight imperfections or variations in the colour, print and texture of the textile are inherent to the characteristics of the fabric and add to the unique design of every piece Model’s height : 5’9 Model is wearing : Size S NOTE : Please mention your height with heels while placing your order.","","https://saakshakinni.com/wp-content/uploads/2026/03/041_F1.jpg | https://saakshakinni.com/wp-content/uploads/2026/03/041_F2.jpg | https://saakshakinni.com/wp-content/uploads/2026/03/041_F6.jpg | https://saakshakinni.com/wp-content/uploads/2026/03/041_F5.jpg | https://saakshakinni.com/wp-content/uploads/2026/03/041_F4.jpg | https://saakshakinni.com/wp-content/uploads/2026/03/041_F3.jpg | https://saakshakinni.com/wp-content/uploads/2026/03/041_B1.jpg","https://saakshakinni.com/wp-content/uploads/2026/03/041_F1.jpg","0","0"
"27527","Cassidy Dress","26SS_105_R","https://saakshakinni.com/product/cassidy-dress/","variable","13000","13000","13000","False","INR",,,"ESTAMPA | DRESSES","SIZE: L, M, S, XL, XS, XXL, XXXL | Notes: - | Delivery: Made to order. Delivery takes 4 weeks | Care: Dry Clean Only","Dual Stripe Print, High Neck Column Midi Dress Material – Denim Color – Blue/Grey Slight imperfections or variations in the colour, print and texture of the textile are inherent to the characteristics of the fabric and add to the unique design of every piece Model’s height : 5’9 Model is wearing : Size S NOTE : Please mention your height with heels while placing your order.","","https://saakshakinni.com/wp-content/uploads/2026/03/056_F1.jpg | https://saakshakinni.com/wp-content/uploads/2026/03/056_F2.jpg | https://saakshakinni.com/wp-content/uploads/2026/03/056_F5.jpg | https://saakshakinni.com/wp-content/uploads/2026/03/056_F4.jpg | https://saakshakinni.com/wp-content/uploads/2026/03/056_F3.jpg | https://saakshakinni.com/wp-content/uploads/2026/03/056_B1.jpg","https://saakshakinni.com/wp-content/uploads/2026/03/056_F1.jpg","0","0"
"27523","Melia Blouse &#038; Eden Skirt","26SS_110_R / 26SS_074_R","https://saakshakinni.com/product/melia-blouse-eden-skirt/","variable","21000","21000","21000","False","INR",,,"ESTAMPA | BLOUSE | SKIRTS","SIZE: L, M, S, XL, XS, XXL, XXS, XXXL | SET: Blouse, Skirt, Full Set | Notes: - | Delivery: Made to order. Delivery takes 4 weeks | Care: Dry Clean Only","Blouse : Sleeveless Intricate Fabric Tassel High Neck Blouse With Hanging Detailing Material – Lycra / Chiffon Color – Black Skirt : Multi Abstract Print Intricate Fabric Tassel High Waist Skirt Material – Lycra / Chiffon Color – Multi Slight imperfections or variations in the colour, print and texture of the textile are inherent to the characteristics of the fabric and add to the unique design of every piece Model’s height : 5’9 Model is wearing : Size S NOTE : Please mention your height with heels while placing your order.","","https://saakshakinni.com/wp-content/uploads/2026/03/055_F1.jpg | https://saakshakinni.com/wp-content/uploads/2026/03/055_F2.jpg | https://saakshakinni.com/wp-content/uploads/2026/03/055_F7.jpg | https://saakshakinni.com/wp-content/uploads/2026/03/055_F6.jpg | https://saakshakinni.com/wp-content/uploads/2026/03/055_F5.jpg | https://saakshakinni.com/wp-content/uploads/2026/03/055_F4.jpg | https://saakshakinni.com/wp-content/uploads/2026/03/055_F3.jpg | https://saakshakinni.com/wp-content/uploads/2026/03/055_B1.jpg","https://saakshakinni.com/wp-content/uploads/2026/03/055_F1.jpg","0","0"
"27519","Rebekkah Blazer &#038; Millie Dress","26SS_066_R / 26SS_099_R","https://saakshakinni.com/product/rebekkah-blazer-millie-dress/","variable","21500","21500","21500","False","INR",,,"ESTAMPA | DRESSES | JACKETS","SIZE: L, M, S, XL, XS, XXL, XXXL | SET: Blazer, Dress, Full Set | Notes: Print placement will vary from piece to piece | Delivery: Made to order. Delivery takes 4 weeks | Care: Dry Clean Only","Blazer : Abstract Floral And Doodle Print Relaxed Fit Blazer Material – Crepe Color – Multi Dress : Abstract Doodle Print Hand Micro Pleat Sweetheart Neck Mini Dress With Knot Detailing Material – Chiffon Color – Multi Slight imperfections or variations in the colour, print and texture of the textile are inherent to the characteristics of the fabric and add to the unique design of every piece Model’s height : 5’9 Model is wearing : Size S NOTE : Please mention your height with heels while placing your order.","","https://saakshakinni.com/wp-content/uploads/2026/03/054_F1.jpg | https://saakshakinni.com/wp-content/uploads/2026/03/054_F2.jpg | https://saakshakinni.com/wp-content/uploads/2026/03/054_F8.jpg | https://saakshakinni.com/wp-content/uploads/2026/03/054_F7.jpg | https://saakshakinni.com/wp-content/uploads/2026/03/054_F6.jpg | https://saakshakinni.com/wp-content/uploads/2026/03/054_F5.jpg | https://saakshakinni.com/wp-content/uploads/2026/03/054_F4.jpg | https://saakshakinni.com/wp-content/uploads/2026/03/054_F3.jpg | https://saakshakinni.com/wp-content/uploads/2026/03/054_B1.jpg | https://saakshakinni.com/wp-content/uploads/2026/03/054_B2.jpg","https://saakshakinni.com/wp-content/uploads/2026/03/054_F1.jpg","0","0"
"27517","Marilyn Dress","26SS_051_R","https://saakshakinni.com/product/marilyn-dress-5/","variable","20000","20000","20000","False","INR",,,"ESTAMPA | DRESSES","SIZE: L, M, S, XL, XS, XXL, XXXL | Notes: Print placement will vary from piece to piece | Delivery: Made to order. Delivery takes 4 weeks | Care: Dry Clean Only","Abstract Multi Patchwork Print, Sweetheart Neckline Summer Flared Frock With Adjustable Straps Material – Cotton Cambric Color – Multi Slight imperfections or variations in the colour, print and texture of the textile are inherent to the characteristics of the fabric and add to the unique design of every piece Model’s height : 5’9 Model is wearing : Size S NOTE : Please mention your height with heels while placing your order.","","https://saakshakinni.com/wp-content/uploads/2026/03/053_F1.jpg | https://saakshakinni.com/wp-content/uploads/2026/03/053_F2.jpg | https://saakshakinni.com/wp-content/uploads/2026/03/053_F6.jpg | https://saakshakinni.com/wp-content/uploads/2026/03/053_F5.jpg | https://saakshakinni.com/wp-content/uploads/2026/03/053_F4.jpg | https://saakshakinni.com/wp-content/uploads/2026/03/053_F3.jpg | https://saakshakinni.com/wp-content/uploads/2026/03/053_B1.jpg","https://saakshakinni.com/wp-content/uploads/2026/03/053_F1.jpg","0","0"
"27515","Kimi Trench","26SS_089_R","https://saakshakinni.com/product/kimi-trench/","variable","64000","64000","64000","False","INR",,,"ESTAMPA | TRENCH","SIZE: L, M, S, XL, XS, XXL, XXXL | Notes: Print placement will vary from piece to piece | Delivery: Made to order. Delivery takes 4 weeks | Care: Dry Clean Only","Abstract Floral Print Intricate Fabric Tassel Oversize Trench Coat Material – Satin Twill / Chiffon Color – Grey Slight imperfections or variations in the colour, print and texture of the textile are inherent to the characteristics of the fabric and add to the unique design of every piece Model’s height : 5’9 Model is wearing : Size S NOTE : Please mention your height with heels while placing your order.","","https://saakshakinni.com/wp-content/uploads/2026/03/052_F1.jpg | https://saakshakinni.com/wp-content/uploads/2026/03/052_F2.jpg | https://saakshakinni.com/wp-content/uploads/2026/03/052_F4.jpg | https://saakshakinni.com/wp-content/uploads/2026/03/052_F3.jpg | https://saakshakinni.com/wp-content/uploads/2026/03/052_B1.jpg","https://saakshakinni.com/wp-content/uploads/2026/03/052_F1.jpg","0","0"
"27512","Erika Dress","26SS_031_R","https://saakshakinni.com/product/erika-dress/","variable","21000","21000","21000","False","INR",,,"ESTAMPA | DRESSES","SIZE: L, M, S, XL, XS, XXL, XXXL | Notes: - | Delivery: Made to order. Delivery takes 4 weeks | Care: Dry Clean Only","Abstract Floral Print A Line Dress With Scallop Trim Plunging Neckline And Customisable Centre Slit Detailing Material – Cotton Lycra Color – Multi Slight imperfections or variations in the colour, print and texture of the textile are inherent to the characteristics of the fabric and add to the unique design of every piece Model’s height : 5’9 Model is wearing : Size S NOTE : Please mention your height with heels while placing your order.","","https://saakshakinni.com/wp-content/uploads/2026/03/051_F1.jpg | https://saakshakinni.com/wp-content/uploads/2026/03/051_F2.jpg | https://saakshakinni.com/wp-content/uploads/2026/03/051_F6.jpg | https://saakshakinni.com/wp-content/uploads/2026/03/051_F5.jpg | https://saakshakinni.com/wp-content/uploads/2026/03/051_F4.jpg | https://saakshakinni.com/wp-content/uploads/2026/03/051_F3.jpg | https://saakshakinni.com/wp-content/uploads/2026/03/051_B1.jpg","https://saakshakinni.com/wp-content/uploads/2026/03/051_F1.jpg","0","0"
"27510","Gemma Dress","26SS_038_R","https://saakshakinni.com/product/gemma-dress/","variable","23000","23000","23000","False","INR",,,"ESTAMPA | DRESSES","SIZE: L, M, S, XL, XS, XXL, XXXL | Notes: - | Delivery: Made to order. Delivery takes 4 weeks | Care: Dry Clean Only","Abstract Floral Print, Halter Neck Maxi Dress With Pleated Fitted Bodice And Soft Flare Skirt Material – Stretch Jersey / Chiffon Color – Pink/Multi Slight imperfections or variations in the colour, print and texture of the textile are inherent to the characteristics of the fabric and add to the unique design of every piece Model’s height : 5’9 Model is wearing : Size S NOTE : Please mention your height with heels while placing your order.","","https://saakshakinni.com/wp-content/uploads/2026/03/050_F1.jpg | https://saakshakinni.com/wp-content/uploads/2026/03/050_F2.jpg | https://saakshakinni.com/wp-content/uploads/2026/03/050_F9.jpg | https://saakshakinni.com/wp-content/uploads/2026/03/050_F8.jpg | https://saakshakinni.com/wp-content/uploads/2026/03/050_F7.jpg | https://saakshakinni.com/wp-content/uploads/2026/03/050_F6.jpg | https://saakshakinni.com/wp-content/uploads/2026/03/050_F5.jpg | https://saakshakinni.com/wp-content/uploads/2026/03/050_F4.jpg | https://saakshakinni.com/wp-content/uploads/2026/03/050_F3.jpg | https://saakshakinni.com/wp-content/uploads/2026/03/050_B1.jpg","https://saakshakinni.com/wp-content/uploads/2026/03/050_F1.jpg","0","0"
"27508","Coral Dress","26SS_046_R","https://saakshakinni.com/product/coral-dress/","variable","40500","40500","40500","False","INR",,,"ESTAMPA | DRESSES","SIZE: L, M, S, XL, XS, XXL, XXXL | Notes: Print placement will vary from piece to piece | Delivery: Made to order. Delivery takes 4 weeks | Care: Dry Clean Only","Abstract Floral And Doodle Print Inspired, Layered And Ruffled, Sleeveless Maxi Dress With Ruffled And Frill Bodice Detailing Material – Crepe / Chiffon Color – Multi Slight imperfections or variations in the colour, print and texture of the textile are inherent to the characteristics of the fabric and add to the unique design of every piece Model’s height : 5’9 Model is wearing : Size S NOTE : Please mention your height with heels while placing your order.","","https://saakshakinni.com/wp-content/uploads/2026/03/049_F1.jpg | https://saakshakinni.com/wp-content/uploads/2026/03/049_F2.jpg | https://saakshakinni.com/wp-content/uploads/2026/03/049_F6.jpg | https://saakshakinni.com/wp-content/uploads/2026/03/049_F5.jpg | https://saakshakinni.com/wp-content/uploads/2026/03/049_F4.jpg | https://saakshakinni.com/wp-content/uploads/2026/03/049_F3.jpg | https://saakshakinni.com/wp-content/uploads/2026/03/049_B1.jpg","https://saakshakinni.com/wp-content/uploads/2026/03/049_F1.jpg","0","0"
"27503","Rebekkah Blazer, Nyla Blouse &#038; Sloane Skirt","26SS_080_R / 26SS_108_R / 26SS_111_R","https://saakshakinni.com/product/rebekkah-blazer-nyla-blouse-sloane-skirt/","variable","5000","5000","5000","False","INR",,,"ESTAMPA | BLOUSE | JACKETS | SKIRTS","SIZE: L, M, S, XL, XS, XXL, XXXL | SET: Blazer, Blouse, Skirt, Full Set | Notes: - | Delivery: Made to order. Delivery takes 4 weeks | Care: Dry Clean Only","Blazer : Abstract Floral Print Relaxed Fit Blazer Material – Crepe Color – Multi Blouse : Scoop Neck Camisole Material – Satin Color – Black Skirt : Intricate Hand Embroidered Abstract Floral Motif, Cutwork Appliqué Mini Skirt Material – Cambric Color – Multi Slight imperfections or variations in the colour, print and texture of the textile are inherent to the characteristics of the fabric and add to the unique design of every piece Model’s height : 5’9 Model is wearing : Size S NOTE : Please mention your height with heels while placing your order.","","https://saakshakinni.com/wp-content/uploads/2026/03/048_F1.jpg | https://saakshakinni.com/wp-content/uploads/2026/03/048_F2.jpg | https://saakshakinni.com/wp-content/uploads/2026/03/048_F9.jpg | https://saakshakinni.com/wp-content/uploads/2026/03/048_F8.jpg | https://saakshakinni.com/wp-content/uploads/2026/03/048_F7.jpg | https://saakshakinni.com/wp-content/uploads/2026/03/048_F6.jpg | https://saakshakinni.com/wp-content/uploads/2026/03/048_F5.jpg | https://saakshakinni.com/wp-content/uploads/2026/03/048_F4.jpg | https://saakshakinni.com/wp-content/uploads/2026/03/048_F3.jpg | https://saakshakinni.com/wp-content/uploads/2026/03/048_B1.jpg | https://saakshakinni.com/wp-content/uploads/2026/03/048_B2.jpg","https://saakshakinni.com/wp-content/uploads/2026/03/048_F1.jpg","0","0"
"27564","Gigi Blouse &#038; Dracy Skirt","26SS_100_R / 26SS_101_R","https://saakshakinni.com/product/gigi-blouse-dracy-skirt/","variable","10000","10000","10000","False","INR",,,"ESTAMPA | BLOUSE | SKIRTS","SIZE: L, M, S, XL, XS, XXL, XXXL | SET: Blouse, Skirt, Full Set | Notes: Blouse : Print placement will vary from piece to piece | Delivery: Made to order. Delivery takes 4 weeks | Care: Dry Clean Only","Blouse : Abstract Floral Print T-Shirt Style Long Sleeve, Boat Neck Blouse Material – Lycra Color – Multi Skirt : Abstract Doodle Print High Waist Soft Flare Maxi Skirt Material – Cambric Color – Multi Slight imperfections or variations in the colour, print and texture of the textile are inherent to the characteristics of the fabric and add to the unique design of every piece Model’s height : 5’9 Model is wearing : Size S NOTE : Please mention your height with heels while placing your order.","","https://saakshakinni.com/wp-content/uploads/2026/03/064_F1.jpg | https://saakshakinni.com/wp-content/uploads/2026/03/064_F2.jpg | https://saakshakinni.com/wp-content/uploads/2026/03/064_F8.jpg | https://saakshakinni.com/wp-content/uploads/2026/03/064_F7.jpg | https://saakshakinni.com/wp-content/uploads/2026/03/064_F6.jpg | https://saakshakinni.com/wp-content/uploads/2026/03/064_F5.jpg | https://saakshakinni.com/wp-content/uploads/2026/03/064_F4.jpg | https://saakshakinni.com/wp-content/uploads/2026/03/064_F3.jpg | https://saakshakinni.com/wp-content/uploads/2026/03/064_B1.jpg","https://saakshakinni.com/wp-content/uploads/2026/03/064_F1.jpg","0","0"
"27559","Rebekkah Blazer, Juniper Bustier &#038; Cinnora Skort","26SS_011_R / 26SS_077_R / 26SS_064_R","https://saakshakinni.com/product/rebekkah-blazer-juniper-bustier-cinnora-skort/","variable","6000","6000","6000","False","INR",,,"ESTAMPA | BUSTIER | JACKETS | SKORT","SIZE: L, M, S, XL, XS, XXL, XXXL | SET: Blazer, Bustier, Skort, Full Set | Notes: Print placement will vary from piece to piece | Delivery: Made to order. Delivery takes 4 weeks | Care: Dry Clean Only","Blazer : Abstract Multi Patchwork Print, Relaxed Fit Blazer Material – Crepe Color – Multi Bustier : Abstract Multi Patchwork Print, Square Neck Bustier Material – Stretch Jersey Color – Multi Skort : Abstract Multi Patchwork Print, High Waist Skort Material – Cotton Cambric Color – Multi Slight imperfections or variations in the colour, print and texture of the textile are inherent to the characteristics of the fabric and add to the unique design of every piece Model’s height : 5’9 Model is wearing : Size S NOTE : Please mention your height with heels while placing your order.","","https://saakshakinni.com/wp-content/uploads/2026/03/063_F1.jpg | https://saakshakinni.com/wp-content/uploads/2026/03/063_F2.jpg | https://saakshakinni.com/wp-content/uploads/2026/03/063_F6.jpg | https://saakshakinni.com/wp-content/uploads/2026/03/063_F5.jpg | https://saakshakinni.com/wp-content/uploads/2026/03/063_F4.jpg | https://saakshakinni.com/wp-content/uploads/2026/03/063_F3.jpg | https://saakshakinni.com/wp-content/uploads/2026/03/063_B1.jpg | https://saakshakinni.com/wp-content/uploads/2026/03/063_B2.jpg","https://saakshakinni.com/wp-content/uploads/2026/03/063_F1.jpg","0","0"
"27551","Bellamy Shirt &#038; Emira Shorts","26SS_068_R / 26SS_064_R","https://saakshakinni.com/product/bellamy-shirt-emira-shorts/","variable","17500","17500","17500","False","INR",,,"ESTAMPA | BUSTIER | TROUSERS","SIZE: L, M, S, XL, XS, XXL, XXXL | SET: Shirt, Shorts, Full Set | Notes: - | Delivery: Made to order. Delivery takes 4 weeks | Care: Dry Clean Only","Shirt : Dual Stripe Print Batwing Sheer Shirt Material – Denim / Silk Organza Color – Blue/Grey Shorts : Stripe Print Patchwork Denim High Waist Shorts With Side Pockets Material – Denim Color – Blue/Grey Slight imperfections or variations in the colour, print and texture of the textile are inherent to the characteristics of the fabric and add to the unique design of every piece Model’s height : 5’9 Model is wearing : Size S NOTE : Please mention your height with heels while placing your order.","","https://saakshakinni.com/wp-content/uploads/2026/03/062_F1.jpg | https://saakshakinni.com/wp-content/uploads/2026/03/062_F2.jpg | https://saakshakinni.com/wp-content/uploads/2026/03/062_F6.jpg | https://saakshakinni.com/wp-content/uploads/2026/03/062_F5.jpg | https://saakshakinni.com/wp-content/uploads/2026/03/062_F4.jpg | https://saakshakinni.com/wp-content/uploads/2026/03/062_F3.jpg | https://saakshakinni.com/wp-content/uploads/2026/03/062_B1.jpg","https://saakshakinni.com/wp-content/uploads/2026/03/062_F1.jpg","0","0"
"27549","Rochelle Dress","26SS_026_R","https://saakshakinni.com/product/rochelle-dress-2/","variable","27500","27500","27500","False","INR",,,"ESTAMPA | DRESSES","SIZE: L, M, S, XL, XS, XXL, XXXL | Notes: Print placement will vary from piece to piece | Delivery: Made to order. Delivery takes 4 weeks | Care: Dry Clean Only","Abstract Floral Print, Hand Micro Pleat Asymmetric Dress With Adjustable Straps, Customisable Side Slit And Sweetheart Neckline Material – Chiffon Color – Multi Slight imperfections or variations in the colour, print and texture of the textile are inherent to the characteristics of the fabric and add to the unique design of every piece Model’s height : 5’9 Model is wearing : Size S NOTE : Please mention your height with heels while placing your order.","","https://saakshakinni.com/wp-content/uploads/2026/03/061_F1.jpg | https://saakshakinni.com/wp-content/uploads/2026/03/061_F2.jpg | https://saakshakinni.com/wp-content/uploads/2026/03/061_F7.jpg | https://saakshakinni.com/wp-content/uploads/2026/03/061_F6.jpg | https://saakshakinni.com/wp-content/uploads/2026/03/061_F5.jpg | https://saakshakinni.com/wp-content/uploads/2026/03/061_F4.jpg | https://saakshakinni.com/wp-content/uploads/2026/03/061_F3.jpg | https://saakshakinni.com/wp-content/uploads/2026/03/061_B1.jpg","https://saakshakinni.com/wp-content/uploads/2026/03/061_F1.jpg","0","0"
"27547","Meherin Dress","26SS_013_R","https://saakshakinni.com/product/meherin-dress/","variable","29000","29000","29000","False","INR",,,"ESTAMPA | DRESSES","SIZE: L, M, S, XL, XS, XXL, XXXL | Notes: Print placement will vary from piece to piece | Delivery: Made to order. Delivery takes 4 weeks | Care: Dry Clean Only","Abstract Tribal Print Asymmetric Sleeveless Dress With Ruffled Skirt And Fitted Bodice Material – Satin Twill / Chiffon Color – Multi Slight imperfections or variations in the colour, print and texture of the textile are inherent to the characteristics of the fabric and add to the unique design of every piece Model’s height : 5’9 Model is wearing : Size S NOTE : Please mention your height with heels while placing your order.","","https://saakshakinni.com/wp-content/uploads/2026/03/060_F1.jpg | https://saakshakinni.com/wp-content/uploads/2026/03/060_F2.jpg | https://saakshakinni.com/wp-content/uploads/2026/03/060_F7.jpg | https://saakshakinni.com/wp-content/uploads/2026/03/060_F6.jpg | https://saakshakinni.com/wp-content/uploads/2026/03/060_F5.jpg | https://saakshakinni.com/wp-content/uploads/2026/03/060_F4.jpg | https://saakshakinni.com/wp-content/uploads/2026/03/060_F3.jpg | https://saakshakinni.com/wp-content/uploads/2026/03/060_B1.jpg","https://saakshakinni.com/wp-content/uploads/2026/03/060_F1.jpg","0","0"
"27545","Lima Dress","26SS_045_R","https://saakshakinni.com/product/lima-dress/","variable","18000","18000","18000","False","INR",,,"ESTAMPA | DRESSES","SIZE: L, M, S, XL, XS, XXL, XXXL | Notes: Print placement will vary from piece to piece | Delivery: Made to order. Delivery takes 4 weeks | Care: Dry Clean Only","One Shoulder Maxi Dress With Long Sleeve, Fitted Bodice And Abstract Floral Print Asymmetric Tiered Skirt Material – Chiffon / Lycra Color – Black/Multi Slight imperfections or variations in the colour, print and texture of the textile are inherent to the characteristics of the fabric and add to the unique design of every piece Model’s height : 5’9 Model is wearing : Size S NOTE : Please mention your height with heels while placing your order.","","https://saakshakinni.com/wp-content/uploads/2026/03/059_F1.jpg | https://saakshakinni.com/wp-content/uploads/2026/03/059_F2.jpg | https://saakshakinni.com/wp-content/uploads/2026/03/059_F7.jpg | https://saakshakinni.com/wp-content/uploads/2026/03/059_F6.jpg | https://saakshakinni.com/wp-content/uploads/2026/03/059_F5.jpg | https://saakshakinni.com/wp-content/uploads/2026/03/059_F4.jpg | https://saakshakinni.com/wp-content/uploads/2026/03/059_F3.jpg | https://saakshakinni.com/wp-content/uploads/2026/03/059_B1.jpg","https://saakshakinni.com/wp-content/uploads/2026/03/059_F1.jpg","0","0"
"27543","Lisseth Dress","26SS_076_R","https://saakshakinni.com/product/lisseth-dress/","variable","19500","19500","19500","False","INR",,,"ESTAMPA | DRESSES","SIZE: L, M, S, XL, XS, XXL, XXXL | Notes: Print placement will vary from piece to piece | Delivery: Made to order. Delivery takes 4 weeks | Care: Dry Clean Only","Abstract Multi Patchwork Print, High Neck Mini Dress With Side Bow Detailing Material – Satin Twill / Stretch Jersey Color – Multi Slight imperfections or variations in the colour, print and texture of the textile are inherent to the characteristics of the fabric and add to the unique design of every piece Model’s height : 5’9 Model is wearing : Size S NOTE : Please mention your height with heels while placing your order.","","https://saakshakinni.com/wp-content/uploads/2026/03/058_F1.jpg | https://saakshakinni.com/wp-content/uploads/2026/03/058_F2.jpg | https://saakshakinni.com/wp-content/uploads/2026/03/058_F7.jpg | https://saakshakinni.com/wp-content/uploads/2026/03/058_F6.jpg | https://saakshakinni.com/wp-content/uploads/2026/03/058_F5.jpg | https://saakshakinni.com/wp-content/uploads/2026/03/058_F4.jpg | https://saakshakinni.com/wp-content/uploads/2026/03/058_F3.jpg | https://saakshakinni.com/wp-content/uploads/2026/03/058_B1.jpg","https://saakshakinni.com/wp-content/uploads/2026/03/058_F1.jpg","0","0"
"27529","Valen Dress","26SS_042_R","https://saakshakinni.com/product/valen-dress/","variable","32000","32000","32000","False","INR",,,"ESTAMPA | DRESSES","SIZE: L, M, S, XL, XS, XXL, XXXL | Notes: Print placement will vary from piece to piece | Delivery: Made to order. Delivery takes 4 weeks | Care: Dry Clean Only","Abstract Floral Print Hand Micro Pleat Kaftan Style Dress With Adjustable Drawstring Length, Off Shoulder Trail And Fitted Bodice Material – Poly Florence Chiffon / Stretch Jersey Color – Pink/Multi Slight imperfections or variations in the colour, print and texture of the textile are inherent to the characteristics of the fabric and add to the unique design of every piece Model’s height : 5’9 Model is wearing : Size S NOTE : Please mention your height with heels while placing your order.","","https://saakshakinni.com/wp-content/uploads/2026/03/057_F1.jpg | https://saakshakinni.com/wp-content/uploads/2026/03/057_F2.jpg | https://saakshakinni.com/wp-content/uploads/2026/03/057_F7.jpg | https://saakshakinni.com/wp-content/uploads/2026/03/057_F6.jpg | https://saakshakinni.com/wp-content/uploads/2026/03/057_F5.jpg | https://saakshakinni.com/wp-content/uploads/2026/03/057_F4.jpg | https://saakshakinni.com/wp-content/uploads/2026/03/057_F3.jpg | https://saakshakinni.com/wp-content/uploads/2026/03/057_B1.jpg","https://saakshakinni.com/wp-content/uploads/2026/03/057_F1.jpg","0","0"
"27580","Sonam Dress","26SS_055_R","https://saakshakinni.com/product/sonam-dress-3/","variable","25500","25500","25500","False","INR",,,"ESTAMPA | DRESSES","SIZE: L, M, S, XL, XS, XXL, XXXL | Notes: Cotton slip included

Print placement will vary from piece to piece | Delivery: Made to order. Delivery takes 4 weeks | Care: Dry Clean Only","Abstract Floral And Doodle Print Midi Dress With Tie Up Sleeves, Button Closure And Sheer Sides Material – Chanderi / Silk Organza Color – Multi (Slip Is Included) Slight imperfections or variations in the colour, print and texture of the textile are inherent to the characteristics of the fabric and add to the unique design of every piece Model’s height : 5’9 Model is wearing : Size S NOTE : Please mention your height with heels while placing your order.","","https://saakshakinni.com/wp-content/uploads/2026/03/070_F1.jpg | https://saakshakinni.com/wp-content/uploads/2026/03/070_F2.jpg | https://saakshakinni.com/wp-content/uploads/2026/03/070_F5.jpg | https://saakshakinni.com/wp-content/uploads/2026/03/070_F4.jpg | https://saakshakinni.com/wp-content/uploads/2026/03/070_F3.jpg | https://saakshakinni.com/wp-content/uploads/2026/03/070_B1.jpg","https://saakshakinni.com/wp-content/uploads/2026/03/070_F1.jpg","0","0"
"27578","Marilyn Dress","26SS_103_R","https://saakshakinni.com/product/marilyn-dress-6/","variable","20000","20000","20000","False","INR",,,"ESTAMPA | DRESSES","SIZE: L, M, S, XL, XS, XXL, XXXL | Notes: - | Delivery: Made to order. Delivery takes 4 weeks | Care: Dry Clean Only","Abstract Floral And Doodle Print Sweetheart Neckline Summer Flared Frock With Adjustable Straps Material – Cotton Cambric Color – Ivory/Multi Slight imperfections or variations in the colour, print and texture of the textile are inherent to the characteristics of the fabric and add to the unique design of every piece Model’s height : 5’9 Model is wearing : Size S NOTE : Please mention your height with heels while placing your order.","","https://saakshakinni.com/wp-content/uploads/2026/03/069_F1.jpg | https://saakshakinni.com/wp-content/uploads/2026/03/069_F2.jpg | https://saakshakinni.com/wp-content/uploads/2026/03/069_F8.jpg | https://saakshakinni.com/wp-content/uploads/2026/03/069_F7.jpg | https://saakshakinni.com/wp-content/uploads/2026/03/069_F6.jpg | https://saakshakinni.com/wp-content/uploads/2026/03/069_F5.jpg | https://saakshakinni.com/wp-content/uploads/2026/03/069_F4.jpg | https://saakshakinni.com/wp-content/uploads/2026/03/069_F3.jpg | https://saakshakinni.com/wp-content/uploads/2026/03/069_B1.jpg","https://saakshakinni.com/wp-content/uploads/2026/03/069_F1.jpg","0","0"
"27576","Cleo Dress","26SS_036_R","https://saakshakinni.com/product/cleo-dress-2/","variable","23000","23000","23000","False","INR",,,"ESTAMPA | DRESSES","SIZE: L, M, S, XL, XS, XXL, XXXL | Notes: Print placement will vary from piece to piece | Delivery: Made to order. Delivery takes 4 weeks | Care: Dry Clean Only","Abstract Floral Print One Shoulder Hand Micro Pleat Maxi Dress With Side Keyhole Detailing Material – Poly Satin Color – Pink/Multi Slight imperfections or variations in the colour, print and texture of the textile are inherent to the characteristics of the fabric and add to the unique design of every piece Model’s height : 5’9 Model is wearing : Size S NOTE : Please mention your height with heels while placing your order.","","https://saakshakinni.com/wp-content/uploads/2026/03/068_F1.jpg | https://saakshakinni.com/wp-content/uploads/2026/03/068_F2.jpg | https://saakshakinni.com/wp-content/uploads/2026/03/068_F5.jpg | https://saakshakinni.com/wp-content/uploads/2026/03/068_F4.jpg | https://saakshakinni.com/wp-content/uploads/2026/03/068_F3.jpg | https://saakshakinni.com/wp-content/uploads/2026/03/068_B1.jpg","https://saakshakinni.com/wp-content/uploads/2026/03/068_F1.jpg","0","0"
"27574","Viveka Dress","26SS_030_R","https://saakshakinni.com/product/viveka-dress/","variable","29000","29000","29000","False","INR",,,"ESTAMPA | DRESSES","SIZE: L, M, S, XL, XS, XXL, XXXL | Notes: Print placement will vary from piece to piece | Delivery: Made to order. Delivery takes 4 weeks | Care: Dry Clean Only","Abstract Floral Print Asymmetric One Shoulder Dress With Hand Micro Pleat Bodice And Tiered Frill Skirt Material – Chiffon / Cotton Silk Color – Multi Slight imperfections or variations in the colour, print and texture of the textile are inherent to the characteristics of the fabric and add to the unique design of every piece Model’s height : 5’9 Model is wearing : Size S NOTE : Please mention your height with heels while placing your order.","","https://saakshakinni.com/wp-content/uploads/2026/03/067_F1.jpg | https://saakshakinni.com/wp-content/uploads/2026/03/067_F2.jpg | https://saakshakinni.com/wp-content/uploads/2026/03/067_F5.jpg | https://saakshakinni.com/wp-content/uploads/2026/03/067_F4.jpg | https://saakshakinni.com/wp-content/uploads/2026/03/067_F3.jpg | https://saakshakinni.com/wp-content/uploads/2026/03/067_B1.jpg","https://saakshakinni.com/wp-content/uploads/2026/03/067_F1.jpg","0","0"
"27570","Bellamy Shirt &#038; Jax Jeans","26SS_057_R / 26SS_060_R","https://saakshakinni.com/product/bellamy-shirt-jax-jeans/","variable","17500","17500","17500","False","INR",,,"ESTAMPA | JEANS | SHIRT","SIZE: L, M, S, XL, XS, XXL, XXXL | SET: Shirt, Jeans, Full Set | Notes: - | Delivery: Made to order. Delivery takes 4 weeks | Care: Dry Clean Only","Shirt : Multi Stripe Print Batwing Sheer Shirt Material – Cotton Stretch / Silk Organza Color – Multi Jeans : Stripe Print Patchwork Denim High Waist Jeans With Side Pockets Material – Denim Color – Blue/Grey Slight imperfections or variations in the colour, print and texture of the textile are inherent to the characteristics of the fabric and add to the unique design of every piece Model’s height : 5’9 Model is wearing : Size S NOTE : Please mention your height with heels while placing your order.","","https://saakshakinni.com/wp-content/uploads/2026/03/066_F1.jpg | https://saakshakinni.com/wp-content/uploads/2026/03/066_F2.jpg | https://saakshakinni.com/wp-content/uploads/2026/03/066_F4.jpg | https://saakshakinni.com/wp-content/uploads/2026/03/066_F3.jpg | https://saakshakinni.com/wp-content/uploads/2026/03/066_B1.jpg","https://saakshakinni.com/wp-content/uploads/2026/03/066_F1.jpg","0","0"
"27568","Selia Dress","26SS_012_R","https://saakshakinni.com/product/selia-dress/","variable","17000","17000","17000","False","INR",,,"ESTAMPA | DRESSES","SIZE: L, M, S, XL, XS, XXL, XXXL | Notes: Print placement will vary from piece to piece | Delivery: Made to order. Delivery takes 4 weeks | Care: Dry Clean Only","Abstract Ikat Print Kimono Wrap Style Mini Dress With Batwing Sleeves Material – Stretch Cotton Color – Multi Slight imperfections or variations in the colour, print and texture of the textile are inherent to the characteristics of the fabric and add to the unique design of every piece Model’s height : 5’9 Model is wearing : Size S NOTE : Please mention your height with heels while placing your order.","","https://saakshakinni.com/wp-content/uploads/2026/03/065_F1.jpg | https://saakshakinni.com/wp-content/uploads/2026/03/065_F2.jpg | https://saakshakinni.com/wp-content/uploads/2026/03/065_F4.jpg | https://saakshakinni.com/wp-content/uploads/2026/03/065_F3.jpg | https://saakshakinni.com/wp-content/uploads/2026/03/065_B1.jpg","https://saakshakinni.com/wp-content/uploads/2026/03/065_F1.jpg","0","0"
"27596","Rebekkah Blazer, Zavi Blouse &#038; Zora Skirt","26SS_093_R / 26SS_034_R / 26SS_035_R","https://saakshakinni.com/product/rebekkah-blazer-zavi-blouse-zora-skirt/","variable","10000","10000","10000","False","INR",,,"ESTAMPA | BLOUSE | JACKETS | SKIRTS","SIZE: L, M, S, XL, XS, XXL, XXXL | SET: Blazer, Blouse, Skirt, Full Set | Notes: Print placement will vary from piece to piece | Delivery: Made to order. Delivery takes 4 weeks | Care: Dry Clean Only","Blazer : Abstract Floral Print Relaxed Fit Blazer Material – Crepe Color – Pink/Multi Blouse : Abstract Floral Print T-Shirt Style Long Sleeve, Boat Neck Blouse Material – Stretch Jersey Color – Pink/Multi Skirt : Abstract Floral Print, Hand Micro Pleat High Waist Midi Skirt Material – Poly Florence Chiffon / Stretch Jersey Color – Pink/Multi Slight imperfections or variations in the colour, print and texture of the textile are inherent to the characteristics of the fabric and add to the unique design of every piece Model’s height : 5’9 Model is wearing : Size S NOTE : Please mention your height with heels while placing your order.","","https://saakshakinni.com/wp-content/uploads/2026/03/074_F1.jpg | https://saakshakinni.com/wp-content/uploads/2026/03/074_F2.jpg | https://saakshakinni.com/wp-content/uploads/2026/03/074_F4.jpg | https://saakshakinni.com/wp-content/uploads/2026/03/074_F3.jpg | https://saakshakinni.com/wp-content/uploads/2026/03/074_B1.jpg","https://saakshakinni.com/wp-content/uploads/2026/03/074_F1.jpg","0","0"
"27592","Monica Blouse &#038; Monica Skirt","26SS_033_R / 26SS_116_R","https://saakshakinni.com/product/monica-blouse-monica-skirt-2/","variable","15500","15500","15500","False","INR",,,"ESTAMPA | BLOUSE | SKIRTS","SIZE: L, M, S, XL, XS, XXL, XXXL | SET: Blouse, Skirt, Full Set | Notes: Print placement will vary from piece to piece | Delivery: Made to order. Delivery takes 4 weeks | Care: Dry Clean Only","Blouse : Abstract Floral Print Inspired Hand Micro Pleat Kaftan Style Blouse With Adjustable Drawstring Waist And Sleeves, And Front Zip Closure Material – Cotton Silk Color – Multi Skirt : Abstract Floral Print Inspired, High Waist, Hand Micro Pleat Skirt Material – Poly Florence Chiffon / Stretch Jersey Color – Multi Slight imperfections or variations in the colour, print and texture of the textile are inherent to the characteristics of the fabric and add to the unique design of every piece Model’s height : 5’9 Model is wearing : Size S NOTE : Please mention your height with heels while placing your order.","","https://saakshakinni.com/wp-content/uploads/2026/03/073_F1.jpg | https://saakshakinni.com/wp-content/uploads/2026/03/073_F2.jpg | https://saakshakinni.com/wp-content/uploads/2026/03/073_F5.jpg | https://saakshakinni.com/wp-content/uploads/2026/03/073_F4.jpg | https://saakshakinni.com/wp-content/uploads/2026/03/073_F3.jpg | https://saakshakinni.com/wp-content/uploads/2026/03/073_B1.jpg","https://saakshakinni.com/wp-content/uploads/2026/03/073_F1.jpg","0","0"
"27584","Starlet Dress","26SS_028_R","https://saakshakinni.com/product/starlet-dress/","variable","11000","11000","11000","False","INR",,,"ESTAMPA | DRESSES","SIZE: L, M, S, XL, XS, XXL, XXXL | Notes: - | Delivery: Made to order. Delivery takes 4 weeks | Care: Dry Clean Only","Abstract Floral Print, Closed Neck, Fitted Sleeveless Column Dress With Soft Flare Skirt Material – Stretch Jersey Color – Multi Slight imperfections or variations in the colour, print and texture of the textile are inherent to the characteristics of the fabric and add to the unique design of every piece Model’s height : 5’9 Model is wearing : Size S NOTE : Please mention your height with heels while placing your order.","","https://saakshakinni.com/wp-content/uploads/2026/03/072_F1.jpg | https://saakshakinni.com/wp-content/uploads/2026/03/072_F2.jpg | https://saakshakinni.com/wp-content/uploads/2026/03/072_F4.jpg | https://saakshakinni.com/wp-content/uploads/2026/03/072_F3.jpg | https://saakshakinni.com/wp-content/uploads/2026/03/072_B1.jpg","https://saakshakinni.com/wp-content/uploads/2026/03/072_F1.jpg","0","0"
"27582","Tira Kaftan","26SS_027_R","https://saakshakinni.com/product/tira-kaftan/","variable","12000","12000","12000","False","INR",,,"ESTAMPA | KAFTAN","SIZE: L, M, S, XL, XS, XXL, XXXL | Notes: - | Delivery: Made to order. Delivery takes 4 weeks | Care: Dry Clean Only","Abstract Floral Print One Shoulder Kaftan Style Dress With Cinched Waist Detailing Material – Habutai Color – Multi Slight imperfections or variations in the colour, print and texture of the textile are inherent to the characteristics of the fabric and add to the unique design of every piece Model’s height : 5’9 Model is wearing : Size S NOTE : Please mention your height with heels while placing your order.","","https://saakshakinni.com/wp-content/uploads/2026/03/071_F1.jpg | https://saakshakinni.com/wp-content/uploads/2026/03/071_F2.jpg | https://saakshakinni.com/wp-content/uploads/2026/03/071_F8.jpg | https://saakshakinni.com/wp-content/uploads/2026/03/071_F7.jpg | https://saakshakinni.com/wp-content/uploads/2026/03/071_F6.jpg | https://saakshakinni.com/wp-content/uploads/2026/03/071_F5.jpg | https://saakshakinni.com/wp-content/uploads/2026/03/071_F4.jpg | https://saakshakinni.com/wp-content/uploads/2026/03/071_F3.jpg | https://saakshakinni.com/wp-content/uploads/2026/03/071_B1.jpg","https://saakshakinni.com/wp-content/uploads/2026/03/071_F1.jpg","0","0"
"27605","Joyce Bustier &#038; Agatha Sari","26SS_062_R / 26SS_063_R","https://saakshakinni.com/product/joyce-bustier-agatha-sari/","variable","12000","12000","12000","False","INR",,,"ESTAMPA | BUSTIER | SARI","SIZE: L, M, S, XL, XS, XXL, XXXL | SET: Bustier, Sari, Full Set | Notes: - | Delivery: Made to order. Delivery takes 4 weeks | Care: Dry Clean Only","Bustier : Stripe Print Square Neck Bustier Material – Denim Color – Grey Sari : Stripe Print Pre Draped Sari Material – Silk Organza / Crepe Color – Grey Model’s height : 5’9 Model is wearing : Size S NOTE : Please mention your height with heels while placing your order.","","https://saakshakinni.com/wp-content/uploads/2026/03/076_F1.jpg | https://saakshakinni.com/wp-content/uploads/2026/03/076_F2.jpg | https://saakshakinni.com/wp-content/uploads/2026/03/076_F6.jpg | https://saakshakinni.com/wp-content/uploads/2026/03/076_F5.jpg | https://saakshakinni.com/wp-content/uploads/2026/03/076_F4.jpg | https://saakshakinni.com/wp-content/uploads/2026/03/076_F3.jpg | https://saakshakinni.com/wp-content/uploads/2026/03/076_B1.jpg","https://saakshakinni.com/wp-content/uploads/2026/03/076_F1.jpg","0","0"
"27601","Zavi Blouse &#038; Zora Skirt","26SS_034_R / 26SS_035_R","https://saakshakinni.com/product/zavi-blouse-zora-skirt/","variable","10000","10000","10000","False","INR",,,"ESTAMPA | BLOUSE | SKIRTS","SIZE: L, M, S, XL, XS, XXL, XXXL | SET: Blouse, Skirt, Full Set | Notes: Print placement will vary from piece to piece | Delivery: Made to order. Delivery takes 4 weeks | Care: Dry Clean Only","Blouse : Abstract Floral Print T-Shirt Style Long Sleeve, Boat Neck Blouse Material – Stretch Jersey Color – Pink/Multi Skirt : Abstract Floral Print, Hand Micro Pleat High Waist Midi Skirt Material – Poly Florence Chiffon / Stretch Jersey Color – Pink/Multi Slight imperfections or variations in the colour, print and texture of the textile are inherent to the characteristics of the fabric and add to the unique design of every piece Model’s height : 5’9 Model is wearing : Size S NOTE : Please mention your height with heels while placing your order.","","https://saakshakinni.com/wp-content/uploads/2026/03/075_F1.jpg | https://saakshakinni.com/wp-content/uploads/2026/03/075_F2.jpg | https://saakshakinni.com/wp-content/uploads/2026/03/075_F3.jpg | https://saakshakinni.com/wp-content/uploads/2026/03/075_B1.jpg","https://saakshakinni.com/wp-content/uploads/2026/03/075_F1.jpg","0","0"
"24684","Maeva Dress","25AW_089_R","https://saakshakinni.com/product/maeva-dress/","variable","26000","26000","26000","False","INR",,,"AKARA | DRESSES","SIZE: L, M, S, XL, XS, XXL, XXXL | Notes: - | Delivery: Made to order. Delivery takes 4 weeks | Care: Dry Clean Only","Abstract Floral Print Closed Neck Maxi Dress With Long Sleeves And Fitted Bodice Material – Lycra / Chiffon Color – Black/Multi Slight imperfections or variations in the colour, print and texture of the textile are inherent to the characteristics of the fabric and add to the unique design of every piece Model’s height : 5’9 Model is wearing : Size S NOTE : Please mention your height with heels while placing your order.","","https://saakshakinni.com/wp-content/uploads/2025/08/001_F1.jpg | https://saakshakinni.com/wp-content/uploads/2025/08/001_F2.jpg | https://saakshakinni.com/wp-content/uploads/2025/08/001_F3.jpg | https://saakshakinni.com/wp-content/uploads/2025/08/001_F4.jpg | https://saakshakinni.com/wp-content/uploads/2025/08/001_B1.jpg","https://saakshakinni.com/wp-content/uploads/2025/08/001_F1.jpg","0","0"
"26566","Kiara Dress","W4085MR","https://saakshakinni.com/product/kiara-dress-4/","variable","26000","26000","26000","False","INR",,,"BOTANICA | DRESSES","SIZE: L, M, S, XL, XS, XXL, XXXL | Notes: - | Delivery: Made to order. Delivery takes 4 weeks | Care: Dry Clean Only","Daisy Print, Hand Micro Pleat Maxi Dress, With Noodle Straps Material – Chiffon Color – Multi NOTE : Please mention your height with heels while placing your order.","","https://saakshakinni.com/wp-content/uploads/2024/08/010_F1.jpg | https://saakshakinni.com/wp-content/uploads/2024/08/010_F2.jpg | https://saakshakinni.com/wp-content/uploads/2024/08/010_F3.jpg | https://saakshakinni.com/wp-content/uploads/2024/08/010_B1.jpg","https://saakshakinni.com/wp-content/uploads/2024/08/010_F1.jpg","0","0"
"26564","Diamond Dress","W4109MR","https://saakshakinni.com/product/diamond-dress/","variable","23500","23500","23500","False","INR",,,"BOTANICA | DRESSES","SIZE: L, M, S, XL, XS, XXL, XXXL | Notes: - | Delivery: Made to order. Delivery takes 4 weeks | Care: Dry Clean Only","Strapless Gown With Pleated, Side Slit Drape, Keyhole Detailing And Intricate Mirror And Thread Hand Embroidered Panels Material – Satin Color – Black NOTE : Please mention your height with heels while placing your order.","","https://saakshakinni.com/wp-content/uploads/2024/08/091_F1.jpg | https://saakshakinni.com/wp-content/uploads/2024/08/091_F2.jpg | https://saakshakinni.com/wp-content/uploads/2024/08/091_F3.jpg | https://saakshakinni.com/wp-content/uploads/2024/08/091_B1.jpg","https://saakshakinni.com/wp-content/uploads/2024/08/091_F1.jpg","0","0"
"26560","Eloise Dress","W4021MR","https://saakshakinni.com/product/eloise-dress/","variable","26000","26000","26000","False","INR",,,"BOTANICA | DRESSES","SIZE: L, M, S, XL, XS, XXL, XXXL | Notes: - | Delivery: Made to order. Delivery takes 4 weeks | Care: Dry Clean Only","Dual Daisy And Tribal Print, Hand Micro Pleat Dress With Surplice Bodice And Customisable Side Slit Material – Cotton Silk Color – Blue NOTE : Please mention your height with heels while placing your order.","","https://saakshakinni.com/wp-content/uploads/2024/08/082_F1.jpg | https://saakshakinni.com/wp-content/uploads/2024/08/082_F2.jpg | https://saakshakinni.com/wp-content/uploads/2024/08/082_B1.jpg","https://saakshakinni.com/wp-content/uploads/2024/08/082_F1.jpg","0","0"
"26555","Bluey Blouse, Scallop Dupatta &#038; Magnolia Lehenga","W4082MR / W4107MR / W4106MR","https://saakshakinni.com/product/bluey-blouse-scallop-dupatta-magnolia-lehenga/","variable","8000","8000","8000","False","INR",,,"BOTANICA | BLOUSE | LEHENGA","SIZE: L, M, S, XL, XS, XXL, XXXL | SET: Blouse, Dupatta, Lehenga, Full Set | Notes: - | Delivery: Made to order. Delivery takes 4 weeks | Care: Dry Clean Only","BLOUSE : Daisy Print Strapless Bustier With Noodle Straps Material – Cambric Color – Multi DUPATTA : Daisy Print Scalloped Edge Dupatta Material – Chiffon / Organza Color – Green/Purple LEHENGA : Daisy Print High Waist Lehenga With Pockets Material – Chanderi Color – Multi NOTE : Please mention your height with heels while placing your order.","","https://saakshakinni.com/wp-content/uploads/2024/08/084_F1.jpg | https://saakshakinni.com/wp-content/uploads/2024/08/084_B1.jpg","https://saakshakinni.com/wp-content/uploads/2024/08/084_F1.jpg","0","0"
"26553","Madeline Dress","W4093MR","https://saakshakinni.com/product/madeline-dress/","variable","31500","31500","31500","False","INR",,,"BOTANICA | DRESSES","SIZE: L, M, S, XL, XS, XXL, XXXL | Notes: - | Delivery: Made to order. Delivery takes 4 weeks | Care: Dry Clean Only","Daisy Print Tiered Effect Dress With Draped Overlap, Off Shoulder Sleeve Material – Chiffon Color – Multi NOTE : Please mention your height with heels while placing your order.","","https://saakshakinni.com/wp-content/uploads/2024/08/086_F1.jpg | https://saakshakinni.com/wp-content/uploads/2024/08/086_F2.jpg | https://saakshakinni.com/wp-content/uploads/2024/08/086_B1.jpg","https://saakshakinni.com/wp-content/uploads/2024/08/086_F1.jpg","0","0"
"26548","Dolly Cape, Bermuda Bustier &#038; Sass Skirt","W4119MR / W4120MR / W4121MR","https://saakshakinni.com/product/dolly-cape-bermuda-bustier-sass-skirt/","variable","9000","9000","9000","False","INR",,,"BOTANICA | BUSTIER | CAPES | SKIRTS","SIZE: L, M, S, XL, XS, XXL, XXXL | SET: Cape, Bustier, Skirt, Full Set | Notes: - | Delivery: Made to order. Delivery takes 4 weeks | Care: Dry Clean Only","CAPE : Daisy Print Kaftan Style Panelled Cape Material – Chiffon Color – Multi BUSTIER : Intricate Mirror And Thread Work Hand Embroidered Bustier With Hanging Mirrored Tassles Material – Satin Color – Black/Multi SKIRT : High Waist Drape Skirt With Side Slit And Ruffle Detailing Material – 100% Satin Color – Green NOTE : Please mention your height with heels while placing your order.","","https://saakshakinni.com/wp-content/uploads/2024/08/088_F1.jpg | https://saakshakinni.com/wp-content/uploads/2024/08/088_F2.jpg | https://saakshakinni.com/wp-content/uploads/2024/08/088_F3.jpg | https://saakshakinni.com/wp-content/uploads/2024/08/088_B1.jpg","https://saakshakinni.com/wp-content/uploads/2024/08/088_F1.jpg","0","0"
"26546","Sara Dress","W4064MR","https://saakshakinni.com/product/sara-dress-2/","variable","13500","13500","13500","False","INR",,,"BOTANICA | DRESSES","SIZE: L, M, S, XL, XS, XXL, XXXL | Notes: - | Delivery: Made to order. Delivery takes 4 weeks | Care: Dry Clean Only","Daisy Print Dress With Puff, Tie Up Sleeves And Button Closure. Material – Habutai Color – Multi NOTE : Please mention your height with heels while placing your order.","","https://saakshakinni.com/wp-content/uploads/2024/08/068_F1.jpg | https://saakshakinni.com/wp-content/uploads/2024/08/068_F2.jpg | https://saakshakinni.com/wp-content/uploads/2024/08/068_F3.jpg | https://saakshakinni.com/wp-content/uploads/2024/08/068_F4.jpg","https://saakshakinni.com/wp-content/uploads/2024/08/068_F1.jpg","0","0"
"26544","Kiara Dress","W4088MR","https://saakshakinni.com/product/kiara-dress-2/","variable","26000","26000","26000","False","INR",,,"BOTANICA | DRESSES","SIZE: L, M, S, XL, XS, XXL, XXXL | Notes: - | Delivery: Made to order. Delivery takes 4 weeks | Care: Dry Clean Only","Daisy Print, Hand Micro Pleat Maxi Dress, With Noodle Straps Material – Chiffon Color – Multi NOTE : Please mention your height with heels while placing your order.","","https://saakshakinni.com/wp-content/uploads/2024/08/071_F1.jpg | https://saakshakinni.com/wp-content/uploads/2024/08/071_F2.jpg | https://saakshakinni.com/wp-content/uploads/2024/08/071_B1.jpg","https://saakshakinni.com/wp-content/uploads/2024/08/071_F1.jpg","0","0"
"26539","Riley Blouse, Magnolia Lehenga &#038; Scallop Dupatta","W4100MR / W4101MR / W4102MR","https://saakshakinni.com/product/riley-blouse-magnolia-lehenga-scallop-dupatta/","variable","8000","8000","8000","False","INR",,,"BOTANICA | BLOUSE | LEHENGA","SIZE: L, M, S, XL, XS, XXL, XXXL | SET: Blouse, Lehenga, Dupatta, Full Set | Notes: - | Delivery: Made to order. Delivery takes 4 weeks | Care: Dry Clean Only","BLOUSE : Wave Print, Princess Neckline Blouse With Intricate Hand Embroidered Mirror And Thread Work Outline Material – Chiffon / Cotton Silk Color – Blue LEHENGA : Wave Print Scalloped Edge Dupatta Material – Chiffon / Organza Color – Blue DUPATTA : Wave Print High Waist Lehenga With Pockets Material – Chanderi Color – Blue NOTE : Please mention your height with heels while placing your order.","","https://saakshakinni.com/wp-content/uploads/2024/08/073_F1.jpg | https://saakshakinni.com/wp-content/uploads/2024/08/073_F2.jpg | https://saakshakinni.com/wp-content/uploads/2024/08/073_F3.jpg | https://saakshakinni.com/wp-content/uploads/2024/08/073_B1.jpg","https://saakshakinni.com/wp-content/uploads/2024/08/073_F1.jpg","0","0"
"26537","Kathy Dress","W4072MR","https://saakshakinni.com/product/kathy-dress-2/","variable","27500","27500","27500","False","INR",,,"BOTANICA | DRESSES","SIZE: L, M, S, XL, XS, XXL, XXXL | Notes: - | Delivery: Made to order. Delivery takes 4 weeks | Care: Dry Clean Only","Daisy Print Hand Micro Pleat Kaftan Dress With Adjustable Drawstring Length And Off Shoulder Trail Material – Florence Satin Color – Green/Purple NOTE : Please mention your height with heels while placing your order.","","https://saakshakinni.com/wp-content/uploads/2024/08/076_F1.jpg | https://saakshakinni.com/wp-content/uploads/2024/08/076_F2.jpg | https://saakshakinni.com/wp-content/uploads/2024/08/076_B1.jpg","https://saakshakinni.com/wp-content/uploads/2024/08/076_F1.jpg","0","0"
"26535","Raleigh Dress","W4114MR","https://saakshakinni.com/product/raleigh-dress/","variable","27500","27500","27500","False","INR",,,"BOTANICA | DRESSES","SIZE: L, M, S, XL, XS, XXL, XXXL | Notes: - | Delivery: Made to order. Delivery takes 4 weeks | Care: Dry Clean Only","Dual Wave And Daisy Print Sleeveless Maxi Dress With Kaftan Style Drop Shoulder With Adjustable Tie Up Material – Cotton Silk Color – Red NOTE : Please mention your height with heels while placing your order.","","https://saakshakinni.com/wp-content/uploads/2024/08/078_F1.jpg | https://saakshakinni.com/wp-content/uploads/2024/08/078_F2.jpg | https://saakshakinni.com/wp-content/uploads/2024/08/078_B1.jpg","https://saakshakinni.com/wp-content/uploads/2024/08/078_F1.jpg","0","0"
"26533","Daisy Dress","W4054MR","https://saakshakinni.com/product/daisy-dress/","variable","17500","17500","17500","False","INR",,,"BOTANICA | DRESSES","SIZE: L, M, S, XL, XS, XXL, XXXL | Notes: - | Delivery: Made to order. Delivery takes 4 weeks | Care: Dry Clean Only","Daisy Print A Line Dress With Long Sleeves And Key Hole Detailing Material – Cambric Color – Multi NOTE : Please mention your height with heels while placing your order.","","https://saakshakinni.com/wp-content/uploads/2024/08/064_F1.jpg | https://saakshakinni.com/wp-content/uploads/2024/08/064_F2.jpg | https://saakshakinni.com/wp-content/uploads/2024/08/064_F3.jpg | https://saakshakinni.com/wp-content/uploads/2024/08/064_B1.jpg","https://saakshakinni.com/wp-content/uploads/2024/08/064_F1.jpg","0","0"
"26531","Belle Dress","W4038MR","https://saakshakinni.com/product/belle-dress/","variable","19500","19500","19500","False","INR",,,"BOTANICA | DRESSES","SIZE: L, M, S, XL, XS, XXL, XXXL | Notes: - | Delivery: Made to order. Delivery takes 4 weeks | Care: Dry Clean Only","Daisy Print Surplice Bodice Midi Dress With Noodle Straps Material – Cambric Color – Multi NOTE : Please mention your height with heels while placing your order.","","https://saakshakinni.com/wp-content/uploads/2024/08/066_F1.jpg | https://saakshakinni.com/wp-content/uploads/2024/08/066_F2.jpg | https://saakshakinni.com/wp-content/uploads/2024/08/066_B1.jpg","https://saakshakinni.com/wp-content/uploads/2024/08/066_F1.jpg","0","0"
"26529","Dora Dress","W4089MR","https://saakshakinni.com/product/dora-dress/","variable","18000","18000","18000","False","INR",,,"BOTANICA | DRESSES","SIZE: L, M, S, XL, XS, XXL, XXXL | Notes: - | Delivery: Made to order. Delivery takes 4 weeks | Care: Dry Clean Only","Dual Wave And Tribal Print Mini Dress With Draped Bodice And Adjustable Drawstring Kaftan Style Sleeve Material – Satin Color – Black/Multi NOTE : Please mention your height with heels while placing your order.","","https://saakshakinni.com/wp-content/uploads/2024/08/051_F1.jpg | https://saakshakinni.com/wp-content/uploads/2024/08/051_F2.jpg | https://saakshakinni.com/wp-content/uploads/2024/08/051_B1.jpg","https://saakshakinni.com/wp-content/uploads/2024/08/051_F1.jpg","0","0"
"26525","Flara Blouse &#038; Nikki Skirt","W4112MR / W4022MR","https://saakshakinni.com/product/flara-blouse-nikki-skirt/","variable","12500","12500","12500","False","INR",,,"BOTANICA | BLOUSE | SKIRTS","SIZE: L, M, S, XL, XS, XXL, XXXL | SET: Blouse, Skirt, Full Set | Notes: - | Delivery: Made to order. Delivery takes 4 weeks | Care: Dry Clean Only","BLOUSE : Wave Print Sleeveless Boxy Blouse With Intricate Hand Embroidered Thread, Mirror And Tassle Floral Motifs Material – Cambric Color – Black/Multi SKIRT : Tribal Placement Print, High Waist, Box Pleat Flared Midi Skirt Material – Cambric Color – Black/Multi NOTE : Please mention your height with heels while placing your order.","","https://saakshakinni.com/wp-content/uploads/2024/08/042_F1.jpg | https://saakshakinni.com/wp-content/uploads/2024/08/042_F2.jpg | https://saakshakinni.com/wp-content/uploads/2024/08/042_F3.jpg | https://saakshakinni.com/wp-content/uploads/2024/08/042_B1.jpg","https://saakshakinni.com/wp-content/uploads/2024/08/042_F1.jpg","0","0"
"26523","Savannah Dress","W4001MR","https://saakshakinni.com/product/savannah-dress/","variable","22500","22500","22500","False","INR",,,"BOTANICA | DRESSES","SIZE: L, M, S, XL, XS, XXL, XXXL | Notes: - | Delivery: Made to order. Delivery takes 4 weeks | Care: Dry Clean Only","Daisy Print Sweetheart Neck Flared Mini Dress With Sleeves Material – Habutai Color – Multi NOTE : Please mention your height with heels while placing your order.","","https://saakshakinni.com/wp-content/uploads/2024/08/026_F1.jpg | https://saakshakinni.com/wp-content/uploads/2024/08/026_F2.jpg | https://saakshakinni.com/wp-content/uploads/2024/08/026_B1.jpg","https://saakshakinni.com/wp-content/uploads/2024/08/026_F1.jpg","0","0"
"26521","Sage Dress","W4048MR","https://saakshakinni.com/product/sage-dress/","variable","14000","14000","14000","False","INR",,,"BOTANICA | DRESSES","SIZE: L, M, S, XL, XS, XXL, XXXL | Notes: - | Delivery: Made to order. Delivery takes 4 weeks | Care: Dry Clean Only","Daisy Print Elasticated Bodycon Dress With Frilled Layer Material – Cotton Silk Color – Multi NOTE : Please mention your height with heels while placing your order.","","https://saakshakinni.com/wp-content/uploads/2024/08/021_F1.jpg | https://saakshakinni.com/wp-content/uploads/2024/08/021_F2.jpg | https://saakshakinni.com/wp-content/uploads/2024/08/021_B1.jpg","https://saakshakinni.com/wp-content/uploads/2024/08/021_F1.jpg","0","0"
"26519","Harlow Dress","W4052MR","https://saakshakinni.com/product/harlow-dress/","variable","26000","26000","26000","False","INR",,,"BOTANICA | DRESSES","SIZE: L, M, S, XL, XS, XXL, XXXL | Notes: - | Delivery: Made to order. Delivery takes 4 weeks | Care: Dry Clean Only","Daisy Print Hand Micro Pleat Maxi Dress With Surplice Bodice And Noodle Straps Material – Chiffon Color – Green/Purple NOTE : Please mention your height with heels while placing your order.","","https://saakshakinni.com/wp-content/uploads/2024/08/023_F1.jpg | https://saakshakinni.com/wp-content/uploads/2024/08/023_F2.jpg | https://saakshakinni.com/wp-content/uploads/2024/08/023_B1.jpg","https://saakshakinni.com/wp-content/uploads/2024/08/023_F1.jpg","0","0"
"26513","Cleo Dress","W4055MR","https://saakshakinni.com/product/cleo-dress/","variable","26500","26500","26500","False","INR",,,"BOTANICA | DRESSES","SIZE: L, M, S, XL, XS, XXL, XXXL | Notes: - | Delivery: Made to order. Delivery takes 4 weeks | Care: Dry Clean Only","Daisy Print One Shoulder Hand Micro Pleat Maxi Dress With Side Keyhole Detailing Material – Florence Satin Color – Multi NOTE : Please mention your height with heels while placing your order.","","https://saakshakinni.com/wp-content/uploads/2024/08/011_F1.jpg | https://saakshakinni.com/wp-content/uploads/2024/08/011_F2.jpg | https://saakshakinni.com/wp-content/uploads/2024/08/011_F3.jpg | https://saakshakinni.com/wp-content/uploads/2024/08/011_B1.jpg","https://saakshakinni.com/wp-content/uploads/2024/08/011_F1.jpg","0","0"
"25594","Mel Trench, Peony Skirt &#038; Everly Shirt","25AW_103_R / 25AW_049_S / 25AW_027_M_S","https://saakshakinni.com/product/mel-trench-peony-skirt-everly-shirt/","variable","12000","12000","12000","False","INR",,,"CELEB","SIZE: L, M, S, XL, XS, XXL, XXXL | SET: Trench, Skirt, Shirt, Full Set | Notes: - | Delivery: Made to order. Delivery takes 4 weeks | Care: Dry Clean Only","Trench : Abstract Stripe Print Trench Coat With Intricate Hand Embroidered Floral Cutwork Applique And Detachable Belt Material – Poplin Color – Black & White Skirt : Abstract Floral, High Waist, Flared Maxi Skirt Material – Cambric Color – Black & White Shirt : Abstract Floral Print, Collared Shirt Material – Cambric Color – Shirt- Black & White NOTE : Please mention your height with heels while placing your order.","","https://saakshakinni.com/wp-content/uploads/2025/09/sonam-001.jpg | https://saakshakinni.com/wp-content/uploads/2025/09/sonam-002.jpg | https://saakshakinni.com/wp-content/uploads/2025/09/sonam-003.jpg | https://saakshakinni.com/wp-content/uploads/2025/09/sonam-004.jpeg | https://saakshakinni.com/wp-content/uploads/2025/08/061_F1.jpg | https://saakshakinni.com/wp-content/uploads/2025/08/061_F6.jpg | https://saakshakinni.com/wp-content/uploads/2025/08/061-F2.jpg | https://saakshakinni.com/wp-content/uploads/2025/08/061_B1.jpg","https://saakshakinni.com/wp-content/uploads/2025/09/sonam-001.jpg","0","0"
"25586","Maeva Dress","25AW_089_R-C","https://saakshakinni.com/product/maeva-dress-3/","variable","26000","26000","26000","False","INR",,,"CELEB","SIZE: L, M, S, XL, XS, XXL, XXXL | Notes: - | Delivery: Made to order. Delivery takes 4 weeks | Care: Dry Clean Only","Abstract Floral Print Closed Neck Maxi Dress With Long Sleeves And Fitted Bodice Material – Lycra / Chiffon Color – Black/Multi Slight imperfections or variations in the colour, print and texture of the textile are inherent to the characteristics of the fabric and add to the unique design of every piece Model’s height : 5’9 Model is wearing : Size S NOTE : Please mention your height with heels while placing your order.","","https://saakshakinni.com/wp-content/uploads/2025/09/diana-001.jpg | https://saakshakinni.com/wp-content/uploads/2025/09/diana-002.jpg | https://saakshakinni.com/wp-content/uploads/2025/09/diana-004.jpg | https://saakshakinni.com/wp-content/uploads/2025/09/diana-006.jpg | https://saakshakinni.com/wp-content/uploads/2025/09/diana-007.jpg | https://saakshakinni.com/wp-content/uploads/2025/09/diana-008.jpg | https://saakshakinni.com/wp-content/uploads/2025/08/001_F1.jpg | https://saakshakinni.com/wp-content/uploads/2025/08/001_F4.jpg","https://saakshakinni.com/wp-content/uploads/2025/09/diana-001.jpg","0","0"
"24687","Kiara Dress","25AW_045_R","https://saakshakinni.com/product/kiara-dress-7/","variable","26000","26000","26000","False","INR",,,"AKARA | DRESSES","SIZE: L, M, S, XL, XS, XXL, XXXL | Notes: - | Delivery: Made to order. Delivery takes 4 weeks | Care: Dry Clean Only","Abstract Print, Hand Micro Pleat Maxi Dress With Adjustable Straps Material – Chiffon Color – Raspberry Red Slight imperfections or variations in the colour, print and texture of the textile are inherent to the characteristics of the fabric and add to the unique design of every piece Model’s height : 5’9 Model is wearing : Size S NOTE : Please mention your height with heels while placing your order.","","https://saakshakinni.com/wp-content/uploads/2025/08/002_F1.jpg | https://saakshakinni.com/wp-content/uploads/2025/08/002_F2.jpg | https://saakshakinni.com/wp-content/uploads/2025/08/002_F3.jpg | https://saakshakinni.com/wp-content/uploads/2025/08/002_B1.jpg","https://saakshakinni.com/wp-content/uploads/2025/08/002_F1.jpg","0","0"
"24711","Delfie Waistcoat &#038; Loly Trousers","25AW_077_R / 25AW_037_R","https://saakshakinni.com/product/delfie-waistcoat-loly-trousers/","variable","12500","12500","12500","False","INR",,,"AKARA | TROUSERS | WAISTCOAT","SIZE: L, M, S, XL, XS, XXL, XXXL | SET: Waistcoat, Trousers, Full Set | Notes: - | Delivery: Made to order. Delivery takes 4 weeks | Care: Dry Clean Only","Waistcoat : Checkered Print Plunge Neck, Button Down Waistcoat Material – Drill Color – Multi Trousers : Checkered Print, High Waist Balloon Trousers With Pockets Material – Drill Color – Multi Slight imperfections or variations in the colour, print and texture of the textile are inherent to the characteristics of the fabric and add to the unique design of every piece Model’s height : 5’9 Model is wearing : Size S NOTE : Please mention your height with heels while placing your order.","","https://saakshakinni.com/wp-content/uploads/2025/08/012_F1.jpg | https://saakshakinni.com/wp-content/uploads/2025/08/012_F2.jpg | https://saakshakinni.com/wp-content/uploads/2025/08/012_F4.jpg | https://saakshakinni.com/wp-content/uploads/2025/08/012_F3.jpg | https://saakshakinni.com/wp-content/uploads/2025/08/012_B1.jpg","https://saakshakinni.com/wp-content/uploads/2025/08/012_F1.jpg","0","0"
"24709","Nova Dress","25AW_002_R","https://saakshakinni.com/product/nova-dress-3/","variable","13500","13500","13500","False","INR",,,"AKARA | DRESSES","SIZE: L, M, S, XL, XS, XXL, XXXL | Notes: - | Delivery: Made to order. Delivery takes 4 weeks | Care: Dry Clean Only","Abstract Print Shift Dress With Bell, Tie Up Sleeves Material – Cambric Color – Raspberry Red Slight imperfections or variations in the colour, print and texture of the textile are inherent to the characteristics of the fabric and add to the unique design of every piece Model’s height : 5’9 Model is wearing : Size S NOTE : Please mention your height with heels while placing your order.","","https://saakshakinni.com/wp-content/uploads/2025/08/011_F1.jpg | https://saakshakinni.com/wp-content/uploads/2025/08/011_F2.jpg | https://saakshakinni.com/wp-content/uploads/2025/08/011_F4.jpg | https://saakshakinni.com/wp-content/uploads/2025/08/011_F3.jpg | https://saakshakinni.com/wp-content/uploads/2025/08/011_B1.jpg","https://saakshakinni.com/wp-content/uploads/2025/08/011_F1.jpg","0","0"
"24705","Stella Dress","25AW_028_R","https://saakshakinni.com/product/stella-dress/","variable","23500","23500","23500","False","INR",,,"AKARA | DRESSES","SIZE: L, M, S, XL, XS, XXL, XXXL | Notes: - | Delivery: Made to order. Delivery takes 4 weeks | Care: Dry Clean Only","Abstract Scribble Print Halter Neck Flowy Maxi Dress Material – Chiffon Color – Multi Slight imperfections or variations in the colour, print and texture of the textile are inherent to the characteristics of the fabric and add to the unique design of every piece Model’s height : 5’9 Model is wearing : Size S NOTE : Please mention your height with heels while placing your order.","","https://saakshakinni.com/wp-content/uploads/2025/08/009_F1.jpg | https://saakshakinni.com/wp-content/uploads/2025/08/009_F2.jpg | https://saakshakinni.com/wp-content/uploads/2025/08/009_F6.jpg | https://saakshakinni.com/wp-content/uploads/2025/08/009_F5.jpg | https://saakshakinni.com/wp-content/uploads/2025/08/009_F4.jpg | https://saakshakinni.com/wp-content/uploads/2025/08/009_F3.jpg | https://saakshakinni.com/wp-content/uploads/2025/08/009_B1.jpg","https://saakshakinni.com/wp-content/uploads/2025/08/009_F1.jpg","0","0"
"24703","Lylla Dress","25AW_011_R","https://saakshakinni.com/product/lylla-dress/","variable","22500","22500","22500","False","INR",,,"AKARA | DRESSES","SIZE: L, M, S, XL, XS, XXL, XXXL | Notes: - | Delivery: Made to order. Delivery takes 4 weeks | Care: Dry Clean Only","Multi Abstract Print Maxi, Collared Shirt Dress With 3/4 Sleeves Material – Cambric Color – Multi Slight imperfections or variations in the colour, print and texture of the textile are inherent to the characteristics of the fabric and add to the unique design of every piece Model’s height : 5’9 Model is wearing : Size S NOTE : Please mention your height with heels while placing your order.","","https://saakshakinni.com/wp-content/uploads/2025/08/008_F1.jpg | https://saakshakinni.com/wp-content/uploads/2025/08/008_F2.jpg | https://saakshakinni.com/wp-content/uploads/2025/08/008_F4.jpg | https://saakshakinni.com/wp-content/uploads/2025/08/008_F3.jpg | https://saakshakinni.com/wp-content/uploads/2025/08/008_B1.jpg","https://saakshakinni.com/wp-content/uploads/2025/08/008_F1.jpg","0","0"
"24701","Julia Dress","25AW_039_R","https://saakshakinni.com/product/julia-dress/","variable","19500","19500","19500","False","INR",,,"AKARA | DRESSES","SIZE: L, M, S, XL, XS, XXL, XXXL | Notes: - | Delivery: Made to order. Delivery takes 4 weeks | Care: Dry Clean Only","Abstract Print High Neck, Short Sleeved Summer Pleated Dress Material – Cambric / Cotton Silk Color – Multi Slight imperfections or variations in the colour, print and texture of the textile are inherent to the characteristics of the fabric and add to the unique design of every piece Model’s height : 5’9 Model is wearing : Size S NOTE : Please mention your height with heels while placing your order.","","https://saakshakinni.com/wp-content/uploads/2025/08/007_F1.jpg | https://saakshakinni.com/wp-content/uploads/2025/08/007_F2.jpg | https://saakshakinni.com/wp-content/uploads/2025/08/007_F4.jpg | https://saakshakinni.com/wp-content/uploads/2025/08/007_F3.jpg | https://saakshakinni.com/wp-content/uploads/2025/08/007_B1.jpg","https://saakshakinni.com/wp-content/uploads/2025/08/007_F1.jpg","0","0"
"24697","Kanissa Blouse &#038; Gigi Skirt","25AW_042_R / 25AW_072_R","https://saakshakinni.com/product/kanissa-blouse-gigi-skirt/","variable","16500","16500","16500","False","INR",,,"AKARA | BLOUSE | SKIRTS","SIZE: L, M, S, XL, XS, XXL, XXXL | SET: Blouse, Skirt, Full Set | Notes: - | Delivery: Made to order. Delivery takes 4 weeks | Care: Dry Clean Only","Blouse : Abstract Print, Hand Micro Pleat Wide Neck Blouse With Bandeau Detailing Material – Chiffon Color – Multi Skirt : Abstract Floral Print, Hand Micro Pleated Asymmetric Maxi Skirt With Zipper Detailing Material – Poly Florence Chiffon Color – Multi Slight imperfections or variations in the colour, print and texture of the textile are inherent to the characteristics of the fabric and add to the unique design of every piece Model’s height : 5’9 Model is wearing : Size S NOTE : Please mention your height with heels while placing your order.","","https://saakshakinni.com/wp-content/uploads/2025/08/006_F1.jpg | https://saakshakinni.com/wp-content/uploads/2025/08/006_F2.jpg | https://saakshakinni.com/wp-content/uploads/2025/08/006_F4.jpg | https://saakshakinni.com/wp-content/uploads/2025/08/006_F3.jpg | https://saakshakinni.com/wp-content/uploads/2025/08/006_B1.jpg","https://saakshakinni.com/wp-content/uploads/2025/08/006_F1.jpg","0","0"
"24693","Skylar Blazer &#038; Saylor Palazzo","25AW_083_R / 25AW_067_R","https://saakshakinni.com/product/skylar-blazer-saylor-palazzo/","variable","16000","16000","16000","False","INR",,,"AKARA | JACKETS | PANTS","SIZE: L, M, S, XL, XS, XXL, XXXL | SET: Blazer, Palazzo, Full Set | Notes: - | Delivery: Made to order. Delivery takes 4 weeks | Care: Dry Clean Only","Blazer : Abstract Stripe Print Relaxed Fit Blazer With Intricate Hand Embroidered Cutwork Applique Floral Detailing Material – Crepe Color – Black & White Palazzo : Abstract Stripe Print High Waist, Wide Leg Palazzo Material – Crepe Color – Black & White Slight imperfections or variations in the colour, print and texture of the textile are inherent to the characteristics of the fabric and add to the unique design of every piece Model’s height : 5’9 Model is wearing : Size S NOTE : Please mention your height with heels while placing your order.","","https://saakshakinni.com/wp-content/uploads/2025/08/005_F1.jpg | https://saakshakinni.com/wp-content/uploads/2025/08/005_F2.jpg | https://saakshakinni.com/wp-content/uploads/2025/08/005_F6.jpg | https://saakshakinni.com/wp-content/uploads/2025/08/005_F5.jpg | https://saakshakinni.com/wp-content/uploads/2025/08/005_F4.jpg | https://saakshakinni.com/wp-content/uploads/2025/08/005_F3.jpg | https://saakshakinni.com/wp-content/uploads/2025/08/005_F7.jpg | https://saakshakinni.com/wp-content/uploads/2025/08/005_B1.jpg","https://saakshakinni.com/wp-content/uploads/2025/08/005_F1.jpg","0","0"
"24691","Martina Dress","25AW_014_R","https://saakshakinni.com/product/martina-dress/","variable","36000","36000","36000","False","INR",,,"AKARA | DRESSES","SIZE: L, M, S, XL, XS, XXL, XXXL | Notes: - | Delivery: Made to order. Delivery takes 4 weeks | Care: Dry Clean Only","Dual Abstract Floral Print Tiered Maxi Dress With Sweetheart Neckline And Adjustable Straps Material – Lycra / Habutai / Chiffon Color – Multi Slight imperfections or variations in the colour, print and texture of the textile are inherent to the characteristics of the fabric and add to the unique design of every piece Model’s height : 5’9 Model is wearing : Size S NOTE : Please mention your height with heels while placing your order.","","https://saakshakinni.com/wp-content/uploads/2025/08/004_F1.jpg | https://saakshakinni.com/wp-content/uploads/2025/08/004_F2.jpg | https://saakshakinni.com/wp-content/uploads/2025/08/004_F4.jpg | https://saakshakinni.com/wp-content/uploads/2025/08/004_F3.jpg | https://saakshakinni.com/wp-content/uploads/2025/08/004_B1.jpg","https://saakshakinni.com/wp-content/uploads/2025/08/004_F1.jpg","0","0"
"24689","Rumi Dress","25AW_025_R","https://saakshakinni.com/product/rumi-dress/","variable","19000","19000","19000","False","INR",,,"AKARA | DRESSES","SIZE: L, M, S, XL, XS, XXL, XXXL | Notes: - | Delivery: Made to order. Delivery takes 4 weeks | Care: Dry Clean Only","Abstract Scribble Print Panelled V Neck Dress With Sleeve Tie Up Detailing Material – Cambric Color – Multi Slight imperfections or variations in the colour, print and texture of the textile are inherent to the characteristics of the fabric and add to the unique design of every piece Model’s height : 5’9 Model is wearing : Size S NOTE : Please mention your height with heels while placing your order.","","https://saakshakinni.com/wp-content/uploads/2025/08/003_F1.jpg | https://saakshakinni.com/wp-content/uploads/2025/08/003_F2.jpg | https://saakshakinni.com/wp-content/uploads/2025/08/003_F4.jpg | https://saakshakinni.com/wp-content/uploads/2025/08/003_F3.jpg | https://saakshakinni.com/wp-content/uploads/2025/08/003_B1.jpg","https://saakshakinni.com/wp-content/uploads/2025/08/003_F1.jpg","0","0"
"24761","Mischka Dress","25AW_060_R","https://saakshakinni.com/product/mischka-dress/","variable","19500","19500","19500","False","INR",,,"AKARA | DRESSES","SIZE: L, M, S, XL, XS, XXL, XXXL | Notes: - | Delivery: Made to order. Delivery takes 4 weeks | Care: Dry Clean Only","Abstract Print Kaftan Style Maxi Dress With Customisable Side Slit And 3/4 Sleeves Material – Crepe Color – Raspberry Red Slight imperfections or variations in the colour, print and texture of the textile are inherent to the characteristics of the fabric and add to the unique design of every piece Model’s height : 5’9 Model is wearing : Size S NOTE : Please mention your height with heels while placing your order.","","https://saakshakinni.com/wp-content/uploads/2025/08/026_F1.jpg | https://saakshakinni.com/wp-content/uploads/2025/08/026_F2.jpg | https://saakshakinni.com/wp-content/uploads/2025/08/026_F5.jpg | https://saakshakinni.com/wp-content/uploads/2025/08/026_F4.jpg | https://saakshakinni.com/wp-content/uploads/2025/08/026_F3.jpg | https://saakshakinni.com/wp-content/uploads/2025/08/026_B1.jpg","https://saakshakinni.com/wp-content/uploads/2025/08/026_F1.jpg","0","0"
"24759","Ulla Dress","25AW_034_R","https://saakshakinni.com/product/ulla-dress/","variable","25000","25000","25000","False","INR",,,"AKARA | DRESSES","SIZE: L, M, S, XL, XS, XXL, XXXL | Notes: - | Delivery: Made to order. Delivery takes 4 weeks | Care: Dry Clean Only","Abstract Stripe Print Halter Neck Style Maxi Dress With Fitted Pleated Bodice And Flowy Skirt With Customisable Slit Material – Lycra / Chiffon Color – Black & White Slight imperfections or variations in the colour, print and texture of the textile are inherent to the characteristics of the fabric and add to the unique design of every piece Model’s height : 5’9 Model is wearing : Size S NOTE : Please mention your height with heels while placing your order.","","https://saakshakinni.com/wp-content/uploads/2025/08/025_F1.jpg | https://saakshakinni.com/wp-content/uploads/2025/08/025_F2.jpg | https://saakshakinni.com/wp-content/uploads/2025/08/025_F4.jpg | https://saakshakinni.com/wp-content/uploads/2025/08/025_F3.jpg | https://saakshakinni.com/wp-content/uploads/2025/08/025_B1.jpg","https://saakshakinni.com/wp-content/uploads/2025/08/025_F1.jpg","0","0"
"24755","Delfie Waistcoat &#038; Polina Trousers","25AW_036_R / 25AW_050_R","https://saakshakinni.com/product/delfie-waistcoat-polina-trousers/","variable","13500","13500","13500","False","INR",,,"AKARA | TROUSERS | WAISTCOAT","SIZE: L, M, S, XL, XS, XXL, XXXL | SET: Waistcoat, Trousers, Full Set | Notes: - | Delivery: Made to order. Delivery takes 4 weeks | Care: Dry Clean Only","Waistcoat : Abstract Floral Print Plunge Neck, Button Down Waistcoat Material – Crepe Color – Multi Trousers : Abstract Floral Print, High Waist Box Pleat, Wide Leg, 3/4 Length Trousers With Pockets Material – Crepe Color – Multi Slight imperfections or variations in the colour, print and texture of the textile are inherent to the characteristics of the fabric and add to the unique design of every piece Model’s height : 5’9 Model is wearing : Size S NOTE : Please mention your height with heels while placing your order.","","https://saakshakinni.com/wp-content/uploads/2025/08/024_F1.jpg | https://saakshakinni.com/wp-content/uploads/2025/08/024_F2.jpg | https://saakshakinni.com/wp-content/uploads/2025/08/024_F5.jpg | https://saakshakinni.com/wp-content/uploads/2025/08/024_F4.jpg | https://saakshakinni.com/wp-content/uploads/2025/08/024_F3.jpg | https://saakshakinni.com/wp-content/uploads/2025/08/024_B1.jpg","https://saakshakinni.com/wp-content/uploads/2025/08/024_F1.jpg","0","0"
"24745","Miranda Blazer, Delfie Waistcoat &#038; Polina Trousers","25AW_076_R / 25AW_036_R / 25AW_050_R","https://saakshakinni.com/product/miranda-blazer-delfie-waistcoat-polina-trousers/","variable","13500","13500","13500","False","INR",,,"AKARA | JACKETS | TROUSERS | WAISTCOAT","SIZE: L, M, S, XL, XS, XXL, XXXL | SET: Blazer, Waistcoat, Trousers, Full Set | Notes: - | Delivery: Made to order. Delivery takes 4 weeks | Care: Dry Clean Only","Blazer : Abstract Floral Print Relaxed Fit Blazer Material – Crepe Color – Multi Waistcoat : Abstract Floral Print Plunge Neck, Button Down Waistcoat Material – Crepe Color – Multi Trousers : Abstract Floral Print, High Waist Box Pleat, Wide Leg, 3/4 Length Trousers With Pockets Material – Crepe Color – Multi Slight imperfections or variations in the colour, print and texture of the textile are inherent to the characteristics of the fabric and add to the unique design of every piece Model’s height : 5’9 Model is wearing : Size S NOTE : Please mention your height with heels while placing your order.","","https://saakshakinni.com/wp-content/uploads/2025/08/023_F1.jpg | https://saakshakinni.com/wp-content/uploads/2025/08/023_F2.jpg | https://saakshakinni.com/wp-content/uploads/2025/08/023_F4.jpg | https://saakshakinni.com/wp-content/uploads/2025/08/023_F3.jpg | https://saakshakinni.com/wp-content/uploads/2025/08/023_B1.jpg","https://saakshakinni.com/wp-content/uploads/2025/08/023_F1.jpg","0","0"
"24743","Kiara Dress","25AW_033_R","https://saakshakinni.com/product/kiara-dress-8/","variable","26000","26000","26000","False","INR",,,"AKARA | DRESSES","SIZE: L, M, S, XL, XS, XXL, XXXL | Notes: - | Delivery: Made to order. Delivery takes 4 weeks | Care: Dry Clean Only","Abstract Floral Print, Hand Micro Pleat Maxi Dress With Adjustable Straps Material – Chiffon Color – Multi Slight imperfections or variations in the colour, print and texture of the textile are inherent to the characteristics of the fabric and add to the unique design of every piece Model’s height : 5’9 Model is wearing : Size S NOTE : Please mention your height with heels while placing your order.","","https://saakshakinni.com/wp-content/uploads/2025/08/022_F1.jpg | https://saakshakinni.com/wp-content/uploads/2025/08/022_F2.jpg | https://saakshakinni.com/wp-content/uploads/2025/08/022_F4.jpg | https://saakshakinni.com/wp-content/uploads/2025/08/022_F3.jpg | https://saakshakinni.com/wp-content/uploads/2025/08/022_B1.jpg","https://saakshakinni.com/wp-content/uploads/2025/08/022_F1.jpg","0","0"
"24739","Denzel Trench &#038; Saylor Palazzo","25AW_087_R / 25AW_088_R","https://saakshakinni.com/product/denzel-trench-saylor-palazzo/","variable","18000","18000","18000","False","INR",,,"AKARA | COAT | TROUSERS","SIZE: L, M, S, XL, XS, XXL, XXXL | SET: Trench, Palazzo, Full Set | Notes: - | Delivery: Made to order. Delivery takes 4 weeks | Care: Dry Clean Only","Trench : Intricate Hand Embroidered Floral Cutwork Applique Trench Coat With Detachable Belt Material – Crepe Color – Black/Multi Palazzo : High Waist, Wide Leg Palazzo With Pockets Material – Polyester Color – Black Slight imperfections or variations in the colour, print and texture of the textile are inherent to the characteristics of the fabric and add to the unique design of every piece Model’s height : 5’9 Model is wearing : Size S NOTE : Please mention your height with heels while placing your order.","","https://saakshakinni.com/wp-content/uploads/2025/08/021_F1.jpg | https://saakshakinni.com/wp-content/uploads/2025/08/021_F2.jpg | https://saakshakinni.com/wp-content/uploads/2025/08/021_F6.jpg | https://saakshakinni.com/wp-content/uploads/2025/08/021_F5.jpg | https://saakshakinni.com/wp-content/uploads/2025/08/021_F4.jpg | https://saakshakinni.com/wp-content/uploads/2025/08/021_F3.jpg | https://saakshakinni.com/wp-content/uploads/2025/08/021_B1.jpg | https://saakshakinni.com/wp-content/uploads/2025/08/021_B2.jpg","https://saakshakinni.com/wp-content/uploads/2025/08/021_F1.jpg","0","0"
"24733","Mac Blazer &#038; Saylor Palazzo","25AW_021_R / 25AW_079_R","https://saakshakinni.com/product/mac-blazer-saylor-palazzo/","variable","16500","16500","16500","False","INR",,,"AKARA | JACKETS | TROUSERS","SIZE: L, M, S, XL, XS, XXL, XXXL | SET: Blazer, Palazzo, Full Set | Notes: - | Delivery: Made to order. Delivery takes 4 weeks | Care: Dry Clean Only","Blazer : Abstract Print Relaxed Fit Blazer Material – Crepe Color – Raspberry Red Palazzo : High Waist, Wide Leg Palazzo Material – Poly Satin Color – Raspberry Red Slight imperfections or variations in the colour, print and texture of the textile are inherent to the characteristics of the fabric and add to the unique design of every piece Model’s height : 5’9 Model is wearing : Size S NOTE : Please mention your height with heels while placing your order.","","https://saakshakinni.com/wp-content/uploads/2025/08/019_F1.jpg | https://saakshakinni.com/wp-content/uploads/2025/08/019_F2.jpg | https://saakshakinni.com/wp-content/uploads/2025/08/019-F5.jpg | https://saakshakinni.com/wp-content/uploads/2025/08/019-F4.jpg | https://saakshakinni.com/wp-content/uploads/2025/08/019-F3.jpg | https://saakshakinni.com/wp-content/uploads/2025/08/019_F6.jpg | https://saakshakinni.com/wp-content/uploads/2025/08/019_B1.jpg","https://saakshakinni.com/wp-content/uploads/2025/08/019_F1.jpg","0","0"
"24729","Gigi Blouse &#038; Gigi Skirt","25AW_055_R / 25AW_026_R","https://saakshakinni.com/product/gigi-blouse-gigi-skirt-2/","variable","10000","10000","10000","False","INR",,,"AKARA | BLOUSE | SKIRTS","SIZE: L, M, S, XL, XS, XXL, XXXL | SET: Blouse, Skirt, Full Set | Notes: - | Delivery: Made to order. Delivery takes 4 weeks | Care: Dry Clean Only","Blouse : Abstract Scribble Print T-shirt Style Long Sleeve, Boat Neck Blouse Material – Lycra Color – Multi Skirt : Abstract Scribble Print, Hand Micro Pleat Asymmetric Maxi Skirt With Zipper Detailing Material – Poly Florence Chiffon Color – Multi Slight imperfections or variations in the colour, print and texture of the textile are inherent to the characteristics of the fabric and add to the unique design of every piece Model’s height : 5’9 Model is wearing : Size S NOTE : Please mention your height with heels while placing your order.","","https://saakshakinni.com/wp-content/uploads/2025/08/018_F1.jpg | https://saakshakinni.com/wp-content/uploads/2025/08/018_F2.jpg | https://saakshakinni.com/wp-content/uploads/2025/08/018_F4.jpg | https://saakshakinni.com/wp-content/uploads/2025/08/018_F3.jpg | https://saakshakinni.com/wp-content/uploads/2025/08/018_B1.jpg","https://saakshakinni.com/wp-content/uploads/2025/08/018_F1.jpg","0","0"
"24727","Linny Dress","25AW_041_R","https://saakshakinni.com/product/linny-dress/","variable","33500","33500","33500","False","INR",,,"AKARA | DRESSES","SIZE: L, M, S, XL, XS, XXL, XXXL | Notes: - | Delivery: Made to order. Delivery takes 4 weeks | Care: Dry Clean Only","Abstract Floral Print, Hand Micro Pleat One Shoulder Dress With Tie Up Sleeve And Attached One Shoulder Bandeau Blouse Material – Cotton Silk / Lycra Color – Multi Slight imperfections or variations in the colour, print and texture of the textile are inherent to the characteristics of the fabric and add to the unique design of every piece Model’s height : 5’9 Model is wearing : Size S NOTE : Please mention your height with heels while placing your order.","","https://saakshakinni.com/wp-content/uploads/2025/08/017_F1.jpg | https://saakshakinni.com/wp-content/uploads/2025/08/017_F2.jpg | https://saakshakinni.com/wp-content/uploads/2025/08/017_F7.jpg | https://saakshakinni.com/wp-content/uploads/2025/08/017_F6.jpg | https://saakshakinni.com/wp-content/uploads/2025/08/017_F5.jpg | https://saakshakinni.com/wp-content/uploads/2025/08/017_F4.jpg | https://saakshakinni.com/wp-content/uploads/2025/08/017_F3.jpg | https://saakshakinni.com/wp-content/uploads/2025/08/017_B1.jpg","https://saakshakinni.com/wp-content/uploads/2025/08/017_F1.jpg","0","0"
"24725","Selna Dress","25AW_070_R","https://saakshakinni.com/product/selna-dress/","variable","21000","21000","21000","False","INR",,,"AKARA | DRESSES","SIZE: L, M, S, XL, XS, XXL, XXXL | Notes: - | Delivery: Made to order. Delivery takes 4 weeks | Care: Dry Clean Only","Abstract Stripe Print One Shoulder Column Dress With Kaftan Style Sleeve Material – Crepe Color – Black & White Slight imperfections or variations in the colour, print and texture of the textile are inherent to the characteristics of the fabric and add to the unique design of every piece Model’s height : 5’9 Model is wearing : Size S NOTE : Please mention your height with heels while placing your order.","","https://saakshakinni.com/wp-content/uploads/2025/08/016_F1.jpg | https://saakshakinni.com/wp-content/uploads/2025/08/016_F2.jpg | https://saakshakinni.com/wp-content/uploads/2025/08/016_F4.jpg | https://saakshakinni.com/wp-content/uploads/2025/08/016_F3.jpg | https://saakshakinni.com/wp-content/uploads/2025/08/016_B1.jpg","https://saakshakinni.com/wp-content/uploads/2025/08/016_F1.jpg","0","0"
"24723","Marilyn Dress","25AW_010_R","https://saakshakinni.com/product/marilyn-dress-4/","variable","19500","19500","19500","False","INR",,,"AKARA | DRESSES","SIZE: L, M, S, XL, XS, XXL, XXXL | Notes: - | Delivery: Made to order. Delivery takes 4 weeks | Care: Dry Clean Only","Abstract Scribble Print, Sweetheart Neckline, Summer Flared Frock With Adjustable Straps Material – Cambric Color – Multi Slight imperfections or variations in the colour, print and texture of the textile are inherent to the characteristics of the fabric and add to the unique design of every piece Model’s height : 5’9 Model is wearing : Size S NOTE : Please mention your height with heels while placing your order.","","https://saakshakinni.com/wp-content/uploads/2025/08/015_F1.jpg | https://saakshakinni.com/wp-content/uploads/2025/08/015_F2.jpg | https://saakshakinni.com/wp-content/uploads/2025/08/015_F4.jpg | https://saakshakinni.com/wp-content/uploads/2025/08/015_F3.jpg | https://saakshakinni.com/wp-content/uploads/2025/08/015_B1.jpg","https://saakshakinni.com/wp-content/uploads/2025/08/015_F1.jpg","0","0"
"24717","Vera Dress","25AW_012_R","https://saakshakinni.com/product/vera-dress/","variable","15500","15500","15500","False","INR",,,"AKARA | DRESSES","SIZE: L, M, S, XL, XS, XXL, XXXL | Notes: - | Delivery: Made to order. Delivery takes 4 weeks | Care: Dry Clean Only","Abstract Print, Collared Shirt Dress Material – Poplin Color – Ivory/Multi Slight imperfections or variations in the colour, print and texture of the textile are inherent to the characteristics of the fabric and add to the unique design of every piece Model’s height : 5’9 Model is wearing : Size S NOTE : Please mention your height with heels while placing your order.","","https://saakshakinni.com/wp-content/uploads/2025/08/014_F1.jpg | https://saakshakinni.com/wp-content/uploads/2025/08/014_F2.jpg | https://saakshakinni.com/wp-content/uploads/2025/08/014_F5.jpg | https://saakshakinni.com/wp-content/uploads/2025/08/014_F4.jpg | https://saakshakinni.com/wp-content/uploads/2025/08/014_F3.jpg | https://saakshakinni.com/wp-content/uploads/2025/08/014_B1.jpg","https://saakshakinni.com/wp-content/uploads/2025/08/014_F1.jpg","0","0"
"24715","Athena Dress","25AW_078_R","https://saakshakinni.com/product/athena-dress/","variable","35500","35500","35500","False","INR",,,"AKARA | DRESSES","SIZE: L, M, S, XL, XS, XXL, XXXL | Notes: - | Delivery: Made to order. Delivery takes 4 weeks | Care: Dry Clean Only","Abstract Rose Print Sleeveless Gown With Intricate Hand Embroidered Cutwork Applique Bodice Material – Chiffon / Net Color – Blue Slight imperfections or variations in the colour, print and texture of the textile are inherent to the characteristics of the fabric and add to the unique design of every piece Model’s height : 5’9 Model is wearing : Size S NOTE : Please mention your height with heels while placing your order.","","https://saakshakinni.com/wp-content/uploads/2025/08/013_F1.jpg | https://saakshakinni.com/wp-content/uploads/2025/08/013_F2.jpg | https://saakshakinni.com/wp-content/uploads/2025/08/013_F4.jpg | https://saakshakinni.com/wp-content/uploads/2025/08/013_F3.jpg | https://saakshakinni.com/wp-content/uploads/2025/08/013_B1.jpg","https://saakshakinni.com/wp-content/uploads/2025/08/013_F1.jpg","0","0"
"24803","Ramie Dress","25AW_001_R","https://saakshakinni.com/product/ramie-dress/","variable","26000","26000","26000","False","INR",,,"AKARA | DRESSES","SIZE: L, M, S, XL, XS, XXL, XXXL | Notes: - | Delivery: Made to order. Delivery takes 4 weeks | Care: Dry Clean Only","Abstract Placement Print, V Neck Sleevless Midi Dress Material – Cambric / Cotton Silk Color – Raspberry Red Slight imperfections or variations in the colour, print and texture of the textile are inherent to the characteristics of the fabric and add to the unique design of every piece Model’s height : 5’9 Model is wearing : Size S NOTE : Please mention your height with heels while placing your order.","","https://saakshakinni.com/wp-content/uploads/2025/08/041_F1.jpg | https://saakshakinni.com/wp-content/uploads/2025/08/041_F2.jpg | https://saakshakinni.com/wp-content/uploads/2025/08/041_F3.jpg | https://saakshakinni.com/wp-content/uploads/2025/08/041_B1.jpg","https://saakshakinni.com/wp-content/uploads/2025/08/041_F1.jpg","0","0"
"24799","Zia Dress","25AW_065_R","https://saakshakinni.com/product/zia-dress-5/","variable","26000","26000","26000","False","INR",,,"AKARA | DRESSES","SIZE: L, M, S, XL, XS, XXL, XXXL | Notes: - | Delivery: Made to order. Delivery takes 4 weeks | Care: Dry Clean Only","Dual Abstract Bird Print And Abstract Stripe Print, Hand Micro Pleat Kaftan Style Dress With Adjustable Mirror And Tassle Hand Embroidered Drawstring Sleeves And Length Material – Cotton Silk/Polyester Color – Black & White/Multi Slight imperfections or variations in the colour, print and texture of the textile are inherent to the characteristics of the fabric and add to the unique design of every piece Model’s height : 5’9 Model is wearing : Size S NOTE : Please mention your height with heels while placing your order.","","https://saakshakinni.com/wp-content/uploads/2025/08/039_F1.jpg | https://saakshakinni.com/wp-content/uploads/2025/08/039_F2.jpg | https://saakshakinni.com/wp-content/uploads/2025/08/039_F3.jpg | https://saakshakinni.com/wp-content/uploads/2025/08/039_F4.jpg | https://saakshakinni.com/wp-content/uploads/2025/08/039_B1.jpg","https://saakshakinni.com/wp-content/uploads/2025/08/039_F1.jpg","0","0"
"24797","Christy Dress","25AW_038_R","https://saakshakinni.com/product/christy-dress/","variable","24500","24500","24500","False","INR",,,"AKARA | DRESSES","SIZE: L, M, S, XL, XS, XXL, XXXL | Notes: - | Delivery: Made to order. Delivery takes 4 weeks | Care: Dry Clean Only","Abstract Scribble Print One Shoulder, Asymmetric Maxi Dress Material – Crepe Color – Multi Slight imperfections or variations in the colour, print and texture of the textile are inherent to the characteristics of the fabric and add to the unique design of every piece Model’s height : 5’9 Model is wearing : Size S NOTE : Please mention your height with heels while placing your order.","","https://saakshakinni.com/wp-content/uploads/2025/08/038_F1.jpg | https://saakshakinni.com/wp-content/uploads/2025/08/038_F2.jpg | https://saakshakinni.com/wp-content/uploads/2025/08/038_F3.jpg | https://saakshakinni.com/wp-content/uploads/2025/08/038_F4.jpg | https://saakshakinni.com/wp-content/uploads/2025/08/038_F5.jpg | https://saakshakinni.com/wp-content/uploads/2025/08/038_B1.jpg","https://saakshakinni.com/wp-content/uploads/2025/08/038_F1.jpg","0","0"
"24793","Helena Trench &#038; Loly Trousers","25AW_068_R / 25AW_057_R","https://saakshakinni.com/product/helena-trench-loly-trousers/","variable","12500","12500","12500","False","INR",,,"AKARA | TRENCH | TROUSERS","SIZE: L, M, S, XL, XS, XXL, XXXL | SET: Trench, Trousers, Full Set | Notes: - | Delivery: Made to order. Delivery takes 4 weeks | Care: Dry Clean Only","Trench : Abstract Stripe Print, Belted Trench Coat With Coloured Rope Shoulder Detailing And Oversized Collar Material – Crepe Color – Black & White Trousers : Abstract Stripe Print, High Waist Balloon Trousers With Pockets Material – Drill Color – Black & White Slight imperfections or variations in the colour, print and texture of the textile are inherent to the characteristics of the fabric and add to the unique design of every piece Model’s height : 5’9 Model is wearing : Size S NOTE : Please mention your height with heels while placing your order.","","https://saakshakinni.com/wp-content/uploads/2025/08/037_F1.jpg | https://saakshakinni.com/wp-content/uploads/2025/08/037_F2.jpg | https://saakshakinni.com/wp-content/uploads/2025/08/037_F3.jpg | https://saakshakinni.com/wp-content/uploads/2025/08/037_F4.jpg | https://saakshakinni.com/wp-content/uploads/2025/08/037_F5.jpg | https://saakshakinni.com/wp-content/uploads/2025/08/037_F6.jpg | https://saakshakinni.com/wp-content/uploads/2025/08/037_F7.jpg | https://saakshakinni.com/wp-content/uploads/2025/08/037_B1.jpg","https://saakshakinni.com/wp-content/uploads/2025/08/037_F1.jpg","0","0"
"24789","Armida Shirt &#038; Loly Trousers","25AW_062_R / 25AW_059_R","https://saakshakinni.com/product/armida-shirt-loly-trousers/","variable","12500","12500","12500","False","INR",,,"AKARA | SHIRT | TROUSERS","SIZE: L, M, S, XL, XS, XXL, XXXL | SET: Shirt, Trousers, Full Set | Notes: - | Delivery: Made to order. Delivery takes 4 weeks | Care: Dry Clean Only","Shirt : Abstract Scribble Print, Batwing Collared Shirt With Intricate Hand Embroidered Floral Cut Work Applique Material – Cambric Color – Multi Trousers : High Waist Balloon Trousers With Pockets Material – Drill Color – Black Slight imperfections or variations in the colour, print and texture of the textile are inherent to the characteristics of the fabric and add to the unique design of every piece Model’s height : 5’9 Model is wearing : Size S NOTE : Please mention your height with heels while placing your order.","","https://saakshakinni.com/wp-content/uploads/2025/08/036_F1.jpg | https://saakshakinni.com/wp-content/uploads/2025/08/036_F2.jpg | https://saakshakinni.com/wp-content/uploads/2025/08/036_F6.jpg | https://saakshakinni.com/wp-content/uploads/2025/08/036_F5.jpg | https://saakshakinni.com/wp-content/uploads/2025/08/036_F4.jpg | https://saakshakinni.com/wp-content/uploads/2025/08/036_F3.jpg | https://saakshakinni.com/wp-content/uploads/2025/08/036_B1.jpg","https://saakshakinni.com/wp-content/uploads/2025/08/036_F1.jpg","0","0"
"24785","Rosetta Blouse &#038; Dracy Skirt","25AW_027_R / 25AW_048_R","https://saakshakinni.com/product/rosetta-blouse-dracy-skirt/","variable","11000","11000","11000","False","INR",,,"AKARA | BLOUSE | SKIRTS","SIZE: L, M, S, XL, XS, XXL, XXXL | SET: Blouse, Skirt, Full Set | Notes: - | Delivery: Made to order. Delivery takes 4 weeks | Care: Dry Clean Only","Blouse : Abstract Scribble Print Boxy Style Sheer Blouse With 3/4 Sleeves (Lycra Slip Provided) Material – Organza Color – Multi Skirt : Abstract Floral Placement Print, High Waist, Flared Maxi Skirt Material – Poplin Color – Multi Slight imperfections or variations in the colour, print and texture of the textile are inherent to the characteristics of the fabric and add to the unique design of every piece Model’s height : 5’9 Model is wearing : Size S NOTE : Please mention your height with heels while placing your order.","","https://saakshakinni.com/wp-content/uploads/2025/08/035_F1.jpg | https://saakshakinni.com/wp-content/uploads/2025/08/035_F2.jpg | https://saakshakinni.com/wp-content/uploads/2025/08/035_F4.jpg | https://saakshakinni.com/wp-content/uploads/2025/08/035_F3.jpg | https://saakshakinni.com/wp-content/uploads/2025/08/035_B1.jpg","https://saakshakinni.com/wp-content/uploads/2025/08/035_F1.jpg","0","0"
"24783","Kimiko Dress","25AW_058_R","https://saakshakinni.com/product/kimiko-dress/","variable","31000","31000","31000","False","INR",,,"AKARA | DRESSES","SIZE: L, M, S, XL, XS, XXL, XXXL | Notes: - | Delivery: Made to order. Delivery takes 4 weeks | Care: Dry Clean Only","Abstract Floral Print Halter Neck Maxi Dress With Tie Up Neckline And Drawstring Waist Material – Chiffon / Habutai Color – Multi Slight imperfections or variations in the colour, print and texture of the textile are inherent to the characteristics of the fabric and add to the unique design of every piece Model’s height : 5’9 Model is wearing : Size S NOTE : Please mention your height with heels while placing your order.","","https://saakshakinni.com/wp-content/uploads/2025/08/034_F1.jpg | https://saakshakinni.com/wp-content/uploads/2025/08/034_F2.jpg | https://saakshakinni.com/wp-content/uploads/2025/08/034_F3.jpg | https://saakshakinni.com/wp-content/uploads/2025/08/034_B1.jpg","https://saakshakinni.com/wp-content/uploads/2025/08/034_F1.jpg","0","0"
"24781","Neva Dress","25AW_053_R","https://saakshakinni.com/product/neva-dress-2/","variable","21000","21000","21000","False","INR",,,"AKARA | DRESSES","SIZE: L, M, S, XL, XS, XXL, XXXL | Notes: - | Delivery: Made to order. Delivery takes 4 weeks | Care: Dry Clean Only","Square Neck Midi Dress With Abstract Print Placement, Fitted Bodice And Intricate Hand Embroidered Cutwork Applique Border Material – Cambric Color – Raspberry Red Slight imperfections or variations in the colour, print and texture of the textile are inherent to the characteristics of the fabric and add to the unique design of every piece Model’s height : 5’9 Model is wearing : Size S NOTE : Please mention your height with heels while placing your order.","","https://saakshakinni.com/wp-content/uploads/2025/08/033_F1.jpg | https://saakshakinni.com/wp-content/uploads/2025/08/033_F2.jpg | https://saakshakinni.com/wp-content/uploads/2025/08/033_F4.jpg | https://saakshakinni.com/wp-content/uploads/2025/08/033_F3.jpg | https://saakshakinni.com/wp-content/uploads/2025/08/033_B1.jpg","https://saakshakinni.com/wp-content/uploads/2025/08/033_F1.jpg","0","0"
"24777","Blake Shirt &#038; Carlitta Skirt","25AW_066_R / 25AW_098_R","https://saakshakinni.com/product/blake-shirt-carlitta-skirt/","variable","13500","13500","13500","False","INR",,,"AKARA | SHIRT | SKIRTS","SIZE: L, M, S, XL, XS, XXL, XXXL | SET: Shirt, Skirt, Full Set | Notes: - | Delivery: Made to order. Delivery takes 4 weeks | Care: Dry Clean Only","Shirt : Abstract Stripe Print Batwing Collared Shirt With Intricate Hand Embroidered Floral Cutwork Applique Shoulder Detailing Material – Cambric Color – Black & White Skirt : Abstract Stripe Print Pleated Mini Skirt With Side Trail Detailing Material – Cambric Color – Black & White Slight imperfections or variations in the colour, print and texture of the textile are inherent to the characteristics of the fabric and add to the unique design of every piece Model’s height : 5’9 Model is wearing : Size S NOTE : Please mention your height with heels while placing your order.","","https://saakshakinni.com/wp-content/uploads/2025/08/032_F1.jpg | https://saakshakinni.com/wp-content/uploads/2025/08/032_F2.jpg | https://saakshakinni.com/wp-content/uploads/2025/08/032_F5.jpg | https://saakshakinni.com/wp-content/uploads/2025/08/032_F4.jpg | https://saakshakinni.com/wp-content/uploads/2025/08/032_F3.jpg | https://saakshakinni.com/wp-content/uploads/2025/08/032_B1.jpg","https://saakshakinni.com/wp-content/uploads/2025/08/032_F1.jpg","0","0"
"24775","Renee Dress","25AW_064_R","https://saakshakinni.com/product/renee-dress/","variable","18500","18500","18500","False","INR",,,"AKARA | DRESSES","SIZE: L, M, S, XL, XS, XXL, XXXL | Notes: - | Delivery: Made to order. Delivery takes 4 weeks | Care: Dry Clean Only","Abstract Scribble Print Short Dress With Bell Sleeves, Cut Out Side Detailing And Intricate Hand Embroidered Floral Cutwork Applique Material – Poplin Color – Multi Slight imperfections or variations in the colour, print and texture of the textile are inherent to the characteristics of the fabric and add to the unique design of every piece Model’s height : 5’9 Model is wearing : Size S NOTE : Please mention your height with heels while placing your order.","","https://saakshakinni.com/wp-content/uploads/2025/08/031_F1.jpg | https://saakshakinni.com/wp-content/uploads/2025/08/031_F2.jpg | https://saakshakinni.com/wp-content/uploads/2025/08/031_F4.jpg | https://saakshakinni.com/wp-content/uploads/2025/08/031_F3.jpg | https://saakshakinni.com/wp-content/uploads/2025/08/031_B1.jpg","https://saakshakinni.com/wp-content/uploads/2025/08/031_F1.jpg","0","0"
"24771","Maeva Dress","25AW_015_R","https://saakshakinni.com/product/maeva-dress-2/","variable","26000","26000","26000","False","INR",,,"AKARA | DRESSES","SIZE: L, M, S, XL, XS, XXL, XXXL | Notes: - | Delivery: Made to order. Delivery takes 4 weeks | Care: Dry Clean Only","Abstract Floral Print Closed Neck Maxi Dress With Long Sleeves And Fitted Bodice Material – Lycra / Chiffon Color – Multi Slight imperfections or variations in the colour, print and texture of the textile are inherent to the characteristics of the fabric and add to the unique design of every piece Model’s height : 5’9 Model is wearing : Size S NOTE : Please mention your height with heels while placing your order.","","https://saakshakinni.com/wp-content/uploads/2025/08/029_F1.jpg | https://saakshakinni.com/wp-content/uploads/2025/08/029_F2.jpg | https://saakshakinni.com/wp-content/uploads/2025/08/029_F4.jpg | https://saakshakinni.com/wp-content/uploads/2025/08/029_F3.jpg | https://saakshakinni.com/wp-content/uploads/2025/08/029_B1.jpg","https://saakshakinni.com/wp-content/uploads/2025/08/029_F1.jpg","0","0"
"24765","Mira Dress","25AW_040_R","https://saakshakinni.com/product/mira-dress-8/","variable","23500","23500","23500","False","INR",,,"AKARA | DRESSES","SIZE: L, M, S, XL, XS, XXL, XXXL | Notes: - | Delivery: Made to order. Delivery takes 4 weeks | Care: Dry Clean Only","Abstract Floral Print, One Shoulder, Hand Micro Pleat Dress With Adjustable Hand Embroidered Mirror And Tassle Drawstring Sleeve And Length Material – Cotton Silk Color – Multi Slight imperfections or variations in the colour, print and texture of the textile are inherent to the characteristics of the fabric and add to the unique design of every piece Model’s height : 5’9 Model is wearing : Size S NOTE : Please mention your height with heels while placing your order.","","https://saakshakinni.com/wp-content/uploads/2025/08/028_F1.jpg | https://saakshakinni.com/wp-content/uploads/2025/08/028_F2.jpg | https://saakshakinni.com/wp-content/uploads/2025/08/028_F5.jpg | https://saakshakinni.com/wp-content/uploads/2025/08/028_F4.jpg | https://saakshakinni.com/wp-content/uploads/2025/08/028_F3.jpg | https://saakshakinni.com/wp-content/uploads/2025/08/028_B1.jpg","https://saakshakinni.com/wp-content/uploads/2025/08/028_F1.jpg","0","0"
"24763","Kathy Dress","25AW_051_R","https://saakshakinni.com/product/kathy-dress-5/","variable","27500","27500","27500","False","INR",,,"AKARA | DRESSES","SIZE: L, M, S, XL, XS, XXL, XXXL | Notes: - | Delivery: Made to order. Delivery takes 4 weeks | Care: Dry Clean Only","Rose Print Hand Micro Pleat Kaftan Style Dress With Adjustable Drawstring Length, And Off Shoulder Trail Material – Poly Florence Chiffon Color – Blue Slight imperfections or variations in the colour, print and texture of the textile are inherent to the characteristics of the fabric and add to the unique design of every piece Model’s height : 5’9 Model is wearing : Size S NOTE : Please mention your height with heels while placing your order.","","https://saakshakinni.com/wp-content/uploads/2025/08/027_F1.jpg | https://saakshakinni.com/wp-content/uploads/2025/08/027_F2.jpg | https://saakshakinni.com/wp-content/uploads/2025/08/027_F5.jpg | https://saakshakinni.com/wp-content/uploads/2025/08/027_F4.jpg | https://saakshakinni.com/wp-content/uploads/2025/08/027_F3.jpg | https://saakshakinni.com/wp-content/uploads/2025/08/027_B1.jpg","https://saakshakinni.com/wp-content/uploads/2025/08/027_F1.jpg","0","0"
"24843","Gigi Blouse &#038; Peony Skirt","25AW_075_R / 25AW_049_R","https://saakshakinni.com/product/gigi-blouse-peony-skirt/","variable","10000","10000","10000","False","INR",,,"AKARA | BLOUSE | SKIRTS","SIZE: L, M, S, XL, XS, XXL, XXXL | SET: Blouse, Skirt, Full Set | Notes: - | Delivery: Made to order. Delivery takes 4 weeks | Care: Dry Clean Only","Blouse : Abstract Floral Print Tshirt Style Long Sleeve, Boat Neck Blouse Material – Lycra Color – Multi Skirt : Abstract Floral Placement Print, High Waist, Flared Maxi Skirt Material – Cambric Color – Multi Slight imperfections or variations in the colour, print and texture of the textile are inherent to the characteristics of the fabric and add to the unique design of every piece Model’s height : 5’9 Model is wearing : Size S NOTE : Please mention your height with heels while placing your order.","","https://saakshakinni.com/wp-content/uploads/2025/08/053_F1.jpg | https://saakshakinni.com/wp-content/uploads/2025/08/053_F2.jpg | https://saakshakinni.com/wp-content/uploads/2025/08/053_F3.jpg | https://saakshakinni.com/wp-content/uploads/2025/08/053_F4.jpg | https://saakshakinni.com/wp-content/uploads/2025/08/053_F5.jpg | https://saakshakinni.com/wp-content/uploads/2025/08/053_B1.jpg","https://saakshakinni.com/wp-content/uploads/2025/08/053_F1.jpg","0","0"
"24841","Mila Dress","25AW_043_R","https://saakshakinni.com/product/mila-dress-4/","variable","21000","21000","21000","False","INR",,,"AKARA | DRESSES","SIZE: L, M, S, XL, XS, XXL, XXXL | Notes: - | Delivery: Made to order. Delivery takes 4 weeks | Care: Dry Clean Only","Abstract Stripe Print Dress With Fitted Bodice, Adjustable Straps And Cross Cut Flare Material – Cambric / Poplin Color – Black & White Slight imperfections or variations in the colour, print and texture of the textile are inherent to the characteristics of the fabric and add to the unique design of every piece Model’s height : 5’9 Model is wearing : Size S NOTE : Please mention your height with heels while placing your order.","","https://saakshakinni.com/wp-content/uploads/2025/08/052_F1.jpg | https://saakshakinni.com/wp-content/uploads/2025/08/052_F2.jpg | https://saakshakinni.com/wp-content/uploads/2025/08/052_F3.jpg | https://saakshakinni.com/wp-content/uploads/2025/08/052_F4.jpg | https://saakshakinni.com/wp-content/uploads/2025/08/052_B1.jpg","https://saakshakinni.com/wp-content/uploads/2025/08/052_F1.jpg","0","0"
"24837","Rasha Tunic &#038; Loly Trousers","25AW_102_R / 25AW_037_R","https://saakshakinni.com/product/rasha-tunic-loly-trousers/","variable","12500","12500","12500","False","INR",,,"AKARA | SHIRT | TROUSERS","SIZE: L, M, S, XL, XS, XXL, XXXL | SET: Tunic, Trousers, Full Set | Notes: - | Delivery: Made to order. Delivery takes 4 weeks | Care: Dry Clean Only","Tunic : Abstract Print Batwing Shirt With Intricate Hand Embroidered Cutwork Detailing Material – Cambric Color – Raspberry Trousers : Checkered Print, High Waist Balloon Trousers With Pockets Material – Drill Color – Multi Slight imperfections or variations in the colour, print and texture of the textile are inherent to the characteristics of the fabric and add to the unique design of every piece Model’s height : 5’9 Model is wearing : Size S NOTE : Please mention your height with heels while placing your order.","","https://saakshakinni.com/wp-content/uploads/2025/08/051_F1.jpg | https://saakshakinni.com/wp-content/uploads/2025/08/051_F2.jpg | https://saakshakinni.com/wp-content/uploads/2025/08/051_F3.jpg | https://saakshakinni.com/wp-content/uploads/2025/08/051_F4.jpg | https://saakshakinni.com/wp-content/uploads/2025/08/051_B1.jpg","https://saakshakinni.com/wp-content/uploads/2025/08/051_F1.jpg","0","0"
"24831","Denzel Trench, Larissa Corset Blouse &#038; Zoya Lehenga Skirt","25AW_087_R / 25AW_095_R / 25AW_096_R","https://saakshakinni.com/product/denzel-trench-larissa-corset-blouse-zoya-lehenga-skirt/","variable","23500","23500","23500","False","INR",,,"AKARA | BLOUSE | COAT | CORSET | LEHENGA | SKIRTS | TRENCH","SIZE: L, M, S, XL, XS, XXL, XXXL | SET: Trench, Corset Blouse, Lehenga Skirt, Full Set | Notes: - | Delivery: Made to order. Delivery takes 4 weeks | Care: Dry Clean Only","Trench : Intricate Hand Embroidered Floral Cutwork Applique Trench Coat With Detachable Belt Material – Crepe Color – Black/Multi Corset Blouse : Intricate Hand Embroidered Floral Cutwork Applique Corset Style Blouse With Net Panelling Material – Net / Crepe Color – Multi Lehenga Skirt : Intricate Hand Embroidered Floral Cutwork Applique High Waist Lehenga Material – Crepe / Cotton Silk Color – Multi Slight imperfections or variations in the colour, print and texture of the textile are inherent to the characteristics of the fabric and add to the unique design of every piece Model’s height : 5’9 Model is wearing : Size S NOTE : Please mention your height with heels while placing your order.","","https://saakshakinni.com/wp-content/uploads/2025/08/050_F1.jpg | https://saakshakinni.com/wp-content/uploads/2025/08/050_F2.jpg | https://saakshakinni.com/wp-content/uploads/2025/08/050_F3.jpg | https://saakshakinni.com/wp-content/uploads/2025/08/050_F4.jpg | https://saakshakinni.com/wp-content/uploads/2025/08/050_B1.jpg","https://saakshakinni.com/wp-content/uploads/2025/08/050_F1.jpg","0","0"
"24826","Larissa Corset Blouse, Zoya Lehenga Skirt &#038; Scallop Dupatta","25AW_095_R / 25AW_096_R / 25AW_097_R","https://saakshakinni.com/product/larissa-corset-blouse-zoya-lehenga-skirt-scallop-dupatta/","variable","6500","6500","6500","False","INR",,,"AKARA | BLOUSE | CORSET | LEHENGA | SKIRTS","SIZE: L, M, S, XL, XS, XXL, XXXL | SET: Corset Blouse, Lehenga Skirt, Dupatta, Full Set | Notes: - | Delivery: Made to order. Delivery takes 4 weeks | Care: Dry Clean Only","Corset Blouse : Intricate Hand Embroidered Floral Cutwork Applique Corset Style Blouse With Net Panelling Material – Net / Crepe Color – Multi Lehenga Skirt : Intricate Hand Embroidered Floral Cutwork Applique High Waist Lehenga Material – Crepe / Cotton Silk Color – Multi Dupatta : Abstract Print Dupatta With Scalloped Edge Detailing Material – Chiffon Color – Multi Slight imperfections or variations in the colour, print and texture of the textile are inherent to the characteristics of the fabric and add to the unique design of every piece Model’s height : 5’9 Model is wearing : Size S NOTE : Please mention your height with heels while placing your order.","","https://saakshakinni.com/wp-content/uploads/2025/08/049_F1.jpg | https://saakshakinni.com/wp-content/uploads/2025/08/049_F2.jpg | https://saakshakinni.com/wp-content/uploads/2025/08/049_F3.jpg | https://saakshakinni.com/wp-content/uploads/2025/08/049_F4.jpg | https://saakshakinni.com/wp-content/uploads/2025/08/049_F5.jpg | https://saakshakinni.com/wp-content/uploads/2025/08/049_F6.jpg | https://saakshakinni.com/wp-content/uploads/2025/08/049_F7.jpg | https://saakshakinni.com/wp-content/uploads/2025/08/049_B1.jpg","https://saakshakinni.com/wp-content/uploads/2025/08/049_F1.jpg","0","0"
"24824","Fiona Dress","25AW_013_R","https://saakshakinni.com/product/fiona-dress/","variable","26000","26000","26000","False","INR",,,"AKARA | DRESSES","SIZE: L, M, S, XL, XS, XXL, XXXL | Notes: - | Delivery: Made to order. Delivery takes 4 weeks | Care: Dry Clean Only","Abstract Print Maxi Dress With Long Sleeves, Fitted Bodice And Cowl Neckline Material – Crepe / Chiffon Color – Ivory/Multi Slight imperfections or variations in the colour, print and texture of the textile are inherent to the characteristics of the fabric and add to the unique design of every piece Model’s height : 5’9 Model is wearing : Size S NOTE : Please mention your height with heels while placing your order.","","https://saakshakinni.com/wp-content/uploads/2025/08/048_F1.jpg | https://saakshakinni.com/wp-content/uploads/2025/08/048_F2.jpg | https://saakshakinni.com/wp-content/uploads/2025/08/048_F3.jpg | https://saakshakinni.com/wp-content/uploads/2025/08/048_F4.jpg | https://saakshakinni.com/wp-content/uploads/2025/08/048_F5.jpg | https://saakshakinni.com/wp-content/uploads/2025/08/048_F6.jpg | https://saakshakinni.com/wp-content/uploads/2025/08/048_B1.jpg","https://saakshakinni.com/wp-content/uploads/2025/08/048_F1.jpg","0","0"
"24822","Shailee Dress","25AW_047_R","https://saakshakinni.com/product/shailee-dress-6/","variable","23000","23000","23000","False","INR",,,"AKARA | DRESSES","SIZE: L, M, S, XL, XS, XXL, XXXL | Notes: - | Delivery: Made to order. Delivery takes 4 weeks | Care: Dry Clean Only","Abstract Scribble Print Halter Neck Column Dress Material – Habutai / Cotton Silk Color – Multi Slight imperfections or variations in the colour, print and texture of the textile are inherent to the characteristics of the fabric and add to the unique design of every piece Model’s height : 5’9 Model is wearing : Size S NOTE : Please mention your height with heels while placing your order.","","https://saakshakinni.com/wp-content/uploads/2025/08/047_F1.jpg | https://saakshakinni.com/wp-content/uploads/2025/08/047_F2.jpg | https://saakshakinni.com/wp-content/uploads/2025/08/047_F3.jpg | https://saakshakinni.com/wp-content/uploads/2025/08/047_F4.jpg | https://saakshakinni.com/wp-content/uploads/2025/08/047_B1.jpg","https://saakshakinni.com/wp-content/uploads/2025/08/047_F1.jpg","0","0"
"24820","Sioana Dress","25AW_084_R-2","https://saakshakinni.com/product/sioana-dress/","variable","34500","34500","34500","False","INR",,,"AKARA | DRESSES","SIZE: L, M, S, XL, XS, XXL, XXXL | Notes: - | Delivery: Made to order. Delivery takes 4 weeks | Care: Dry Clean Only","Abstract Stripe Print Mini Dress With Intricate Hand Embroidered Floral Cutwork Applique Detailing And Side Cut Out Detailing Material – Cambric Color – Black/Multi Slight imperfections or variations in the colour, print and texture of the textile are inherent to the characteristics of the fabric and add to the unique design of every piece Model’s height : 5’9 Model is wearing : Size S NOTE : Please mention your height with heels while placing your order.","","https://saakshakinni.com/wp-content/uploads/2025/08/046_F1.jpg | https://saakshakinni.com/wp-content/uploads/2025/08/046_F2.jpg | https://saakshakinni.com/wp-content/uploads/2025/08/046_F3.jpg | https://saakshakinni.com/wp-content/uploads/2025/08/046_B1.jpg","https://saakshakinni.com/wp-content/uploads/2025/08/046_F1.jpg","0","0"
"24815","Skylar Blazer &#038; Sioana Dress","25AW_083_R / 25AW_084_R","https://saakshakinni.com/product/skylar-blazer-sioana-dress/","variable","34500","34500","34500","False","INR",,,"AKARA | DRESSES | JACKETS","SIZE: L, M, S, XL, XS, XXL, XXXL | SET: Blazer, Dress, Full Set | Notes: - | Delivery: Made to order. Delivery takes 4 weeks | Care: Dry Clean Only","Blazer : Abstract Stripe Print Relaxed Fit Blazer With Intricate Hand Embroidered Floral Cut-work Applique Floral Detailing Material – Crepe Color – Black & White Dress : Abstract Stripe Print Mini Dress With Intricate Hand Embroidered Floral Cutwork Applique Detailing And Side Cut Out Detailing Material – Cambric Color – Black/Multi Slight imperfections or variations in the colour, print and texture of the textile are inherent to the characteristics of the fabric and add to the unique design of every piece Model’s height : 5’9 Model is wearing : Size S NOTE : Please mention your height with heels while placing your order.","","https://saakshakinni.com/wp-content/uploads/2025/08/045_F1.jpg | https://saakshakinni.com/wp-content/uploads/2025/08/045_F2.jpg | https://saakshakinni.com/wp-content/uploads/2025/08/045_F3.jpg | https://saakshakinni.com/wp-content/uploads/2025/08/045_F4.jpg | https://saakshakinni.com/wp-content/uploads/2025/08/045_F5.jpg | https://saakshakinni.com/wp-content/uploads/2025/08/045_F6.jpg | https://saakshakinni.com/wp-content/uploads/2025/08/045_B1.jpg","https://saakshakinni.com/wp-content/uploads/2025/08/045_F1.jpg","0","0"
"24811","Ember Waistcoat &#038; Ember Shorts","25AW_024_R / 25AW_009_R","https://saakshakinni.com/product/ember-waistcoat-ember-shorts/","variable","11000","11000","11000","False","INR",,,"AKARA | SHORTS | WAISTCOAT","SIZE: L, M, S, XL, XS, XXL, XXXL | SET: Waistcoat, Shorts, Full Set | Notes: - | Delivery: Made to order. Delivery takes 4 weeks | Care: Dry Clean Only","Waistcoat : Abstract Scribble Print Button Down Waistcoat Material – Drill / Cotton Silk Color – Multi Shorts : Abstract Scribble Print, High Waist Shorts With Pockets Material – Drill Color – Multi Slight imperfections or variations in the colour, print and texture of the textile are inherent to the characteristics of the fabric and add to the unique design of every piece Model’s height : 5’9 Model is wearing : Size S NOTE : Please mention your height with heels while placing your order.","","https://saakshakinni.com/wp-content/uploads/2025/08/044_F1.jpg | https://saakshakinni.com/wp-content/uploads/2025/08/044_F2.jpg | https://saakshakinni.com/wp-content/uploads/2025/08/044_F3.jpg | https://saakshakinni.com/wp-content/uploads/2025/08/044_B1.jpg","https://saakshakinni.com/wp-content/uploads/2025/08/044_F1.jpg","0","0"
"24809","Claritta Dress","25AW_016_R","https://saakshakinni.com/product/claritta-dress/","variable","39000","39000","39000","False","INR",,,"AKARA | DRESSES","SIZE: L, M, S, XL, XS, XXL, XXXL | Notes: - | Delivery: Made to order. Delivery takes 4 weeks | Care: Dry Clean Only","Abstract Floral Print Strapless, Sweetheart Plunging Neckline Gown With Hand Micro Pleat And Intricate Mirror & Thread Work Hand Embroidered Panels Material – Chiffon Color – Multi Slight imperfections or variations in the colour, print and texture of the textile are inherent to the characteristics of the fabric and add to the unique design of every piece Model’s height : 5’9 Model is wearing : Size S NOTE : Please mention your height with heels while placing your order.","","https://saakshakinni.com/wp-content/uploads/2025/08/043_F1.jpg | https://saakshakinni.com/wp-content/uploads/2025/08/043_F2.jpg | https://saakshakinni.com/wp-content/uploads/2025/08/043_F3.jpg | https://saakshakinni.com/wp-content/uploads/2025/08/043_F4.jpg | https://saakshakinni.com/wp-content/uploads/2025/08/043_B1.jpg","https://saakshakinni.com/wp-content/uploads/2025/08/043_F1.jpg","0","0"
"24805","Amina Blouse &#038; Loly Trousers","25AW_007_R / 25AW_061_R","https://saakshakinni.com/product/amina-blouse-loly-trousers/","variable","12500","12500","12500","False","INR",,,"AKARA | BLOUSE | TROUSERS","SIZE: L, M, S, XL, XS, XXL, XXXL | SET: Blouse, Trousers, Full Set | Notes: - | Delivery: Made to order. Delivery takes 4 weeks | Care: Dry Clean Only","Blouse : Abstract Scribble Print Strapless, Asymmetric Pleated Blouse With Side Bow Detailing Material – Cambric Color – Multi Trousers : Abstract Floral Print High Waist Balloon Trousers With Pockets Material – Drill Color – Multi Slight imperfections or variations in the colour, print and texture of the textile are inherent to the characteristics of the fabric and add to the unique design of every piece Model’s height : 5’9 Model is wearing : Size S NOTE : Please mention your height with heels while placing your order.","","https://saakshakinni.com/wp-content/uploads/2025/08/042_F1.jpg | https://saakshakinni.com/wp-content/uploads/2025/08/042_F2.jpg | https://saakshakinni.com/wp-content/uploads/2025/08/042_F3.jpg | https://saakshakinni.com/wp-content/uploads/2025/08/042_B1.jpg","https://saakshakinni.com/wp-content/uploads/2025/08/042_F1.jpg","0","0"
"24903","Heather Blouse &#038; Loly Trousers","25AW_030_R / 25AW_059_R","https://saakshakinni.com/product/heather-blouse-loly-trousers/","variable","12500","12500","12500","False","INR",,,"AKARA | BLOUSE | TROUSERS","SIZE: L, M, S, XL, XS, XXL, XXXL | SET: Blouse, Trousers, Full Set | Notes: - | Delivery: Made to order. Delivery takes 4 weeks | Care: Dry Clean Only","Blouse : Abstract Floral Print, Hand Micro Pleated V Neck, Kaftan Style Blouse With Stitch Detailing And Flared Sleeves Material – Cotton Silk Color – Multi Trousers : High Waist Balloon Trousers With Pockets Material – Drill Color – Black Slight imperfections or variations in the colour, print and texture of the textile are inherent to the characteristics of the fabric and add to the unique design of every piece Model’s height : 5’9 Model is wearing : Size S NOTE : Please mention your height with heels while placing your order.","","https://saakshakinni.com/wp-content/uploads/2025/08/068_F1.jpg | https://saakshakinni.com/wp-content/uploads/2025/08/068_F2.jpg | https://saakshakinni.com/wp-content/uploads/2025/08/068_F3.jpg | https://saakshakinni.com/wp-content/uploads/2025/08/068_F4.jpg | https://saakshakinni.com/wp-content/uploads/2025/08/068_F5.jpg | https://saakshakinni.com/wp-content/uploads/2025/08/068_F6.jpg | https://saakshakinni.com/wp-content/uploads/2025/08/068_F7.jpg | https://saakshakinni.com/wp-content/uploads/2025/08/068_B1.jpg","https://saakshakinni.com/wp-content/uploads/2025/08/068_F1.jpg","0","0"
"24898","Miranda Blazer, Ivana Camisole &#038; Rowan Shorts","25AW_076_R / 25AW_091_R / 25AW_100_R","https://saakshakinni.com/product/miranda-blazer-ivana-camisole-rowan-shorts/","variable","5500","5500","5500","False","INR",,,"AKARA | BLOUSE | JACKETS | SHORTS","SIZE: L, M, S, XL, XS, XXL, XXXL | SET: Blazer, Camisole, Shorts, Full Set | Notes: - | Delivery: Made to order. Delivery takes 4 weeks | Care: Dry Clean Only","Blazer : Abstract Floral Print Oversized Blazer Material – Crepe Color – Multi Camisole : Low Neck Camisole Material – Lycra Color – Black Shorts : Abstract Floral Print Tailored Bermuda Shorts With Pockets Material – Drill Color – Multi Slight imperfections or variations in the colour, print and texture of the textile are inherent to the characteristics of the fabric and add to the unique design of every piece Model’s height : 5’9 Model is wearing : Size S NOTE : Please mention your height with heels while placing your order.","","https://saakshakinni.com/wp-content/uploads/2025/08/067_F1.jpg | https://saakshakinni.com/wp-content/uploads/2025/08/067_F2.jpg | https://saakshakinni.com/wp-content/uploads/2025/08/067_F3.jpg | https://saakshakinni.com/wp-content/uploads/2025/08/067_F4.jpg | https://saakshakinni.com/wp-content/uploads/2025/08/067_B1.jpg","https://saakshakinni.com/wp-content/uploads/2025/08/067_F1.jpg","0","0"
"24896","Shay Dress","25AW_018_R","https://saakshakinni.com/product/shay-dress/","variable","34500","34500","34500","False","INR",,,"AKARA | DRESSES","SIZE: L, M, S, XL, XS, XXL, XXXL | Notes: - | Delivery: Made to order. Delivery takes 4 weeks | Care: Dry Clean Only","Trio Of Prints, One Shoulder Dress With Cut Out Side Detailing And Part Hand Micro Pleating Material – Chiffon Color – Multi Slight imperfections or variations in the colour, print and texture of the textile are inherent to the characteristics of the fabric and add to the unique design of every piece Model’s height : 5’9 Model is wearing : Size S NOTE : Please mention your height with heels while placing your order.","","https://saakshakinni.com/wp-content/uploads/2025/08/065_F1.jpg | https://saakshakinni.com/wp-content/uploads/2025/08/065_F2.jpg | https://saakshakinni.com/wp-content/uploads/2025/08/065_F3.jpg | https://saakshakinni.com/wp-content/uploads/2025/08/065_F4.jpg | https://saakshakinni.com/wp-content/uploads/2025/08/065_F5.jpg | https://saakshakinni.com/wp-content/uploads/2025/08/065_B1.jpg","https://saakshakinni.com/wp-content/uploads/2025/08/065_F1.jpg","0","0"
"24891","Starla Corset Blouse, Sachi Lehenga Skirt &#038; Scallop Dupatta","25AW_092_R / 25AW_093_R / 25AW_094_R","https://saakshakinni.com/product/starla-corset-blouse-sachi-lehenga-skirt-scallop-dupatta/","variable","6500","6500","6500","False","INR",,,"AKARA | BLOUSE | CORSET | LEHENGA | SKIRTS","SIZE: L, M, S, XL, XS, XXL, XXXL | SET: Corset Blouse, Lehenga Skirt, Dupatta, Full Set | Notes: - | Delivery: Made to order. Delivery takes 4 weeks | Care: Dry Clean Only","Corset Blouse : Intricate Hand Embroidered Floral Cutwork Applique Corset Style Blouse With Net Panelling Material – Net / Crepe Color – Blue Lehenga Skirt : Intricate Hand Embroidered Floral Cutwork Applique High Waist Lehenga Material – Crepe / Cotton Silk Color – Blue/White Dupatta : Abstract Print Dupatta With Scalloped Edge Detailing Material – Chiffon Color – Blue Slight imperfections or variations in the colour, print and texture of the textile are inherent to the characteristics of the fabric and add to the unique design of every piece Model’s height : 5’9 Model is wearing : Size S NOTE : Please mention your height with heels while placing your order.","","https://saakshakinni.com/wp-content/uploads/2025/08/064_F1.jpg | https://saakshakinni.com/wp-content/uploads/2025/08/064_F2.jpg | https://saakshakinni.com/wp-content/uploads/2025/08/064_F3.jpg | https://saakshakinni.com/wp-content/uploads/2025/08/064_F4.jpg | https://saakshakinni.com/wp-content/uploads/2025/08/064_F5.jpg | https://saakshakinni.com/wp-content/uploads/2025/08/064_F6.jpg | https://saakshakinni.com/wp-content/uploads/2025/08/064_B1.jpg","https://saakshakinni.com/wp-content/uploads/2025/08/064_F1.jpg","0","0"
"24889","Daisy Dress","25AW_071_R","https://saakshakinni.com/product/daisy-dress-3/","variable","25500","25500","25500","False","INR",,,"AKARA | DRESSES","SIZE: L, M, S, XL, XS, XXL, XXXL | Notes: - | Delivery: Made to order. Delivery takes 4 weeks | Care: Dry Clean Only","Abstract Floral Print Maxi Dress With Fitted Bodice, Gathered Bralette Detailing, Column Designed Pleats And Adjustable Straps Material – Lycra / Chiffon Color – Multi Slight imperfections or variations in the colour, print and texture of the textile are inherent to the characteristics of the fabric and add to the unique design of every piece Model’s height : 5’9 Model is wearing : Size S NOTE : Please mention your height with heels while placing your order.","","https://saakshakinni.com/wp-content/uploads/2025/08/063_F1.jpg | https://saakshakinni.com/wp-content/uploads/2025/08/063_F2.jpg | https://saakshakinni.com/wp-content/uploads/2025/08/063_F3.jpg | https://saakshakinni.com/wp-content/uploads/2025/08/063_F4.jpg | https://saakshakinni.com/wp-content/uploads/2025/08/063_F5.jpg | https://saakshakinni.com/wp-content/uploads/2025/08/063_F6.jpg | https://saakshakinni.com/wp-content/uploads/2025/08/063_B1.jpg","https://saakshakinni.com/wp-content/uploads/2025/08/063_F1.jpg","0","0"
"24887","Anya Dress","25AW_074_R","https://saakshakinni.com/product/anya-dress-3/","variable","25000","25000","25000","False","INR",,,"AKARA | DRESSES","SIZE: L, M, S, XL, XS, XXL, XXXL | Notes: - | Delivery: Made to order. Delivery takes 4 weeks | Care: Dry Clean Only","Dual Abstract Floral Print Surplice Bodice, Hand Micro Pleat Dress With Adjustable Mirror And Tassle Hand Embroidered Side Drawstring Detailing Material – Poly Florence Chiffon Color – Multi Slight imperfections or variations in the colour, print and texture of the textile are inherent to the characteristics of the fabric and add to the unique design of every piece Model’s height : 5’9 Model is wearing : Size S NOTE : Please mention your height with heels while placing your order.","","https://saakshakinni.com/wp-content/uploads/2025/08/062_F1.jpg | https://saakshakinni.com/wp-content/uploads/2025/08/062_F2.jpg | https://saakshakinni.com/wp-content/uploads/2025/08/062_F3.jpg | https://saakshakinni.com/wp-content/uploads/2025/08/062_F4.jpg | https://saakshakinni.com/wp-content/uploads/2025/08/062_F5.jpg | https://saakshakinni.com/wp-content/uploads/2025/08/062_B1.jpg","https://saakshakinni.com/wp-content/uploads/2025/08/062_F1.jpg","0","0"
"24883","Mel Trench &#038; Saylor Palazzo","25AW_103_R / 25AW_067_R","https://saakshakinni.com/product/mel-trench-saylor-palazzo/","variable","16000","16000","16000","False","INR",,,"AKARA | COAT | TRENCH | TROUSERS","SIZE: L, M, S, XL, XS, XXL, XXXL | SET: Trench, Palazzo, Full Set | Notes: - | Delivery: Made to order. Delivery takes 4 weeks | Care: Dry Clean Only","Trench : Abstract Stripe Print Trench Coat With Intricate Hand Embroidered Floral Cutwork Applique And Detachable Belt Material – Poplin Color – Black & White Palazzo : Abstract Stripe Print High Waist, Wide Leg Palazzo Material – Crepe Color – Black & White Slight imperfections or variations in the colour, print and texture of the textile are inherent to the characteristics of the fabric and add to the unique design of every piece Model’s height : 5’9 Model is wearing : Size S NOTE : Please mention your height with heels while placing your order.","","https://saakshakinni.com/wp-content/uploads/2025/08/061_F1.jpg | https://saakshakinni.com/wp-content/uploads/2025/08/061_F4.jpg | https://saakshakinni.com/wp-content/uploads/2025/08/061_F5.jpg | https://saakshakinni.com/wp-content/uploads/2025/08/061_F6.jpg | https://saakshakinni.com/wp-content/uploads/2025/08/061-F2.jpg | https://saakshakinni.com/wp-content/uploads/2025/08/061-F3.jpg | https://saakshakinni.com/wp-content/uploads/2025/08/061_B1.jpg","https://saakshakinni.com/wp-content/uploads/2025/08/061_F1.jpg","0","0"
"24881","Elita Dress","25AW_054_R","https://saakshakinni.com/product/elita-dress/","variable","33500","33500","33500","False","INR",,,"AKARA | DRESSES","SIZE: L, M, S, XL, XS, XXL, XXXL | Notes: - | Delivery: Made to order. Delivery takes 4 weeks | Care: Dry Clean Only","Dual Print Strapless Maxi Dress With Intricate Hand Embroidered Floral Cutwork Applique Bodice And Hand Micro Pleat Skirt Material – Chiffon / Net Color – Multi Slight imperfections or variations in the colour, print and texture of the textile are inherent to the characteristics of the fabric and add to the unique design of every piece Model’s height : 5’9 Model is wearing : Size S NOTE : Please mention your height with heels while placing your order.","","https://saakshakinni.com/wp-content/uploads/2025/08/060_F1.jpg | https://saakshakinni.com/wp-content/uploads/2025/08/060_F2.jpg | https://saakshakinni.com/wp-content/uploads/2025/08/060_F3.jpg | https://saakshakinni.com/wp-content/uploads/2025/08/060_F4.jpg | https://saakshakinni.com/wp-content/uploads/2025/08/060_F5.jpg | https://saakshakinni.com/wp-content/uploads/2025/08/060_F6.jpg | https://saakshakinni.com/wp-content/uploads/2025/08/060_F7.jpg | https://saakshakinni.com/wp-content/uploads/2025/08/060_B1.jpg","https://saakshakinni.com/wp-content/uploads/2025/08/060_F1.jpg","0","0"
"24864","Vivi Dress","25AW_019_R","https://saakshakinni.com/product/vivi-dress/","variable","26000","26000","26000","False","INR",,,"AKARA | DRESSES","SIZE: L, M, S, XL, XS, XXL, XXXL | Notes: - | Delivery: Made to order. Delivery takes 4 weeks | Care: Dry Clean Only","Abstract Stripe Print Maxi Dress With Sweetheart Neckline And Hand Embroidered Cut Work Applique Detailing Material – Cambric Color – Black & White Slight imperfections or variations in the colour, print and texture of the textile are inherent to the characteristics of the fabric and add to the unique design of every piece Model’s height : 5’9 Model is wearing : Size S NOTE : Please mention your height with heels while placing your order.","","https://saakshakinni.com/wp-content/uploads/2025/08/058_F1.jpg | https://saakshakinni.com/wp-content/uploads/2025/08/058_F2.jpg | https://saakshakinni.com/wp-content/uploads/2025/08/058_F3.jpg | https://saakshakinni.com/wp-content/uploads/2025/08/058_F4.jpg | https://saakshakinni.com/wp-content/uploads/2025/08/058_B1.jpg | https://saakshakinni.com/wp-content/uploads/2025/08/058_B2.jpg","https://saakshakinni.com/wp-content/uploads/2025/08/058_F1.jpg","0","0"
"24862","Amora Dress","25AW_020_R","https://saakshakinni.com/product/amora-dress/","variable","39000","39000","39000","False","INR",,,"AKARA | DRESSES","SIZE: L, M, S, XL, XS, XXL, XXXL | Notes: - | Delivery: Made to order. Delivery takes 4 weeks | Care: Dry Clean Only","Dual Floral Print Strapless, Sweetheart Neckline, Asymmetric Dress With Surplice Bodice Material – Chiffon Color – Orange Slight imperfections or variations in the colour, print and texture of the textile are inherent to the characteristics of the fabric and add to the unique design of every piece Model’s height : 5’9 Model is wearing : Size S NOTE : Please mention your height with heels while placing your order.","","https://saakshakinni.com/wp-content/uploads/2025/08/057_F1.jpg | https://saakshakinni.com/wp-content/uploads/2025/08/057_F2.jpg | https://saakshakinni.com/wp-content/uploads/2025/08/057_F3.jpg | https://saakshakinni.com/wp-content/uploads/2025/08/057_F4.jpg | https://saakshakinni.com/wp-content/uploads/2025/08/057_F5.jpg | https://saakshakinni.com/wp-content/uploads/2025/08/057_F6.jpg | https://saakshakinni.com/wp-content/uploads/2025/08/057_B1.jpg","https://saakshakinni.com/wp-content/uploads/2025/08/057_F1.jpg","0","0"
"24860","Kiara Dress","25AW_008_R","https://saakshakinni.com/product/kiara-dress-9/","variable","26000","26000","26000","False","INR",,,"AKARA | DRESSES","SIZE: L, M, S, XL, XS, XXL, XXXL | Notes: - | Delivery: Made to order. Delivery takes 4 weeks | Care: Dry Clean Only","Abstract Scribble Print, Hand Micro Pleat Maxi Dress With Adjustable Straps Material – Chiffon Color – Multi Slight imperfections or variations in the colour, print and texture of the textile are inherent to the characteristics of the fabric and add to the unique design of every piece Model’s height : 5’9 Model is wearing : Size S NOTE : Please mention your height with heels while placing your order.","","https://saakshakinni.com/wp-content/uploads/2025/08/056_F1.jpg | https://saakshakinni.com/wp-content/uploads/2025/08/056_F2.jpg | https://saakshakinni.com/wp-content/uploads/2025/08/056_F3.jpg | https://saakshakinni.com/wp-content/uploads/2025/08/056_F4.jpg | https://saakshakinni.com/wp-content/uploads/2025/08/056_F5.jpg | https://saakshakinni.com/wp-content/uploads/2025/08/056_F6.jpg | https://saakshakinni.com/wp-content/uploads/2025/08/056_B1.jpg","https://saakshakinni.com/wp-content/uploads/2025/08/056_F1.jpg","0","0"
"24856","Gigi Blouse &#038; Saylor Palazzo","25AW_085_R / 25AW_067_R","https://saakshakinni.com/product/gigi-blouse-saylor-palazzo/","variable","10000","10000","10000","False","INR",,,"AKARA | BLOUSE | TROUSERS","SIZE: L, M, S, XL, XS, XXL, XXXL | SET: Blouse, Palazzo, Full Set | Notes: - | Delivery: Made to order. Delivery takes 4 weeks | Care: Dry Clean Only","Blouse : Abstract Stripe Print Tshirt Style Long Sleeve, Boat Neck Blouse Material – Lycra Color – Black & White Palazzo : Abstract Stripe Print High Waist, Wide Leg Palazzo Material – Crepe Color – Black & White Slight imperfections or variations in the colour, print and texture of the textile are inherent to the characteristics of the fabric and add to the unique design of every piece Model’s height : 5’9 Model is wearing : Size S NOTE : Please mention your height with heels while placing your order.","","https://saakshakinni.com/wp-content/uploads/2025/08/055_F1.jpg | https://saakshakinni.com/wp-content/uploads/2025/08/055_F2.jpg | https://saakshakinni.com/wp-content/uploads/2025/08/055_F3.jpg | https://saakshakinni.com/wp-content/uploads/2025/08/055_F4.jpg | https://saakshakinni.com/wp-content/uploads/2025/08/055_F5.jpg | https://saakshakinni.com/wp-content/uploads/2025/08/055_F6.jpg | https://saakshakinni.com/wp-content/uploads/2025/08/055_B1.jpg","https://saakshakinni.com/wp-content/uploads/2025/08/055_F1.jpg","0","0"
"24847","Armida Shirt &#038; Loly Trousers","25AW_062_R / 25AW_061_R","https://saakshakinni.com/product/armida-shirt-loly-trousers-2/","variable","12500","12500","12500","False","INR",,,"AKARA | SHIRT | TROUSERS","SIZE: L, M, S, XL, XS, XXL, XXXL | SET: Shirt, Trousers, Full Set | Notes: - | Delivery: Made to order. Delivery takes 4 weeks | Care: Dry Clean Only","shirt : Abstract Scribble Print, Batwing Collared Shirt With Intricate Hand Embroidered Floral Cutwork Applique Material – Cambric Color – Multi Trousers : Abstract Floral Print High Waist Balloon Trousers With Pockets Material – Drill Color – Multi Slight imperfections or variations in the colour, print and texture of the textile are inherent to the characteristics of the fabric and add to the unique design of every piece Model’s height : 5’9 Model is wearing : Size S NOTE : Please mention your height with heels while placing your order.","","https://saakshakinni.com/wp-content/uploads/2025/08/054_F1.jpg | https://saakshakinni.com/wp-content/uploads/2025/08/054_F2.jpg | https://saakshakinni.com/wp-content/uploads/2025/08/054_F3.jpg | https://saakshakinni.com/wp-content/uploads/2025/08/054_F4.jpg | https://saakshakinni.com/wp-content/uploads/2025/08/054_B2.jpg | https://saakshakinni.com/wp-content/uploads/2025/08/054_B1.jpg","https://saakshakinni.com/wp-content/uploads/2025/08/054_F1.jpg","0","0"
"24949","Malaika Bustier, Sachi Lehenga Skirt &#038; Scallop Dupatta","25AW_110_R / 25AW_093_R / 25AW_094_R","https://saakshakinni.com/product/malaika-bustier-sachi-lehenga-skirt-scallop-dupatta/","variable","6500","6500","6500","False","INR",,,"AKARA | BUSTIER | LEHENGA | SKIRTS","SIZE: L, M, S, XL, XS, XXL, XXXL | SET: Bustier, Lehenga Skirt, Dupatta, Full Set | Notes: - | Delivery: Made to order. Delivery takes 4 weeks | Care: Dry Clean Only","Bustier : Intricate Mirror And Tassle Hand Embroidered Bustier Material – Satin/ Cotton Silk Color – Multi Lehenga Skirt : Intricate Hand Embroidered Floral Cutwork Applique High Waist Lehenga Material – Crepe / Cotton Silk Color – Blue/White Dupatta : Abstract Print Dupatta With Scalloped Edge Detailing Material – Chiffon Color – Blue Model’s height : 5’9 Model is wearing : Size S NOTE : Please mention your height with heels while placing your order.","","https://saakshakinni.com/wp-content/uploads/2025/08/079_F1.jpg | https://saakshakinni.com/wp-content/uploads/2025/08/079_F2.jpg | https://saakshakinni.com/wp-content/uploads/2025/08/079_F3.jpg | https://saakshakinni.com/wp-content/uploads/2025/08/079_F4.jpg | https://saakshakinni.com/wp-content/uploads/2025/08/079_F5.jpg | https://saakshakinni.com/wp-content/uploads/2025/08/079_F6.jpg | https://saakshakinni.com/wp-content/uploads/2025/08/079_B1.jpg","https://saakshakinni.com/wp-content/uploads/2025/08/079_F1.jpg","0","0"
"24947","Trudy Dress","25AW_063_R","https://saakshakinni.com/product/trudy-dress/","variable","18500","18500","18500","False","INR",,,"AKARA | DRESSES","SIZE: L, M, S, XL, XS, XXL, XXXL | Notes: - | Delivery: Made to order. Delivery takes 4 weeks | Care: Dry Clean Only","Abstract Print Sleeveless Relaxed Fit Dress With Intricate Hand Embroidered Floral Cutwork Applique Pocket Detailing Material – Poplin Color – Multi Slight imperfections or variations in the colour, print and texture of the textile are inherent to the characteristics of the fabric and add to the unique design of every piece Model’s height : 5’9 Model is wearing : Size S NOTE : Please mention your height with heels while placing your order.","","https://saakshakinni.com/wp-content/uploads/2025/08/078_F1.jpg | https://saakshakinni.com/wp-content/uploads/2025/08/078_F2.jpg | https://saakshakinni.com/wp-content/uploads/2025/08/078_F3.jpg | https://saakshakinni.com/wp-content/uploads/2025/08/078_F4.jpg | https://saakshakinni.com/wp-content/uploads/2025/08/078_F5.jpg | https://saakshakinni.com/wp-content/uploads/2025/08/078_B1.jpg","https://saakshakinni.com/wp-content/uploads/2025/08/078_F1.jpg","0","0"
"24929","Amina Blouse &#038; Saylor Palazzo","25AW_007_R / 25AW_086_R","https://saakshakinni.com/product/amina-blouse-saylor-palazzo/","variable","18000","18000","18000","False","INR",,,"AKARA | BLOUSE | TROUSERS","SIZE: L, M, S, XL, XS, XXL, XXXL | SET: Blouse, Palazzo, Full Set | Notes: - | Delivery: Made to order. Delivery takes 4 weeks | Care: Dry Clean Only","Blouse : Abstract Scribble Print Strapless, Asymmetric Pleated Blouse With Side Bow Detailing Material – Cambric Color – Multi Palazzo : High Waist, Wide Leg Palazzo With Pockets Material – Polyester Color – White Slight imperfections or variations in the colour, print and texture of the textile are inherent to the characteristics of the fabric and add to the unique design of every piece Model’s height : 5’9 Model is wearing : Size S NOTE : Please mention your height with heels while placing your order.","","https://saakshakinni.com/wp-content/uploads/2025/08/074_F1.jpg | https://saakshakinni.com/wp-content/uploads/2025/08/074_F2.jpg | https://saakshakinni.com/wp-content/uploads/2025/08/074_F3.jpg | https://saakshakinni.com/wp-content/uploads/2025/08/074_F4.jpg | https://saakshakinni.com/wp-content/uploads/2025/08/074_F5.jpg | https://saakshakinni.com/wp-content/uploads/2025/08/074_B1.jpg","https://saakshakinni.com/wp-content/uploads/2025/08/074_F1.jpg","0","0"
"24924","Willow Trench, Ivana Camisole &#038; Loly Trousers","25AW_101_R / 25AW_090_R / 25AW_059_R","https://saakshakinni.com/product/willow-trench-ivana-camisole-loly-trousers/","variable","7000","7000","7000","False","INR",,,"AKARA | BLOUSE | COAT | TROUSERS","SIZE: L, M, S, XL, XS, XXL, XXXL | SET: Trench, Camisole, Trousers, Full Set | Notes: - | Delivery: Made to order. Delivery takes 4 weeks | Care: Dry Clean Only","Trench : Abstract Floral Print Relaxed Fit Trench Coat With Colourful Rope Shoulder Detailing Material – Drill Color – Multi Camisole : Abstract Print Camisole Material – Habutai Color – Multi Trousers : High Waist Balloon Trousers Material – Drill Color – Multi Slight imperfections or variations in the colour, print and texture of the textile are inherent to the characteristics of the fabric and add to the unique design of every piece Model’s height : 5’9 Model is wearing : Size S NOTE : Please mention your height with heels while placing your order.","","https://saakshakinni.com/wp-content/uploads/2025/08/073_F1.jpg | https://saakshakinni.com/wp-content/uploads/2025/08/073_F2.jpg | https://saakshakinni.com/wp-content/uploads/2025/08/073_F3.jpg | https://saakshakinni.com/wp-content/uploads/2025/08/073_F5.jpg | https://saakshakinni.com/wp-content/uploads/2025/08/073_F6.jpg | https://saakshakinni.com/wp-content/uploads/2025/08/073_F7.jpg | https://saakshakinni.com/wp-content/uploads/2025/08/073_B1.jpg","https://saakshakinni.com/wp-content/uploads/2025/08/073_F1.jpg","0","0"
"24919","Jenna Blazer, Ivana Camisole &#038; Carlitta Skirt","25AW_073_R / 25AW_091_R / 25AW_099_R","https://saakshakinni.com/product/jenna-blazer-ivana-camisole-carlitta-skirt/","variable","5500","5500","5500","False","INR",,,"AKARA | BLOUSE | JACKETS | SKIRTS","SIZE: L, M, S, XL, XS, XXL, XXXL | SET: Blazer, Camisole, Skirt, Full Set | Notes: - | Delivery: Made to order. Delivery takes 4 weeks | Care: Dry Clean Only","Blazer : Abstract Floral Print Relaxed Fit Blazer Material – Crepe Color – Multi Camisole : Low Neck Camisole Material – Lycra Color – Black Skirt : Abstract Floral Print Pleated Mini Skirt With Side Trail Detailing Material – Chiffon Color – Multi Slight imperfections or variations in the colour, print and texture of the textile are inherent to the characteristics of the fabric and add to the unique design of every piece Model’s height : 5’9 Model is wearing : Size S NOTE : Please mention your height with heels while placing your order.","","https://saakshakinni.com/wp-content/uploads/2025/08/072_F1.jpg | https://saakshakinni.com/wp-content/uploads/2025/08/072_F2.jpg | https://saakshakinni.com/wp-content/uploads/2025/08/072_F3.jpg | https://saakshakinni.com/wp-content/uploads/2025/08/072_F4.jpg | https://saakshakinni.com/wp-content/uploads/2025/08/072_F5.jpg | https://saakshakinni.com/wp-content/uploads/2025/08/072_B1.jpg","https://saakshakinni.com/wp-content/uploads/2025/08/072_F1.jpg","0","0"
"24913","Avril Dress","25AW_017_R","https://saakshakinni.com/product/avril-dress/","variable","35500","35500","35500","False","INR",,,"AKARA | DRESSES","SIZE: L, M, S, XL, XS, XXL, XXXL | Notes: - | Delivery: Made to order. Delivery takes 4 weeks | Care: Dry Clean Only","Part Floral Print Strapless Dress With Sweetheart Neck Line, Surplice Bodice, Knot Detailing And Customisable Slit Material – Chiffon Color – Black Slight imperfections or variations in the colour, print and texture of the textile are inherent to the characteristics of the fabric and add to the unique design of every piece Model’s height : 5’9 Model is wearing : Size S NOTE : Please mention your height with heels while placing your order.","","https://saakshakinni.com/wp-content/uploads/2025/08/071_F1.jpg | https://saakshakinni.com/wp-content/uploads/2025/08/071_F2.jpg | https://saakshakinni.com/wp-content/uploads/2025/08/071_F3.jpg | https://saakshakinni.com/wp-content/uploads/2025/08/071_F4.jpg | https://saakshakinni.com/wp-content/uploads/2025/08/071_B1.jpg","https://saakshakinni.com/wp-content/uploads/2025/08/071_F1.jpg","0","0"
"24909","Blake Shirt &#038; Loly Trousers","25AW_066_R / 25AW_057_R","https://saakshakinni.com/product/blake-shirt-loly-trousers/","variable","12500","12500","12500","False","INR",,,"AKARA | SHIRT | TROUSERS","SIZE: L, M, S, XL, XS, XXL, XXXL | SET: Shirt, Trousers, Full Set | Notes: - | Delivery: Made to order. Delivery takes 4 weeks | Care: Dry Clean Only","Shirt : Abstract Stripe Print Batwing Collared Shirt With Intricate Hand Embroidered Floral Cutwork Applique Shoulder Detailing Material – Cambric Color – Black & White Trousers : Abstract Stripe Print, High Waist Balloon Trousers With Pockets Material – Drill Color – Black & White Slight imperfections or variations in the colour, print and texture of the textile are inherent to the characteristics of the fabric and add to the unique design of every piece Model’s height : 5’9 Model is wearing : Size S NOTE : Please mention your height with heels while placing your order.","","https://saakshakinni.com/wp-content/uploads/2025/08/070_F1.jpg | https://saakshakinni.com/wp-content/uploads/2025/08/070_F2.jpg | https://saakshakinni.com/wp-content/uploads/2025/08/070_F3.jpg | https://saakshakinni.com/wp-content/uploads/2025/08/070_F4.jpg | https://saakshakinni.com/wp-content/uploads/2025/08/070_B1.jpg","https://saakshakinni.com/wp-content/uploads/2025/08/070_F1.jpg","0","0"
"24907","Alex Dress","25AW_032_R","https://saakshakinni.com/product/alex-dress/","variable","36000","36000","36000","False","INR",,,"AKARA | DRESSES","SIZE: L, M, S, XL, XS, XXL, XXXL | Notes: - | Delivery: Made to order. Delivery takes 4 weeks | Care: Dry Clean Only","Multi Print Cold Shoulder Maxi Dress With Surplice Bodice, Gathered Waist And Side Keyhole Detailing Material – Chiffon / Habutai / Net Color – Multi Slight imperfections or variations in the colour, print and texture of the textile are inherent to the characteristics of the fabric and add to the unique design of every piece Model’s height : 5’9 Model is wearing : Size S NOTE : Please mention your height with heels while placing your order.","","https://saakshakinni.com/wp-content/uploads/2025/08/069_F1.jpg | https://saakshakinni.com/wp-content/uploads/2025/08/069_F2.jpg | https://saakshakinni.com/wp-content/uploads/2025/08/069_F3.jpg | https://saakshakinni.com/wp-content/uploads/2025/08/069_F4.jpg | https://saakshakinni.com/wp-content/uploads/2025/08/069_F5.jpg | https://saakshakinni.com/wp-content/uploads/2025/08/069_F6.jpg | https://saakshakinni.com/wp-content/uploads/2025/08/069_B1.jpg","https://saakshakinni.com/wp-content/uploads/2025/08/069_F1.jpg","0","0"
"24942","Akira Tunic &#038; Loly Trousers","25AW_003_R / 25AW_037_R","https://saakshakinni.com/product/akira-tunic-loly-trousers-2/","variable","11000","11000","11000","False","INR",,,"AKARA | SHIRT | TROUSERS | TUNIC","SIZE: L, M, S, XL, XS, XXL, XXXL | SET: Tunic, Trousers, Full Set | Notes: - | Delivery: Made to order. Delivery takes 4 weeks | Care: Dry Clean Only","Tunic : Abstract Bird Print, Asymmetric, Relaxed Fit Collared Tunic Material – Cambric Color – Multi Trousers : Checkered Print, High Waist Balloon Trousers With Pockets Material – Drill Color – Multi Slight imperfections or variations in the colour, print and texture of the textile are inherent to the characteristics of the fabric and add to the unique design of every piece Model’s height : 5’9 Model is wearing : Size S NOTE : Please mention your height with heels while placing your order.","","https://saakshakinni.com/wp-content/uploads/2025/08/077_F1.jpg | https://saakshakinni.com/wp-content/uploads/2025/08/077_F2.jpg | https://saakshakinni.com/wp-content/uploads/2025/08/077_F3.jpg | https://saakshakinni.com/wp-content/uploads/2025/08/077_B1.jpg","https://saakshakinni.com/wp-content/uploads/2025/08/077_F1.jpg","0","0"
"24937","Mel Trench, Elira Bodysuit &#038; Loly Trousers","25AW_103_R / 25AW_081_R / 25AW_057_R","https://saakshakinni.com/product/mel-trench-elira-bodysuit-loly-trousers/","variable","12500","12500","12500","False","INR",,,"AKARA | BODYSUIT | COAT | TRENCH | TROUSERS","SIZE: L, M, S, XL, XS, XXL, XXXL | SET: Trench, Bodysuit, Trousers, Full Set | Notes: - | Delivery: Made to order. Delivery takes 4 weeks | Care: Dry Clean Only","Trench : Abstract Stripe Print Trench Coat With Intricate Hand Embroidered Floral Cutwork Applique And Detachable Belt Material – Poplin Color – Black & White Bodysuit : Abstract Bird Print, High Neck Bodysuit With Quilting Detailing And Side Cutout Detailing Material – Lycra Color – Multi Trousers : Abstract Stripe Print, High Waist Balloon Trousers With Pockets Material – Drill Color – Black & White Slight imperfections or variations in the colour, print and texture of the textile are inherent to the characteristics of the fabric and add to the unique design of every piece Model’s height : 5’9 Model is wearing : Size S NOTE : Please mention your height with heels while placing your order.","","https://saakshakinni.com/wp-content/uploads/2025/08/076_F1.jpg | https://saakshakinni.com/wp-content/uploads/2025/08/076_F2.jpg | https://saakshakinni.com/wp-content/uploads/2025/08/076_F3.jpg | https://saakshakinni.com/wp-content/uploads/2025/08/076_F4.jpg | https://saakshakinni.com/wp-content/uploads/2025/08/076_F5.jpg | https://saakshakinni.com/wp-content/uploads/2025/08/076_B1.jpg","https://saakshakinni.com/wp-content/uploads/2025/08/076_F1.jpg","0","0"
"24933","Elira Bodysuit &#038; Loly Trousers","25AW_081_R / 25AW_057_R","https://saakshakinni.com/product/elira-bodysuit-loly-trousers/","variable","12500","12500","12500","False","INR",,,"AKARA | BODYSUIT | TROUSERS","SIZE: L, M, S, XL, XS, XXL, XXXL | SET: Bodysuit, Trousers, Full Set | Notes: - | Delivery: Made to order. Delivery takes 4 weeks | Care: Dry Clean Only","Bodysuit : Abstract Bird Print, High Neck Bodysuit With Quilting And Side Cutout Detailing Material – Lycra Color – Multi Trousers : Abstract Stripe Print, High Waist Balloon Trousers With Pockets Material – Drill Color – Black & White Slight imperfections or variations in the colour, print and texture of the textile are inherent to the characteristics of the fabric and add to the unique design of every piece Model’s height : 5’9 Model is wearing : Size S NOTE : Please mention your height with heels while placing your order.","","https://saakshakinni.com/wp-content/uploads/2025/08/075_F1.jpg | https://saakshakinni.com/wp-content/uploads/2025/08/075_F2.jpg | https://saakshakinni.com/wp-content/uploads/2025/08/075_F3.jpg | https://saakshakinni.com/wp-content/uploads/2025/08/075_F4.jpg | https://saakshakinni.com/wp-content/uploads/2025/08/075_F5.jpg | https://saakshakinni.com/wp-content/uploads/2025/08/075_B1.jpg","https://saakshakinni.com/wp-content/uploads/2025/08/075_F1.jpg","0","0"
"24876","Akira Tunic &#038; Loly Trousers","25AW_003_R / 25AW_004_R","https://saakshakinni.com/product/akira-tunic-loly-trousers/","variable","11000","11000","11000","False","INR",,,"AKARA | SHIRT | TROUSERS","SIZE: L, M, S, XL, XS, XXL, XXXL | SET: Tunic, Trousers, Full Set | Notes: - | Delivery: Made to order. Delivery takes 4 weeks | Care: Dry Clean Only","Tunic : Abstract Bird Print, Asymmetric, Relaxed Fit Collared Tunic Material – Cambric Color – Multi Trousers : Abstract Bird Print High Waist Balloon Trousers Material – Drill Color – Multi Slight imperfections or variations in the colour, print and texture of the textile are inherent to the characteristics of the fabric and add to the unique design of every piece Model’s height : 5’9 Model is wearing : Size S NOTE : Please mention your height with heels while placing your order.","","https://saakshakinni.com/wp-content/uploads/2025/08/059_F1.jpg | https://saakshakinni.com/wp-content/uploads/2025/08/059_F2.jpg | https://saakshakinni.com/wp-content/uploads/2025/08/059_F3.jpg | https://saakshakinni.com/wp-content/uploads/2025/08/059_B1.jpg","https://saakshakinni.com/wp-content/uploads/2025/08/059_F1.jpg","0","0"
"24801","Gabby Dress","25AW_006_R","https://saakshakinni.com/product/gabby-dress/","variable","20000","20000","20000","False","INR",,,"AKARA | DRESSES","SIZE: L, M, S, XL, XS, XXL, XXXL | Notes: - | Delivery: Made to order. Delivery takes 4 weeks | Care: Dry Clean Only","Abstract Bird Print, Sleeveless Maxi Dress With Fitted Bodice And Hand Micro Pleat Skirt Material – Lycra / Chiffon Color – Multi Slight imperfections or variations in the colour, print and texture of the textile are inherent to the characteristics of the fabric and add to the unique design of every piece Model’s height : 5’9 Model is wearing : Size S NOTE : Please mention your height with heels while placing your order.","","https://saakshakinni.com/wp-content/uploads/2025/08/040_F1.jpg | https://saakshakinni.com/wp-content/uploads/2025/08/040_F2.jpg | https://saakshakinni.com/wp-content/uploads/2025/08/040_F3.jpg | https://saakshakinni.com/wp-content/uploads/2025/08/040_F4.jpg | https://saakshakinni.com/wp-content/uploads/2025/08/040_F5.jpg | https://saakshakinni.com/wp-content/uploads/2025/08/040_B1.jpg","https://saakshakinni.com/wp-content/uploads/2025/08/040_F1.jpg","0","0"
"24773","Elaine Dress","25AW_022_R","https://saakshakinni.com/product/elaine-dress/","variable","22500","22500","22500","False","INR",,,"AKARA | DRESSES","SIZE: L, M, S, XL, XS, XXL, XXXL | Notes: - | Delivery: Made to order. Delivery takes 4 weeks | Care: Dry Clean Only","Abstract Bird Print Midi Flared Dress With Fitted Bodice And Square Neckline Material – Poplin / Cambric Color – Multi Slight imperfections or variations in the colour, print and texture of the textile are inherent to the characteristics of the fabric and add to the unique design of every piece Model’s height : 5’9 Model is wearing : Size S NOTE : Please mention your height with heels while placing your order.","","https://saakshakinni.com/wp-content/uploads/2025/08/030_F1.jpg | https://saakshakinni.com/wp-content/uploads/2025/08/030_F2.jpg | https://saakshakinni.com/wp-content/uploads/2025/08/030_F3.jpg | https://saakshakinni.com/wp-content/uploads/2025/08/030_F4.jpg | https://saakshakinni.com/wp-content/uploads/2025/08/030_F5.jpg | https://saakshakinni.com/wp-content/uploads/2025/08/030_B1.jpg","https://saakshakinni.com/wp-content/uploads/2025/08/030_F1.jpg","0","0"
"24737","Emelyn Dress","25AW_005_R","https://saakshakinni.com/product/emelyn-dress/","variable","21500","21500","21500","False","INR",,,"AKARA | DRESSES","SIZE: L, M, S, XL, XS, XXL, XXXL | Notes: - | Delivery: Made to order. Delivery takes 4 weeks | Care: Dry Clean Only","Abstract Bird Print Halter Neck Drape Style Dress With Customisable Side Slit Material – Crepe / Habutai / Cotton Silk Color – Black/Multi Slight imperfections or variations in the colour, print and texture of the textile are inherent to the characteristics of the fabric and add to the unique design of every piece Model’s height : 5’9 Model is wearing : Size S NOTE : Please mention your height with heels while placing your order.","","https://saakshakinni.com/wp-content/uploads/2025/08/020_F1.jpg | https://saakshakinni.com/wp-content/uploads/2025/08/020_F3.jpg | https://saakshakinni.com/wp-content/uploads/2025/08/020_F2.jpg | https://saakshakinni.com/wp-content/uploads/2025/08/020_F4.jpg | https://saakshakinni.com/wp-content/uploads/2025/08/020_F5.jpg | https://saakshakinni.com/wp-content/uploads/2025/08/020_B1.jpg","https://saakshakinni.com/wp-content/uploads/2025/08/020_F1.jpg","0","0"
"24707","Sheryl Dress","25AW_023_R","https://saakshakinni.com/product/sheryl-dress/","variable","16000","16000","16000","False","INR",,,"AKARA | DRESSES","SIZE: L, M, S, XL, XS, XXL, XXXL | Notes: - | Delivery: Made to order. Delivery takes 4 weeks | Care: Dry Clean Only","Abstract Bird Print V Neck Short Dress With Fitted Bodice And Flared Skirt Material – Poplin / Cambric Color – Black & Multi Slight imperfections or variations in the colour, print and texture of the textile are inherent to the characteristics of the fabric and add to the unique design of every piece Model’s height : 5’9 Model is wearing : Size S NOTE : Please mention your height with heels while placing your order.","","https://saakshakinni.com/wp-content/uploads/2025/08/010_F1.jpg | https://saakshakinni.com/wp-content/uploads/2025/08/010_F2.jpg | https://saakshakinni.com/wp-content/uploads/2025/08/010_F3.jpg | https://saakshakinni.com/wp-content/uploads/2025/08/010_F4.jpg | https://saakshakinni.com/wp-content/uploads/2025/08/010_B1.jpg","https://saakshakinni.com/wp-content/uploads/2025/08/010_F1.jpg","0","0"
"24641","Ivy Bustier, Sia Skort, Evie Blazer &#038; Sia Corset Belt","W4_079_M_R / W4_080_M_R / W4_062_M_R / W4_098_M_R-1","https://saakshakinni.com/product/ivy-bustier-sia-skort-evie-blazer-sia-corset-belt/","variable","11000","11000","11000","False","INR",,,"CELEB","SIZE: L, M, S, XL, XS, XXL, XXXL | SET: Bustier, Skort, Blazer, Belt, Full Set | Notes: - | Delivery: Made to order. Delivery takes 4 weeks | Care: Dry Clean Only","BUSTIER : Tribal Print Bustier With Noodle Straps Material – Cambric Color – Blue SKORT : Tribal Print High Waist Skort Material – Cambric Color – Blue CORSET BELT : Intricate Mirror, Tassel & Thread Work Hand Embroidered Motif Corset Belt Material – Net Color – Multi BLAZER : Tribal Print Wide Collared Blazer Material – Mushroom Twill Color – Multi NOTE : Please mention your height with heels while placing your order.","","https://saakshakinni.com/wp-content/uploads/2025/08/rb2-03.jpg | https://saakshakinni.com/wp-content/uploads/2025/08/rb2-02.jpg | https://saakshakinni.com/wp-content/uploads/2025/08/rb2-01.jpg","https://saakshakinni.com/wp-content/uploads/2025/08/rb2-03.jpg","0","0"
"24633","Harper Trench","25SS_115_R-1","https://saakshakinni.com/product/harper-trench/","variable","33500","33500","33500","False","INR",,,"CELEB","SIZE: Free, L, M, S, XL, XS, XXL, XXS, XXXL | SET: Trench, Corset, Skirt, Full Set | Notes: - | Delivery: Made to order. Delivery takes 4 weeks | Care: Dry Clean Only","Trench : Abstract Floral Print Oversize Trench Coat Material – Crepe Color – Ivory NOTE : Please mention your height with heels while placing your order.","","https://saakshakinni.com/wp-content/uploads/2025/08/rb-02.jpg | https://saakshakinni.com/wp-content/uploads/2025/08/rb-05.jpg | https://saakshakinni.com/wp-content/uploads/2025/08/rb-01.jpg | https://saakshakinni.com/wp-content/uploads/2025/08/rb-03.jpg | https://saakshakinni.com/wp-content/uploads/2025/08/rb-04.jpg | https://saakshakinni.com/wp-content/uploads/2025/08/rb-06.jpg | https://saakshakinni.com/wp-content/uploads/2025/08/rb-07.jpg | https://saakshakinni.com/wp-content/uploads/2025/08/rb-08.jpg","https://saakshakinni.com/wp-content/uploads/2025/08/rb-02.jpg","0","0"
"25539","Georgia Dress","25AW_082_R","https://saakshakinni.com/product/georgia-dress/","variable","22500","22500","22500","False","INR",,,"AKARA | DRESSES","SIZE: L, M, S, XL, XS, XXL, XXXL | Notes: - | Delivery: Made to order. Delivery takes 4 weeks | Care: Dry Clean Only","Abstract Bird Print One Shoulder, Hand Micro Pleat Kaftan Style Dress (Satin Slip Provided) Material – Poly Florence Chiffon Color – Multi Slight imperfections or variations in the colour, print and texture of the textile are inherent to the characteristics of the fabric and add to the unique design of every piece Model’s height : 5’9 Model is wearing : Size S NOTE : Please mention your height with heels while placing your order.","","https://saakshakinni.com/wp-content/uploads/2025/08/066_F1.jpg | https://saakshakinni.com/wp-content/uploads/2025/08/066_F2.jpg | https://saakshakinni.com/wp-content/uploads/2025/08/066_F3.jpg | https://saakshakinni.com/wp-content/uploads/2025/08/066_F4.jpg | https://saakshakinni.com/wp-content/uploads/2025/08/066_F5.jpg | https://saakshakinni.com/wp-content/uploads/2025/08/066_F6.jpg | https://saakshakinni.com/wp-content/uploads/2025/08/066_B1.jpg","https://saakshakinni.com/wp-content/uploads/2025/08/066_F1.jpg","0","0"
"23532","Effie Coat &#038; Effie Dress","25SS_108_R / 25SS_109_R","https://saakshakinni.com/product/effie-coat-effie-dress/","variable","41500","41500","41500","False","INR",,,"CELEB","SIZE: L, M, S, XL, XS, XXL, XXXL | SET: Coat, Dress, Full Set | Notes: - | Delivery: Made to order. Delivery takes 4 weeks | Care: Dry Clean Only","Coat : Intricate Floral Print Structured, Asymmetric Coat With Hand Embroidered Cut Work Detailing, Quilting And Tie Up Sleeves Material – Cambric Color – Multi Dress : Floral Print, Sweetheart Neckline, Asymmetric, Intricate Cut Work Hand Embroidered Gown With Trail Material – Cambric Color – Multi Slight imperfections or variations in the colour, print and texture of the textile are inherent to the characteristics of the fabric and add to the unique design of every piece NOTE : Please mention your height with heels while placing your order.","","https://saakshakinni.com/wp-content/uploads/2025/05/sharvari-03.jpeg | https://saakshakinni.com/wp-content/uploads/2025/05/sharvari-01.jpeg | https://saakshakinni.com/wp-content/uploads/2025/05/sharvari-04.jpeg | https://saakshakinni.com/wp-content/uploads/2025/05/sharvari-02.jpeg | https://saakshakinni.com/wp-content/uploads/2025/02/073_F1.jpg | https://saakshakinni.com/wp-content/uploads/2025/02/073_F2.jpg | https://saakshakinni.com/wp-content/uploads/2025/02/073_F4.jpg | https://saakshakinni.com/wp-content/uploads/2025/02/073_B1.jpg | https://saakshakinni.com/wp-content/uploads/2025/02/083_F3.jpg | https://saakshakinni.com/wp-content/uploads/2025/02/083_F2.jpg | https://saakshakinni.com/wp-content/uploads/2025/02/083_B1.jpg","https://saakshakinni.com/wp-content/uploads/2025/05/sharvari-03.jpeg","0","0"
"23519","Neva Dress","25SS_084_R-2","https://saakshakinni.com/product/neva-dress-3/","variable","20000","20000","20000","False","INR",,,"CELEB","SIZE: L, M, S, XL, XS, XXL, XXXL | Notes: - | Delivery: Made to order. Delivery takes 4 weeks | Care: Dry Clean Only","Square Neck Midi Dress With Abstract Floral Print Placement And Fitted Bodice Material – Poplin Color – Ivory/Multi Slight imperfections or variations in the colour, print and texture of the textile are inherent to the characteristics of the fabric and add to the unique design of every piece NOTE : Please mention your height with heels while placing your order.","","https://saakshakinni.com/wp-content/uploads/2025/05/khushi-01.jpg | https://saakshakinni.com/wp-content/uploads/2025/05/khushi-02.jpg | https://saakshakinni.com/wp-content/uploads/2025/05/khushi-03.jpg | https://saakshakinni.com/wp-content/uploads/2025/05/khushi-05.jpg | https://saakshakinni.com/wp-content/uploads/2025/05/khushi-04.jpg | https://saakshakinni.com/wp-content/uploads/2025/02/003-F1.jpg | https://saakshakinni.com/wp-content/uploads/2025/02/003_F3.jpg | https://saakshakinni.com/wp-content/uploads/2025/02/003-B1.jpg","https://saakshakinni.com/wp-content/uploads/2025/05/khushi-01.jpg","0","0"
"22265","Gigi Blouse &#038; Gigi Skirt","25SS_079_R / 25SS_025_R","https://saakshakinni.com/product/gigi-blouse-gigi-skirt/","variable","10000","10000","10000","False","INR",,,"NIRAH | BLOUSE | SKIRTS","SIZE: L, M, S, XL, XS, XXL, XXXL | SET: Blouse, Skirt, Full Set | Notes: - | Delivery: Made to order. Delivery takes 4 weeks | Care: Dry Clean Only","Blouse : Floral Print Tshirt Style Long Sleeve, Boat Neck Blouse Material – Lycra Color – Red/Multi Skirt : Floral Print, Hand Micro Pleated Asymmetric Maxi Skirt With Zipper Detailing Material – Poly Floral Chiffon Color – Red/Multi Slight imperfections or variations in the colour, print and texture of the textile are inherent to the characteristics of the fabric and add to the unique design of every piece Model’s height : 5’9 Model is wearing : Size S NOTE : Please mention your height with heels while placing your order.","","https://saakshakinni.com/wp-content/uploads/2025/02/001_F1.jpg | https://saakshakinni.com/wp-content/uploads/2025/02/001-F2.jpg | https://saakshakinni.com/wp-content/uploads/2025/02/001-F3.jpg | https://saakshakinni.com/wp-content/uploads/2025/02/001_F4.jpg | https://saakshakinni.com/wp-content/uploads/2025/02/001_B1.jpg","https://saakshakinni.com/wp-content/uploads/2025/02/001_F1.jpg","0","0"
"22269","Grace Dress","25SS_094_R","https://saakshakinni.com/product/grace-dress/","variable","27000","27000","27000","False","INR",,,"NIRAH | DRESSES","SIZE: L, M, S, XL, XS, XXL, XXXL | Notes: - | Delivery: Made to order. Delivery takes 4 weeks | Care: Dry Clean Only","Floral Print, Corset Style Strapless Gown With Hand Pleated Bodice Material – Chiffon Color – Ivory Slight imperfections or variations in the colour, print and texture of the textile are inherent to the characteristics of the fabric and add to the unique design of every piece Model’s height : 5’9 Model is wearing : Size S NOTE : Please mention your height with heels while placing your order.","","https://saakshakinni.com/wp-content/uploads/2025/02/002_F1.jpg | https://saakshakinni.com/wp-content/uploads/2025/02/002_F2.jpg | https://saakshakinni.com/wp-content/uploads/2025/02/002_F3.jpg | https://saakshakinni.com/wp-content/uploads/2025/02/002_F4.jpg | https://saakshakinni.com/wp-content/uploads/2025/02/002_B1.jpg","https://saakshakinni.com/wp-content/uploads/2025/02/002_F1.jpg","0","0"
"22271","Neva Dress","25SS_084_R","https://saakshakinni.com/product/neva-dress/","variable","20000","20000","20000","False","INR",,,"NIRAH | DRESSES","SIZE: L, M, S, XL, XS, XXL, XXXL | Notes: - | Delivery: Made to order. Delivery takes 4 weeks | Care: Dry Clean Only","Square Neck Midi Dress With Abstract Floral Print Placement And Fitted Bodice Material – Poplin Color – Ivory/Multi Slight imperfections or variations in the colour, print and texture of the textile are inherent to the characteristics of the fabric and add to the unique design of every piece Model’s height : 5’9 Model is wearing : Size S NOTE : Please mention your height with heels while placing your order.","","https://saakshakinni.com/wp-content/uploads/2025/02/003-F1.jpg | https://saakshakinni.com/wp-content/uploads/2025/02/003-F2.jpg | https://saakshakinni.com/wp-content/uploads/2025/02/003_F3.jpg | https://saakshakinni.com/wp-content/uploads/2025/02/003-F4.jpg | https://saakshakinni.com/wp-content/uploads/2025/02/003-B1.jpg","https://saakshakinni.com/wp-content/uploads/2025/02/003-F1.jpg","0","0"
"22273","Kiara Dress","25SS_045_R","https://saakshakinni.com/product/kiara-dress-6/","variable","26000","26000","26000","False","INR",,,"NIRAH | DRESSES","SIZE: L, M, S, XL, XS, XXL, XXXL | Notes: - | Delivery: Made to order. Delivery takes 4 weeks | Care: Dry Clean Only","Aztec Print, Hand Micro Pleat Maxi Dress With Adjustable Straps Material – Chiffon Color – Blue/Multi Slight imperfections or variations in the colour, print and texture of the textile are inherent to the characteristics of the fabric and add to the unique design of every piece Model’s height : 5’9 Model is wearing : Size S NOTE : Please mention your height with heels while placing your order.","","https://saakshakinni.com/wp-content/uploads/2025/02/004_F1.jpg | https://saakshakinni.com/wp-content/uploads/2025/02/004_F2.jpg | https://saakshakinni.com/wp-content/uploads/2025/02/004_F3.jpg | https://saakshakinni.com/wp-content/uploads/2025/02/004_B1.jpg","https://saakshakinni.com/wp-content/uploads/2025/02/004_F1.jpg","0","0"
"22275","Myra Dress","25SS_054_R","https://saakshakinni.com/product/myra-dress/","variable","21500","21500","21500","False","INR",,,"NIRAH | DRESSES","SIZE: L, M, S, XL, XS, XXL, XXXL | Notes: - | Delivery: Made to order. Delivery takes 4 weeks | Care: Dry Clean Only","Abstract Floral Print, Strapless And Pleated Midi Dress With Cut Work Embroidered Neckline Material – Cambric Color – Blue Slight imperfections or variations in the colour, print and texture of the textile are inherent to the characteristics of the fabric and add to the unique design of every piece Model’s height : 5’10 Model is wearing : Size S NOTE : Please mention your height with heels while placing your order.","","https://saakshakinni.com/wp-content/uploads/2025/02/005_F1.jpg | https://saakshakinni.com/wp-content/uploads/2025/02/005_F2.jpg | https://saakshakinni.com/wp-content/uploads/2025/02/005_F3.jpg | https://saakshakinni.com/wp-content/uploads/2025/02/005-B1.jpg","https://saakshakinni.com/wp-content/uploads/2025/02/005_F1.jpg","0","0"
"22277","Emily Dress","25SS_012_R","https://saakshakinni.com/product/emily-dress-4/","variable","19500","19500","19500","False","INR",,,"NIRAH | DRESSES","SIZE: L, M, S, XL, XS, XXL, XXXL | Notes: - | Delivery: Made to order. Delivery takes 4 weeks | Care: Dry Clean Only","Floral Print Midi Flared Dress With Fitted Bodice And Square Neckline Material – Poplin Color – Multi Slight imperfections or variations in the colour, print and texture of the textile are inherent to the characteristics of the fabric and add to the unique design of every piece Model’s height : 5’9 Model is wearing : Size S NOTE : Please mention your height with heels while placing your order.","","https://saakshakinni.com/wp-content/uploads/2025/02/006_F1.jpg | https://saakshakinni.com/wp-content/uploads/2025/02/006_F2.jpg | https://saakshakinni.com/wp-content/uploads/2025/02/006_F3.jpg | https://saakshakinni.com/wp-content/uploads/2025/02/006_B1.jpg","https://saakshakinni.com/wp-content/uploads/2025/02/006_F1.jpg","0","0"
"22279","Omya Dress","25SS_097_R","https://saakshakinni.com/product/omya-dress/","variable","27500","27500","27500","False","INR",,,"NIRAH | DRESSES","SIZE: L, M, S, XL, XS, XXL, XXXL | Notes: - | Delivery: Made to order. Delivery takes 4 weeks | Care: Dry Clean Only","Asymmetric One Shoulder Abstract Floral Print Dress With Intersecting Hand Pleats Material – Chiffon Color – Black Slight imperfections or variations in the colour, print and texture of the textile are inherent to the characteristics of the fabric and add to the unique design of every piece Model’s height : 5’9 Model is wearing : Size S NOTE : Please mention your height with heels while placing your order.","","https://saakshakinni.com/wp-content/uploads/2025/02/007_F1.jpg | https://saakshakinni.com/wp-content/uploads/2025/02/007_F2.jpg | https://saakshakinni.com/wp-content/uploads/2025/02/007_F3.jpg | https://saakshakinni.com/wp-content/uploads/2025/02/007_B1.jpg","https://saakshakinni.com/wp-content/uploads/2025/02/007_F1.jpg","0","0"
"22281","Valerie Dress","25SS_057_R","https://saakshakinni.com/product/valerie-dress/","variable","24500","24500","24500","False","INR",,,"NIRAH | DRESSES","SIZE: L, M, S, XL, XS, XXL, XXXL | Notes: - | Delivery: Made to order. Delivery takes 4 weeks | Care: Dry Clean Only","Floral Print Sweetheart Neck Maxi Dress With Surplice Bustier, Cross Back Straps, Elasticated Back Support And Customisable Side Slit Material – Taffeta Color – Multi Slight imperfections or variations in the colour, print and texture of the textile are inherent to the characteristics of the fabric and add to the unique design of every piece Model’s height : 5’10 Model is wearing : Size S NOTE : Please mention your height with heels while placing your order.","","https://saakshakinni.com/wp-content/uploads/2025/02/008_F1.jpg | https://saakshakinni.com/wp-content/uploads/2025/02/008_F2.jpg | https://saakshakinni.com/wp-content/uploads/2025/02/008_F3.jpg | https://saakshakinni.com/wp-content/uploads/2025/02/008_B1.jpg","https://saakshakinni.com/wp-content/uploads/2025/02/008_F1.jpg","0","0"
"22283","Ziana Kaftan","25SS_107_R","https://saakshakinni.com/product/ziana-kaftan/","variable","19500","19500","19500","False","INR",,,"NIRAH | KAFTAN","SIZE: L, M, S, XL, XS, XXL, XXXL | Notes: - | Delivery: Made to order. Delivery takes 4 weeks | Care: Dry Clean Only","Floral Print Asymmetric, One Shoulder Kaftan With Side Tie And Hand Embroidered Tassle Tie Ups Material – Crepe Color – Red/Multi Slight imperfections or variations in the colour, print and texture of the textile are inherent to the characteristics of the fabric and add to the unique design of every piece Model’s height : 5’9 Model is wearing : Size S NOTE : Please mention your height with heels while placing your order.","","https://saakshakinni.com/wp-content/uploads/2025/02/009_F1.jpg | https://saakshakinni.com/wp-content/uploads/2025/02/009_F3.jpg | https://saakshakinni.com/wp-content/uploads/2025/02/009_F4.jpg | https://saakshakinni.com/wp-content/uploads/2025/02/009_F2.jpg | https://saakshakinni.com/wp-content/uploads/2025/02/009_B1.jpg","https://saakshakinni.com/wp-content/uploads/2025/02/009_F1.jpg","0","0"
"22285","Harper Trench, Agnes Corset &#038; Ziva Skirt","25SS_115_R / 25SS_090_R / 25SS_091_R","https://saakshakinni.com/product/harper-trench-agnes-corset-ziva-skirt/","variable","13500","13500","13500","False","INR",,,"NIRAH | CORSET | SKIRTS | TRENCH","SIZE: L, M, S, XL, XS, XXL, XXXL | SET: Trench, Corset, Skirt, Full Set | Notes: - | Delivery: Made to order. Delivery takes 4 weeks | Care: Dry Clean Only","Trench : Abstract Floral Print Oversize Trench Coat Material – Crepe Color – Ivory Corset : Abstract Floral Print Strapless, Asymetric Corset With Quilting Detailing Material – Crepe Color – Ivory Skirt : Abstract Floral Print Extra High Waist, Flared, Buttoned Down Maxi Skirt Material – Crepe Color – Ivory Slight imperfections or variations in the colour, print and texture of the textile are inherent to the characteristics of the fabric and add to the unique design of every piece Model’s height : 5’9 Model is wearing : Size S NOTE : Please mention your height with heels while placing your order.","","https://saakshakinni.com/wp-content/uploads/2025/02/010_F1.jpg | https://saakshakinni.com/wp-content/uploads/2025/02/010_F4.jpg | https://saakshakinni.com/wp-content/uploads/2025/02/010_F5.jpg | https://saakshakinni.com/wp-content/uploads/2025/02/010_F6.jpg | https://saakshakinni.com/wp-content/uploads/2025/02/010_B1.jpg","https://saakshakinni.com/wp-content/uploads/2025/02/010_F1.jpg","0","0"
"22301","Agnes Corset &#038; Lucy Skirt","25SS_081_R / 25SS_074_R","https://saakshakinni.com/product/agnes-corset-lucy-skirt-2/","variable","13500","13500","13500","False","INR",,,"NIRAH | CORSET | DRESSES","SIZE: L, M, S, XL, XS, XXL, XXXL | SET: Corset, Skirt, Full Set | Notes: - | Delivery: Made to order. Delivery takes 4 weeks | Care: Dry Clean Only","Corset : Abstract Floral Print Strapless, Asymmetric Corset With Quilting Detailing Material – Crepe Color – Multi Skirt : High Waist Flared And Pleated Maxi Skirt Material – Taffeta Color – Pink Slight imperfections or variations in the colour, print and texture of the textile are inherent to the characteristics of the fabric and add to the unique design of every piece Model’s height : 5’9 Model is wearing : Size S NOTE : Please mention your height with heels while placing your order.","","https://saakshakinni.com/wp-content/uploads/2025/02/011_F1.jpg | https://saakshakinni.com/wp-content/uploads/2025/02/011_F2.jpg | https://saakshakinni.com/wp-content/uploads/2025/02/011_F3.jpg | https://saakshakinni.com/wp-content/uploads/2025/02/011_B1.jpg","https://saakshakinni.com/wp-content/uploads/2025/02/011_F1.jpg","0","0"
"22305","Sapphire Dress","25SS_062_R","https://saakshakinni.com/product/sapphire-dress/","variable","28500","28500","28500","False","INR",,,"NIRAH | DRESSES","SIZE: L, M, S, XL, XS, XXL, XXXL | Notes: - | Delivery: Made to order. Delivery takes 4 weeks | Care: Dry Clean Only","Bandhani And Floral Print, Halter Neck Maxi Dess With Hand Micro Pleat Bodice And Waist, Customisable Side Slit And Hand Embroidered Mirrored Tassle Tie Ups Material – Chiffon / Habutai Color – Purple Slight imperfections or variations in the colour, print and texture of the textile are inherent to the characteristics of the fabric and add to the unique design of every piece Model’s height : 5’9 Model is wearing : Size S NOTE : Please mention your height with heels while placing your order.","","https://saakshakinni.com/wp-content/uploads/2025/02/012_F1.jpg | https://saakshakinni.com/wp-content/uploads/2025/02/012_F2.jpg | https://saakshakinni.com/wp-content/uploads/2025/02/012_F3.jpg | https://saakshakinni.com/wp-content/uploads/2025/02/012_F4.jpg | https://saakshakinni.com/wp-content/uploads/2025/02/012_B1.jpg","https://saakshakinni.com/wp-content/uploads/2025/02/012_F1.jpg","0","0"
"22307","Nova Dress","25SS_029_R","https://saakshakinni.com/product/nova-dress-2/","variable","13500","13500","13500","False","INR",,,"NIRAH | DRESSES","SIZE: L, M, S, XL, XS, XXL, XXXL | Notes: - | Delivery: Made to order. Delivery takes 4 weeks | Care: Dry Clean Only","Floral And Abstract Print Shift Dress With Bell Sleeves Material – Cambric Color – Multi Slight imperfections or variations in the colour, print and texture of the textile are inherent to the characteristics of the fabric and add to the unique design of every piece Model’s height : 5’9 Model is wearing : Size S NOTE : Please mention your height with heels while placing your order.","","https://saakshakinni.com/wp-content/uploads/2025/02/013_F1.jpg | https://saakshakinni.com/wp-content/uploads/2025/02/013_F2.jpg | https://saakshakinni.com/wp-content/uploads/2025/02/013_F3.jpg | https://saakshakinni.com/wp-content/uploads/2025/02/013_F4.jpg | https://saakshakinni.com/wp-content/uploads/2025/02/013_B1.jpg","https://saakshakinni.com/wp-content/uploads/2025/02/013_F1.jpg","0","0"
"22309","Lilian Dress","25SS_080_R","https://saakshakinni.com/product/lilian-dress/","variable","24500","24500","24500","False","INR",,,"NIRAH | DRESSES","SIZE: L, M, S, XL, XS, XXL, XXXL | Notes: - | Delivery: Made to order. Delivery takes 4 weeks | Care: Dry Clean Only","Floral Print, Strapless And Pleated Midi Dress With Cut Work Embroidered Neckline And Box Pleats Material – Cambric Color – Multi Slight imperfections or variations in the colour, print and texture of the textile are inherent to the characteristics of the fabric and add to the unique design of every piece Model’s height : 5’10 Model is wearing : Size S NOTE : Please mention your height with heels while placing your order.","","https://saakshakinni.com/wp-content/uploads/2025/02/014_F1.jpg | https://saakshakinni.com/wp-content/uploads/2025/02/014_F2.jpg | https://saakshakinni.com/wp-content/uploads/2025/02/014_F3.jpg | https://saakshakinni.com/wp-content/uploads/2025/02/014_B1.jpg","https://saakshakinni.com/wp-content/uploads/2025/02/014_F1.jpg","0","0"
"22311","Monica Blouse &#038; Jane Skirt","25SS_028_R / 25SS_098_R","https://saakshakinni.com/product/monica-blouse-jane-skirt/","variable","13500","13500","13500","False","INR",,,"NIRAH | BLOUSE | SKIRTS","SIZE: L, M, S, XL, XS, XXL, XXXL | SET: Blouse, Skirt, Full Set | Notes: - | Delivery: Made to order. Delivery takes 4 weeks | Care: Dry Clean Only","Blouse : Floral And Abstract Print, Hand Micro Pleat Kaftan Style Blouse With Adjustable Drawstring Waist And Sleeves, And Front Zip Closure Material – Cotton Silk Color – Multi Skirt : Abstract Floral Placement Print, High Waist, Flared Maxi Skirt Material – Poplin Color – Ivory/Multi Slight imperfections or variations in the colour, print and texture of the textile are inherent to the characteristics of the fabric and add to the unique design of every piece Model’s height : 5’9 Model is wearing : Size S NOTE : Please mention your height with heels while placing your order.","","https://saakshakinni.com/wp-content/uploads/2025/02/015_F1.jpg | https://saakshakinni.com/wp-content/uploads/2025/02/015_F2.jpg | https://saakshakinni.com/wp-content/uploads/2025/02/015_F3.jpg | https://saakshakinni.com/wp-content/uploads/2025/02/015_F4.jpg | https://saakshakinni.com/wp-content/uploads/2025/02/015_F5.jpg | https://saakshakinni.com/wp-content/uploads/2025/02/015_B1.jpg","https://saakshakinni.com/wp-content/uploads/2025/02/015_F1.jpg","0","0"
"22315","Dua Dress","25SS_072_R","https://saakshakinni.com/product/dua-dress/","variable","34500","34500","34500","False","INR",,,"NIRAH | DRESSES","SIZE: L, M, S, XL, XS, XXL, XXXL | Notes: - | Delivery: Made to order. Delivery takes 4 weeks | Care: Dry Clean Only","Abstract Floral Print, Sweetheart Neckline, Seven Tier Maxi Dress With Surplice Bustier Material – Chiffon Color – Pink Slight imperfections or variations in the colour, print and texture of the textile are inherent to the characteristics of the fabric and add to the unique design of every piece Model’s height : 5’10 Model is wearing : Size S NOTE : Please mention your height with heels while placing your order.","","https://saakshakinni.com/wp-content/uploads/2025/02/016_F1.jpg | https://saakshakinni.com/wp-content/uploads/2025/02/016_F2.jpg | https://saakshakinni.com/wp-content/uploads/2025/02/016_F3.jpg | https://saakshakinni.com/wp-content/uploads/2025/02/016_F4.jpg | https://saakshakinni.com/wp-content/uploads/2025/02/016_B1.jpg","https://saakshakinni.com/wp-content/uploads/2025/02/016_F1.jpg","0","0"
"22321","Evie Blazer &#038; Jane Skirt","25SS_078_R / 25SS_098_R","https://saakshakinni.com/product/evie-blazer-jane-skirt/","variable","13500","13500","13500","False","INR",,,"NIRAH | JACKETS | SKIRTS","SIZE: L, M, S, XL, XS, XXL, XXXL | SET: Blazer, Skirt, Full Set | Notes: - | Delivery: Made to order. Delivery takes 4 weeks | Care: Dry Clean Only","Blazer : Abstract Floral Print, Long Line Blazer With Hand Embroidered Tassle Outline And Patch Pocket Detailing Material – Crepe Color – Multi Skirt : Abstract Floral Placement Print, High Waist, Flared Maxi Skirt Material – Poplin Color – Ivory/Multi Slight imperfections or variations in the colour, print and texture of the textile are inherent to the characteristics of the fabric and add to the unique design of every piece Model’s height : 5’9 Model is wearing : Size S NOTE : Please mention your height with heels while placing your order.","","https://saakshakinni.com/wp-content/uploads/2025/02/019_F1.jpg | https://saakshakinni.com/wp-content/uploads/2025/02/019_F2.jpg | https://saakshakinni.com/wp-content/uploads/2025/02/019_F3.jpg | https://saakshakinni.com/wp-content/uploads/2025/02/019_F4.jpg | https://saakshakinni.com/wp-content/uploads/2025/02/019_B1.jpg","https://saakshakinni.com/wp-content/uploads/2025/02/019_F1.jpg","0","0"
"22325","Lexi Shirt Dress","25SS_086_R","https://saakshakinni.com/product/lexi-shirt-dress/","variable","16500","16500","16500","False","INR",,,"NIRAH | DRESSES | SHIRT","SIZE: L, M, S, XL, XS, XXL, XXXL | Notes: - | Delivery: Made to order. Delivery takes 4 weeks | Care: Dry Clean Only","Floral Placement Print, Buttoned Down Collared Shirt Dress Material – Crepe Color – Multi Slight imperfections or variations in the colour, print and texture of the textile are inherent to the characteristics of the fabric and add to the unique design of every piece Model’s height : 5’10 Model is wearing : Size S NOTE : Please mention your height with heels while placing your order.","","https://saakshakinni.com/wp-content/uploads/2025/02/020_F1.jpg | https://saakshakinni.com/wp-content/uploads/2025/02/020_F2.jpg | https://saakshakinni.com/wp-content/uploads/2025/02/020_F3.jpg | https://saakshakinni.com/wp-content/uploads/2025/02/020-B1.jpg","https://saakshakinni.com/wp-content/uploads/2025/02/020_F1.jpg","0","0"
"22327","Ocean Dress","25SS_014_R","https://saakshakinni.com/product/ocean-dress/","variable","41000","41000","41000","False","INR",,,"NIRAH | DRESSES","SIZE: L, M, S, XL, XS, XXL, XXXL | Notes: - | Delivery: Made to order. Delivery takes 4 weeks | Care: Dry Clean Only","Abstract Floral Print Strapless Asymmetric Dress With Side Drapery, Customisable Side Slit And Trail Material – Habutai / Chiffon Color – Blue Slight imperfections or variations in the colour, print and texture of the textile are inherent to the characteristics of the fabric and add to the unique design of every piece Model’s height : 5’10 Model is wearing : Size S NOTE : Please mention your height with heels while placing your order.","","https://saakshakinni.com/wp-content/uploads/2025/02/021_F1.jpg | https://saakshakinni.com/wp-content/uploads/2025/02/021_F2.jpg | https://saakshakinni.com/wp-content/uploads/2025/02/021_F3.jpg | https://saakshakinni.com/wp-content/uploads/2025/02/021_F4.jpg | https://saakshakinni.com/wp-content/uploads/2025/02/021_F5.jpg | https://saakshakinni.com/wp-content/uploads/2025/02/021_B1.jpg","https://saakshakinni.com/wp-content/uploads/2025/02/021_F1.jpg","0","0"
"22329","Ezra Blazer","25SS_121_R","https://saakshakinni.com/product/ezra-blazer-2/","variable","32500","32500","32500","False","INR",,,"NIRAH | JACKETS","SIZE: L, M, S, XL, XS, XXL, XXXL | SET: Blazer, Trousers, Full Set | Notes: - | Delivery: Made to order. Delivery takes 4 weeks | Care: Dry Clean Only","Blazer : Abstract Floral Print Blazer With Patch Pocket Detailing Material – Crepe Color – Ivory Slight imperfections or variations in the colour, print and texture of the textile are inherent to the characteristics of the fabric and add to the unique design of every piece Model’s height : 5’10 Model is wearing : Size S NOTE : Please mention your height with heels while placing your order.","","https://saakshakinni.com/wp-content/uploads/2025/02/022_F1.jpg | https://saakshakinni.com/wp-content/uploads/2025/02/022_F2.jpg | https://saakshakinni.com/wp-content/uploads/2025/02/022_F3.jpg | https://saakshakinni.com/wp-content/uploads/2025/02/022_F4.jpg | https://saakshakinni.com/wp-content/uploads/2025/02/022_F5.jpg | https://saakshakinni.com/wp-content/uploads/2025/02/022_B1.jpg","https://saakshakinni.com/wp-content/uploads/2025/02/022_F1.jpg","0","0"
"22333","Emma Dress","25SS_010_R","https://saakshakinni.com/product/emma-dress/","variable","30500","30500","30500","False","INR",,,"NIRAH | DRESSES","SIZE: L, M, S, XL, XS, XXL, XXXL | Notes: - | Delivery: Made to order. Delivery takes 4 weeks | Care: Dry Clean Only","Floral Print, Hand Micro Pleat Maxi Dress With Sweetheart Neckline And Waist Band Detailing Material – Chiffon Color – Multi Slight imperfections or variations in the colour, print and texture of the textile are inherent to the characteristics of the fabric and add to the unique design of every piece Model’s height : 5’9 Model is wearing : Size S NOTE : Please mention your height with heels while placing your order.","","https://saakshakinni.com/wp-content/uploads/2025/02/023_F1.jpg | https://saakshakinni.com/wp-content/uploads/2025/02/023_F2.jpg | https://saakshakinni.com/wp-content/uploads/2025/02/023_F3.jpg | https://saakshakinni.com/wp-content/uploads/2025/02/023_F4.jpg | https://saakshakinni.com/wp-content/uploads/2025/02/023_B1.jpg","https://saakshakinni.com/wp-content/uploads/2025/02/023_F1.jpg","0","0"
"22319","Zia Dress","25SS_003_R","https://saakshakinni.com/product/zia-dress-4/","variable","26000","26000","26000","False","INR",,,"NIRAH | DRESSES","SIZE: L, M, S, XL, XS, XXL, XXXL | Notes: - | Delivery: Made to order. Delivery takes 4 weeks | Care: Dry Clean Only","Abstract Floral Print, Hand Micro Pleat Kaftan Style Dress With Adjustable Mirror And Tassle Hand Embroidered Drawstring Sleeves And Length Material – Cotton Silk Color – Multi Slight imperfections or variations in the colour, print and texture of the textile are inherent to the characteristics of the fabric and add to the unique design of every piece Model’s height : 5’9 Model is wearing : Size S NOTE : Please mention your height with heels while placing your order.","","https://saakshakinni.com/wp-content/uploads/2025/02/018_F1.jpg | https://saakshakinni.com/wp-content/uploads/2025/02/018_F2.jpg | https://saakshakinni.com/wp-content/uploads/2025/02/018_F3.jpg | https://saakshakinni.com/wp-content/uploads/2025/02/018_B1.jpg","https://saakshakinni.com/wp-content/uploads/2025/02/018_F1.jpg","0","0"
"22317","Tia Dress","25SS_021_R","https://saakshakinni.com/product/tia-dress/","variable","20000","20000","20000","False","INR",,,"NIRAH | DRESSES","SIZE: L, M, S, XL, XS, XXL, XXXL | Notes: - | Delivery: Made to order. Delivery takes 4 weeks | Care: Dry Clean Only","Abstract Patchwork Print Mini Dress With Square Neckline Material – Cambric Color – Multi Slight imperfections or variations in the colour, print and texture of the textile are inherent to the characteristics of the fabric and add to the unique design of every piece Model’s height : 5’9 Model is wearing : Size S NOTE : Please mention your height with heels while placing your order.","","https://saakshakinni.com/wp-content/uploads/2025/02/017_F1.jpg | https://saakshakinni.com/wp-content/uploads/2025/02/017_F2.jpg | https://saakshakinni.com/wp-content/uploads/2025/02/017_F3.jpg | https://saakshakinni.com/wp-content/uploads/2025/02/017_B1.jpg","https://saakshakinni.com/wp-content/uploads/2025/02/017_F1.jpg","0","0"
"22390","Tamsin Dress","25SS_042_R","https://saakshakinni.com/product/tamsin-dress/","variable","18000","18000","18000","False","INR",,,"NIRAH | DRESSES","SIZE: L, M, S, XL, XS, XXL, XXXL | Notes: - | Delivery: Made to order. Delivery takes 4 weeks | Care: Dry Clean Only","Abstract Print Square Neck Midi Dress Material – Cambric Color – Multi Slight imperfections or variations in the colour, print and texture of the textile are inherent to the characteristics of the fabric and add to the unique design of every piece Model’s height : 5’9 Model is wearing : Size S NOTE : Please mention your height with heels while placing your order.","","https://saakshakinni.com/wp-content/uploads/2025/02/045_F1.jpg | https://saakshakinni.com/wp-content/uploads/2025/02/045_F2.jpg | https://saakshakinni.com/wp-content/uploads/2025/02/045_B1.jpg","https://saakshakinni.com/wp-content/uploads/2025/02/045_F1.jpg","0","0"
"22453","Sia Shirt &#038; Sia Skort","25SS_082_R / 25SS_043_R","https://saakshakinni.com/product/sia-shirt-sia-skort/","variable","11000","11000","11000","False","INR",,,"NIRAH | SHIRT | SKORT","SIZE: L, M, S, XL, XS, XXL, XXXL | SET: Shirt, Skort, Full Set | Notes: - | Delivery: Made to order. Delivery takes 4 weeks | Care: Dry Clean Only","Shirt : Aztec Print Collared Shirt Material – Cambric Color – Blue/Multi Skort : Aztec Print High Waist Skort Material – Cambric Color – Blue/Multi Slight imperfections or variations in the colour, print and texture of the textile are inherent to the characteristics of the fabric and add to the unique design of every piece Model’s height : 5’9 Model is wearing : Size S NOTE : Please mention your height with heels while placing your order.","","https://saakshakinni.com/wp-content/uploads/2025/02/066_F1.jpg | https://saakshakinni.com/wp-content/uploads/2025/02/066_F2.jpg","https://saakshakinni.com/wp-content/uploads/2025/02/066_F1.jpg","0","0"
"22451","Emma Dress","25SS_037_R","https://saakshakinni.com/product/emma-dress-2/","variable","30000","30000","30000","False","INR",,,"NIRAH | DRESSES","SIZE: L, M, S, XL, XS, XXL, XXXL | Notes: - | Delivery: Made to order. Delivery takes 4 weeks | Care: Dry Clean Only","Abstract Floral And Checkered Print, Hand Micro Pleat Maxi Dress With Sweetheart Neckline And Waist Band Detailing Material – Chiffon Color – Light Pink/Multi Slight imperfections or variations in the colour, print and texture of the textile are inherent to the characteristics of the fabric and add to the unique design of every piece Model’s height : 5’10 Model is wearing : Size S NOTE : Please mention your height with heels while placing your order.","","https://saakshakinni.com/wp-content/uploads/2025/02/065_F1.jpg | https://saakshakinni.com/wp-content/uploads/2025/02/065_F2.jpg | https://saakshakinni.com/wp-content/uploads/2025/02/065_F3.jpg | https://saakshakinni.com/wp-content/uploads/2025/02/065_F4.jpg | https://saakshakinni.com/wp-content/uploads/2025/02/065_B1.jpg","https://saakshakinni.com/wp-content/uploads/2025/02/065_F1.jpg","0","0"
"22449","Sadie Dress","25SS_116_R","https://saakshakinni.com/product/sadie-dress/","variable","29500","29500","29500","False","INR",,,"NIRAH | DRESSES","SIZE: L, M, S, XL, XS, XXL, XXXL | Notes: - | Delivery: Made to order. Delivery takes 4 weeks | Care: Dry Clean Only","Abstract Floral Print Dress With Contrast Shoulder Drapery And Bodice Pleating Material – Chiffon Color – Ivory Dress Comes With An Inner Material – Crepe Color – Ivory Slight imperfections or variations in the colour, print and texture of the textile are inherent to the characteristics of the fabric and add to the unique design of every piece Model’s height : 5’10 Model is wearing : Size S NOTE : Please mention your height with heels while placing your order.","","https://saakshakinni.com/wp-content/uploads/2025/02/064_F1.jpg | https://saakshakinni.com/wp-content/uploads/2025/02/064_F2.jpg | https://saakshakinni.com/wp-content/uploads/2025/02/064_F3.jpg | https://saakshakinni.com/wp-content/uploads/2025/02/064_B1.jpg","https://saakshakinni.com/wp-content/uploads/2025/02/064_F1.jpg","0","0"
"22429","Mira Dress","25SS_077_R","https://saakshakinni.com/product/mira-dress-6/","variable","23500","23500","23500","False","INR",,,"NIRAH | DRESSES","SIZE: L, M, S, XL, XS, XXL, XXXL | Notes: - | Delivery: Made to order. Delivery takes 4 weeks | Care: Dry Clean Only","Abstract Floral Print, One Shoulder, Hand Micro Pleat Dress With Adjustable Hand Embroiderd Mirror And Tassle Drawstring Sleeve And Length Material – Cotton Silk Color – Pink Slight imperfections or variations in the colour, print and texture of the textile are inherent to the characteristics of the fabric and add to the unique design of every piece Model’s height : 5’9 Model is wearing : Size S NOTE : Please mention your height with heels while placing your order.","","https://saakshakinni.com/wp-content/uploads/2025/02/057_F1.jpg | https://saakshakinni.com/wp-content/uploads/2025/02/057_F2.jpg | https://saakshakinni.com/wp-content/uploads/2025/02/057_F3.jpg | https://saakshakinni.com/wp-content/uploads/2025/02/057_F4.jpg | https://saakshakinni.com/wp-content/uploads/2025/02/057_B1.jpg","https://saakshakinni.com/wp-content/uploads/2025/02/057_F1.jpg","0","0"
"22506","Kiara Dress","25SS_070_R","https://saakshakinni.com/product/kiara-dress-5/","variable","26000","26000","26000","False","INR",,,"NIRAH | DRESSES","SIZE: L, M, S, XL, XS, XXL, XXXL | Notes: - | Delivery: Made to order. Delivery takes 4 weeks | Care: Dry Clean Only","Abstract Floral Print, Hand Micro Pleat Maxi Dress With Adjustable Straps Material – Chiffon Color – Pink Slight imperfections or variations in the colour, print and texture of the textile are inherent to the characteristics of the fabric and add to the unique design of every piece Model’s height : 5’9 Model is wearing : Size S NOTE : Please mention your height with heels while placing your order.","","https://saakshakinni.com/wp-content/uploads/2025/02/080_F1.jpg | https://saakshakinni.com/wp-content/uploads/2025/02/080_F2.jpg | https://saakshakinni.com/wp-content/uploads/2025/02/080_F3.jpg | https://saakshakinni.com/wp-content/uploads/2025/02/080_B1.jpg","https://saakshakinni.com/wp-content/uploads/2025/02/080_F1.jpg","0","0"
"22498","Effie Coat &#038; Fifi Dress","25SS_105_R / 25SS_026_R","https://saakshakinni.com/product/effie-coat-fifi-dress/","variable","16500","16500","16500","False","INR",,,"NIRAH | COAT | DRESSES","SIZE: L, M, S, XL, XS, XXL, XXXL | SET: Coat, Dress, Full Set | Notes: - | Delivery: Made to order. Delivery takes 4 weeks | Care: Dry Clean Only","Coat : Intricate Stripe Print Structured, Asymmetric Coat With Hand Embroidered Cut Work Detailing, Quilting And Tie Up Sleeves Material – Cambric Color – Multi Dress : Abstract Stripe Print Mini Dress With Noodle Straps Material – Cambric / Cotton Silk Color – Multi Slight imperfections or variations in the colour, print and texture of the textile are inherent to the characteristics of the fabric and add to the unique design of every piece Model’s height : 5’9 Model is wearing : Size S NOTE : Please mention your height with heels while placing your order.","","https://saakshakinni.com/wp-content/uploads/2025/02/079_F1.jpg | https://saakshakinni.com/wp-content/uploads/2025/02/079_F2.jpg | https://saakshakinni.com/wp-content/uploads/2025/02/079_F3.jpg | https://saakshakinni.com/wp-content/uploads/2025/02/079_F4.jpg | https://saakshakinni.com/wp-content/uploads/2025/02/079_B1.jpg","https://saakshakinni.com/wp-content/uploads/2025/02/079_F1.jpg","0","0"
"22491","Vihana Dress","25SS_123_R","https://saakshakinni.com/product/vihana-dress/","variable","15500","15500","15500","False","INR",,,"NIRAH | DRESSES","SIZE: L, M, S, XL, XS, XXL, XXXL | Notes: - | Delivery: Made to order. Delivery takes 4 weeks | Care: Dry Clean Only","Abstract Floral Print Asymmetric Slip Dress With Sheer Layer Detailing And Noodle Straps Material – Chiffon Color – Black Slight imperfections or variations in the colour, print and texture of the textile are inherent to the characteristics of the fabric and add to the unique design of every piece Model’s height : 5’9 Model is wearing : Size S NOTE : Please mention your height with heels while placing your order.","","https://saakshakinni.com/wp-content/uploads/2025/02/077_F1.jpg | https://saakshakinni.com/wp-content/uploads/2025/02/077_F2.jpg | https://saakshakinni.com/wp-content/uploads/2025/02/077_F3.jpg | https://saakshakinni.com/wp-content/uploads/2025/02/077_B1.jpg","https://saakshakinni.com/wp-content/uploads/2025/02/077_F1.jpg","0","0"
"22489","Leena Dress","25SS_052_R","https://saakshakinni.com/product/leena-dress/","variable","23500","23500","23500","False","INR",,,"NIRAH | DRESSES","SIZE: L, M, S, XL, XS, XXL, XXXL | Notes: - | Delivery: Made to order. Delivery takes 4 weeks | Care: Dry Clean Only","Abstract Floral Print Maxi Dress With Draped Overlap Off Shoulder Sleeves, Hand Micro Pleat Detailing And Adjustable Drawstring Side Slit Material – Chiffon Color – Blue Slight imperfections or variations in the colour, print and texture of the textile are inherent to the characteristics of the fabric and add to the unique design of every piece Model’s height : 5’9 Model is wearing : Size S NOTE : Please mention your height with heels while placing your order.","","https://saakshakinni.com/wp-content/uploads/2025/02/076_F3.jpg | https://saakshakinni.com/wp-content/uploads/2025/02/076_F2.jpg | https://saakshakinni.com/wp-content/uploads/2025/02/076_F1.jpg | https://saakshakinni.com/wp-content/uploads/2025/02/076_B1.jpg","https://saakshakinni.com/wp-content/uploads/2025/02/076_F3.jpg","0","0"
"22487","Mila Dress","25SS_027_R","https://saakshakinni.com/product/mila-dress-3/","variable","21000","21000","21000","False","INR",,,"NIRAH | DRESSES","SIZE: L, M, S, XL, XS, XXL, XXXL | Notes: - | Delivery: Made to order. Delivery takes 4 weeks | Care: Dry Clean Only","Abstract Stripe Print Dress With Fitted Bodice, Noodle Straps And Cross Cut Flare Material – Cambric Color – Multi Slight imperfections or variations in the colour, print and texture of the textile are inherent to the characteristics of the fabric and add to the unique design of every piece Model’s height : 5’9 Model is wearing : Size S NOTE : Please mention your height with heels while placing your order.","","https://saakshakinni.com/wp-content/uploads/2025/02/075_F1.jpg | https://saakshakinni.com/wp-content/uploads/2025/02/075_F2.jpg | https://saakshakinni.com/wp-content/uploads/2025/02/075_F3.jpg | https://saakshakinni.com/wp-content/uploads/2025/02/075_B1.jpg","https://saakshakinni.com/wp-content/uploads/2025/02/075_F1.jpg","0","0"
"22480","Effie Coat, Agnes Corset &#038; Lucy Skirt","25SS_108_R / 25SS_081_R / 25SS_087_R","https://saakshakinni.com/product/effie-coat-agnes-corset-lucy-skirt/","variable","13500","13500","13500","False","INR",,,"NIRAH | COAT | CORSET | SKIRTS","SIZE: L, M, S, XL, XS, XXL, XXXL | SET: Coat, Corset, Skirt, Full Set | Notes: - | Delivery: Made to order. Delivery takes 4 weeks | Care: Dry Clean Only","Coat : Intricate Floral Print Structured, Asymmetric Coat With Hand Embroidered Cut Work Detailing, Quilting And Tie Up Sleeves Material – Cambric Color – Multi Corset : Abstract Floral Print Strapless, Asymmetric Corset With Quilting Detailing Material – Taffeta Color – Multi Skirt : High Waist Flared And Pleated Maxi Skirt Material – Taffeta Color – Black Slight imperfections or variations in the colour, print and texture of the textile are inherent to the characteristics of the fabric and add to the unique design of every piece Model’s height : 5’9 Model is wearing : Size S NOTE : Please mention your height with heels while placing your order.","","https://saakshakinni.com/wp-content/uploads/2025/02/073_F1.jpg | https://saakshakinni.com/wp-content/uploads/2025/02/073_F2.jpg | https://saakshakinni.com/wp-content/uploads/2025/02/073_F3.jpg | https://saakshakinni.com/wp-content/uploads/2025/02/073_F4.jpg | https://saakshakinni.com/wp-content/uploads/2025/02/073_F5.jpg | https://saakshakinni.com/wp-content/uploads/2025/02/073_B1.jpg","https://saakshakinni.com/wp-content/uploads/2025/02/073_F1.jpg","0","0"
"22475","Kellie Blazer, Dakota Bodysuit &#038; Zuri Skirt","25SS_120_R / 25SS_118_R / 25SS_075_R","https://saakshakinni.com/product/kellie-blazer-dakota-bodysuit-zuri-skirt/","variable","21500","21500","21500","False","INR",,,"NIRAH | BODYSUIT | JACKETS | SKIRTS","SIZE: L, M, S, XL, XS, XXL, XXXL | SET: Blazer, Bodysuit, Skirt, Full Set | Notes: - | Delivery: Made to order. Delivery takes 4 weeks | Care: Dry Clean Only","Blazer : Abstract Floral Print, Hand Micro Pleat Structured Blazer With Patch Pocket Detailing Material – Chiffon / Cotton Silk / Satin Color – Black Bodysuit : Abstract Floral Print, Sweetheart Neckline, Hand Micro Pleat Body Suit Material – Chiffon Color – Black Skirt : High Waist, Asymmetric Maxi Wrap Skirt With Pinch And Fold Detailing Material – Satin Color – Black Slight imperfections or variations in the colour, print and texture of the textile are inherent to the characteristics of the fabric and add to the unique design of every piece Model’s height : 5’10 Model is wearing : Size S NOTE : Please mention your height with heels while placing your order.","","https://saakshakinni.com/wp-content/uploads/2025/02/072_F1.jpg | https://saakshakinni.com/wp-content/uploads/2025/02/072_F2.jpg | https://saakshakinni.com/wp-content/uploads/2025/02/072_F3.jpg | https://saakshakinni.com/wp-content/uploads/2025/02/072_F4.jpg | https://saakshakinni.com/wp-content/uploads/2025/02/072_B1.jpg","https://saakshakinni.com/wp-content/uploads/2025/02/072_F1.jpg","0","0"
"22469","Sadie Dress","25SS_119_R","https://saakshakinni.com/product/sadie-dress-2/","variable","29500","29500","29500","False","INR",,,"NIRAH | DRESSES","SIZE: L, M, S, XL, XS, XXL, XXXL | Notes: - | Delivery: Made to order. Delivery takes 4 weeks | Care: Dry Clean Only","Abstract Floral Print Dress With Contrast Shoulder Drapery And Bodice Pleating Material – Chiffon Color – Multi Dress Comes With An Inner Material – Habutai Color – Multi Slight imperfections or variations in the colour, print and texture of the textile are inherent to the characteristics of the fabric and add to the unique design of every piece Model’s height : 5’10 Model is wearing : Size S NOTE : Please mention your height with heels while placing your order.","","https://saakshakinni.com/wp-content/uploads/2025/02/071_F1.jpg | https://saakshakinni.com/wp-content/uploads/2025/02/071_F2.jpg | https://saakshakinni.com/wp-content/uploads/2025/02/071_F3.jpg | https://saakshakinni.com/wp-content/uploads/2025/02/071_F4.jpg | https://saakshakinni.com/wp-content/uploads/2025/02/071_B1.jpg","https://saakshakinni.com/wp-content/uploads/2025/02/071_F1.jpg","0","0"
"22465","Malaika Blouse &#038; Zuri Skirt","25SS_022_R / 25SS_023_R","https://saakshakinni.com/product/malaika-blouse-zuri-skirt/","variable","10500","10500","10500","False","INR",,,"NIRAH | BLOUSE | SKIRTS","SIZE: L, M, S, XL, XS, XXL, XXXL | SET: Blouse, Skirt, Full Set | Notes: - | Delivery: Made to order. Delivery takes 4 weeks | Care: Dry Clean Only","Blouse : Abstract Patchwork Print Lightweight Collared Asymmetric Jacket With Detachable Belt Material – Habutai Color – Multi Skirt : Abstract Patchwork Print, High Waist, Asymmetric Maxi Wrap Skirt With Pinch And Fold Detailing Material – Habutai Color – Multi Slight imperfections or variations in the colour, print and texture of the textile are inherent to the characteristics of the fabric and add to the unique design of every piece Model’s height : 5’9 Model is wearing : Size S NOTE : Please mention your height with heels while placing your order.","","https://saakshakinni.com/wp-content/uploads/2025/02/070_F1.jpg | https://saakshakinni.com/wp-content/uploads/2025/02/070_F2.jpg | https://saakshakinni.com/wp-content/uploads/2025/02/070_F3.jpg | https://saakshakinni.com/wp-content/uploads/2025/02/070_B1.jpg","https://saakshakinni.com/wp-content/uploads/2025/02/070_F1.jpg","0","0"
"22461","Faye Dress","25SS_111_R","https://saakshakinni.com/product/faye-dress-3/","variable","14000","14000","14000","False","INR",,,"NIRAH | DRESSES","SIZE: L, M, S, XL, XS, XXL, XXXL | Notes: - | Delivery: Made to order. Delivery takes 4 weeks | Care: Dry Clean Only","Abstract Floral Print Wrap Style Collared Mini Dress With Tie Up Sleeves And Detachable Belt Material – Crepe Color – Pink Slight imperfections or variations in the colour, print and texture of the textile are inherent to the characteristics of the fabric and add to the unique design of every piece Model’s height : 5’9 Model is wearing : Size S NOTE : Please mention your height with heels while placing your order.","","https://saakshakinni.com/wp-content/uploads/2025/02/069_F1.jpg | https://saakshakinni.com/wp-content/uploads/2025/02/069_F2.jpg | https://saakshakinni.com/wp-content/uploads/2025/02/069_F3.jpg | https://saakshakinni.com/wp-content/uploads/2025/02/069_B1.jpg","https://saakshakinni.com/wp-content/uploads/2025/02/069_F1.jpg","0","0"
"22459","Abra Dress","25SS_007_R","https://saakshakinni.com/product/abra-dress/","variable","21500","21500","21500","False","INR",,,"NIRAH | DRESSES","SIZE: L, M, S, XL, XS, XXL, XXXL | Notes: - | Delivery: Made to order. Delivery takes 4 weeks | Care: Dry Clean Only","Abstract Floral Print, Elasticated Bodied Midi Dress With Tie Up Sleeves And A Frilled Lower Layer Material – Habutai Color – Multi Slight imperfections or variations in the colour, print and texture of the textile are inherent to the characteristics of the fabric and add to the unique design of every piece Model’s height : 5’9 Model is wearing : Size S NOTE : Please mention your height with heels while placing your order.","","https://saakshakinni.com/wp-content/uploads/2025/02/068_F1.jpg | https://saakshakinni.com/wp-content/uploads/2025/02/068_F2.jpg | https://saakshakinni.com/wp-content/uploads/2025/02/068_F3.jpg | https://saakshakinni.com/wp-content/uploads/2025/02/068_B1.jpg","https://saakshakinni.com/wp-content/uploads/2025/02/068_F1.jpg","0","0"
"22457","Archie Dress","25SS_050_R","https://saakshakinni.com/product/archie-dress/","variable","26500","26500","26500","False","INR",,,"NIRAH | DRESSES","SIZE: L, M, S, XL, XS, XXL, XXXL | Notes: - | Delivery: Made to order. Delivery takes 4 weeks | Care: Dry Clean Only","Square Neck Midi Dress With Intricate Mirror, Tassle And Thread Work Hand Embroidered Applique Material – Taffeta Color – Black Slight imperfections or variations in the colour, print and texture of the textile are inherent to the characteristics of the fabric and add to the unique design of every piece Model’s height : 5’9 Model is wearing : Size S NOTE : Please mention your height with heels while placing your order.","","https://saakshakinni.com/wp-content/uploads/2025/02/067_F1.jpg | https://saakshakinni.com/wp-content/uploads/2025/02/067_F2.jpg | https://saakshakinni.com/wp-content/uploads/2025/02/067_F3.jpg | https://saakshakinni.com/wp-content/uploads/2025/02/067_B1.jpg","https://saakshakinni.com/wp-content/uploads/2025/02/067_F1.jpg","0","0"
"22542","Malaika Bustier &#038; Zuri Skirt","25SS_047_R / 25SS_075_R","https://saakshakinni.com/product/malaika-bustier-zuri-skirt/","variable","23500","23500","23500","False","INR",,,"NIRAH | BUSTIER | SKIRTS","SIZE: L, M, S, XL, XS, XXL, XXXL | SET: Bustier, Skirt, Full Set | Notes: - | Delivery: Made to order. Delivery takes 4 weeks | Care: Dry Clean Only","Bustier : Intricate Mirror, Tassle And Thread Work Hand Embroidered, Square Neck Bustier Material – Satin / Cotton Silk Color – Multi Skirt : High Waist, Asymmetric Maxi Wrap Skirt With Pinch And Fold Detailing Material – Satin Color – Black Slight imperfections or variations in the colour, print and texture of the textile are inherent to the characteristics of the fabric and add to the unique design of every piece Model’s height : 5’9 Model is wearing : Size S NOTE : Please mention your height with heels while placing your order.","","https://saakshakinni.com/wp-content/uploads/2025/02/093-F1.jpg | https://saakshakinni.com/wp-content/uploads/2025/02/093_F2.jpg | https://saakshakinni.com/wp-content/uploads/2025/02/093_F3.jpg | https://saakshakinni.com/wp-content/uploads/2025/02/093_F4.jpg | https://saakshakinni.com/wp-content/uploads/2025/02/093_B1.jpg","https://saakshakinni.com/wp-content/uploads/2025/02/093-F1.jpg","0","0"
"22537","Emilia Shirt Cape, Malaika Bustier &#038; Zuri Skirt","25SS_114_R / 25SS_047_R / 25SS_075_R","https://saakshakinni.com/product/emilia-shirt-cape-malaika-bustier-zuri-skirt/","variable","21000","21000","21000","False","INR",,,"NIRAH | BUSTIER | CAPES | SKIRTS","SIZE: L, M, S, XL, XS, XXL, XXXL | SET: Shirt Cape, Bustier, Skirt, Full Set | Notes: - | Delivery: Made to order. Delivery takes 4 weeks | Care: Dry Clean Only","Shirt Cape : Collared Maxi Length Shirt Cape With Intricate Mirror, Tassle And Thread Work Hand Embroidered Applique Collar And Cuffs Material – Chiffon Color – Ivory Bustier : Intricate Mirror, Tassle And Thread Work Hand Embroidered, Square Neck Bustier Material – Satin / Cotton Silk Color – Multi Skirt : High Waist, Asymmetric Maxi Wrap Skirt With Pinch And Fold Detailing Material – Satin Color – Black Slight imperfections or variations in the colour, print and texture of the textile are inherent to the characteristics of the fabric and add to the unique design of every piece Model’s height : 5’9 Model is wearing : Size S NOTE : Please mention your height with heels while placing your order.","","https://saakshakinni.com/wp-content/uploads/2025/02/092_F1.jpg | https://saakshakinni.com/wp-content/uploads/2025/02/092_F2.jpg | https://saakshakinni.com/wp-content/uploads/2025/02/092_F3.jpg | https://saakshakinni.com/wp-content/uploads/2025/02/092_F4.jpg | https://saakshakinni.com/wp-content/uploads/2025/02/092_B1.jpg","https://saakshakinni.com/wp-content/uploads/2025/02/092_F1.jpg","0","0"
"22535","Anya Dress","25SS_019_R","https://saakshakinni.com/product/anya-dress-2/","variable","25000","25000","25000","False","INR",,,"NIRAH | DRESSES","SIZE: L, M, S, XL, XS, XXL, XXXL | Notes: - | Delivery: Made to order. Delivery takes 4 weeks | Care: Dry Clean Only","Abstract Floral Print Surplice Bodice, Hand Micro Pleat Dress With Adjustable Mirror And Tassle Hand Embroidered Side Drawstring Detailing Material – Poly Florence Chiffon / Cotton Silk Color – Multi Slight imperfections or variations in the colour, print and texture of the textile are inherent to the characteristics of the fabric and add to the unique design of every piece Model’s height : 5’9 Model is wearing : Size S NOTE : Please mention your height with heels while placing your order.","","https://saakshakinni.com/wp-content/uploads/2025/02/091-F1.jpg | https://saakshakinni.com/wp-content/uploads/2025/02/091_F2.jpg | https://saakshakinni.com/wp-content/uploads/2025/02/091_F3.jpg | https://saakshakinni.com/wp-content/uploads/2025/02/091_B1.jpg","https://saakshakinni.com/wp-content/uploads/2025/02/091-F1.jpg","0","0"
"22533","Sylvia Dress","25SS_060_R","https://saakshakinni.com/product/sylvia-dress/","variable","22500","22500","22500","False","INR",,,"NIRAH | DRESSES","SIZE: L, M, S, XL, XS, XXL, XXXL | Notes: - | Delivery: Made to order. Delivery takes 4 weeks | Care: Dry Clean Only","Abstract Floral And Checkered One Shoulder Tie Up Column Dress Material – Satin / Crepe Color – Black/Multi Slight imperfections or variations in the colour, print and texture of the textile are inherent to the characteristics of the fabric and add to the unique design of every piece Model’s height : 5’9 Model is wearing : Size S NOTE : Please mention your height with heels while placing your order.","","https://saakshakinni.com/wp-content/uploads/2025/02/090_F1.jpg | https://saakshakinni.com/wp-content/uploads/2025/02/090_F2.jpg | https://saakshakinni.com/wp-content/uploads/2025/02/090_F3.jpg | https://saakshakinni.com/wp-content/uploads/2025/02/090_B1.jpg","https://saakshakinni.com/wp-content/uploads/2025/02/090_F1.jpg","0","0"
"22531","Sara Dress","25SS_008_R","https://saakshakinni.com/product/sara-dress-3/","variable","13500","13500","13500","False","INR",,,"NIRAH | DRESSES","SIZE: L, M, S, XL, XS, XXL, XXXL | Notes: - | Delivery: Made to order. Delivery takes 4 weeks | Care: Dry Clean Only","Abstract Floral Print Dress With Puff, Tie Up Sleeves And Button Closure Material – Habutai Color – Multi Slip Included Material – Habutai Color – Multi Slight imperfections or variations in the colour, print and texture of the textile are inherent to the characteristics of the fabric and add to the unique design of every piece Model’s height : 5’10 Model is wearing : Size S NOTE : Please mention your height with heels while placing your order.","","https://saakshakinni.com/wp-content/uploads/2025/02/089_F1.jpg | https://saakshakinni.com/wp-content/uploads/2025/02/089_F2.jpg | https://saakshakinni.com/wp-content/uploads/2025/02/089_F3.jpg | https://saakshakinni.com/wp-content/uploads/2025/02/089_F4.jpg | https://saakshakinni.com/wp-content/uploads/2025/02/089-B1.jpg","https://saakshakinni.com/wp-content/uploads/2025/02/089_F1.jpg","0","0"
"22529","Faye Dress","25SS_040_R","https://saakshakinni.com/product/faye-dress-4/","variable","14000","14000","14000","False","INR",,,"NIRAH | DRESSES","SIZE: L, M, S, XL, XS, XXL, XXXL | Notes: - | Delivery: Made to order. Delivery takes 4 weeks | Care: Dry Clean Only","Abstract Floral Print Wrap Style Collared Mini Dress With Tie Up Sleeves And Detachable Belt Material – Cambric Color – Multi Slight imperfections or variations in the colour, print and texture of the textile are inherent to the characteristics of the fabric and add to the unique design of every piece Model’s height : 5’9 Model is wearing : Size S NOTE : Please mention your height with heels while placing your order.","","https://saakshakinni.com/wp-content/uploads/2025/02/088_F1.jpg | https://saakshakinni.com/wp-content/uploads/2025/02/088_F2.jpg | https://saakshakinni.com/wp-content/uploads/2025/02/088_F3.jpg | https://saakshakinni.com/wp-content/uploads/2025/02/088_F4.jpg | https://saakshakinni.com/wp-content/uploads/2025/02/088_B1.jpg","https://saakshakinni.com/wp-content/uploads/2025/02/088_F1.jpg","0","0"
"22527","Mira Dress","25SS_006_R","https://saakshakinni.com/product/mira-dress-7/","variable","23500","23500","23500","False","INR",,,"NIRAH | DRESSES","SIZE: L, M, S, XL, XS, XXL, XXXL | Notes: - | Delivery: Made to order. Delivery takes 4 weeks | Care: Dry Clean Only","Abstract Floral And Checkered Print, One Shoulder, Hand Micro Pleat Dress With Adjustable Drawstring Sleeve And Length Material – Cotton Silk Color – Multi Slight imperfections or variations in the colour, print and texture of the textile are inherent to the characteristics of the fabric and add to the unique design of every piece Model’s height : 5’9 Model is wearing : Size S NOTE : Please mention your height with heels while placing your order.","","https://saakshakinni.com/wp-content/uploads/2025/02/087_F1.jpg | https://saakshakinni.com/wp-content/uploads/2025/02/087_F2.jpg | https://saakshakinni.com/wp-content/uploads/2025/02/087_F3.jpg | https://saakshakinni.com/wp-content/uploads/2025/02/087_F4.jpg | https://saakshakinni.com/wp-content/uploads/2025/02/087_B1.jpg","https://saakshakinni.com/wp-content/uploads/2025/02/087_F1.jpg","0","0"
"22525","Yazmine Dress","TEMP-SKU-1-1","https://saakshakinni.com/product/yazmine-dress-3/","variable","17500","17500","17500","False","INR",,,"NIRAH | DRESSES","SIZE: L, M, S, XL, XS, XXL, XXXL | Notes: - | Delivery: Made to order. Delivery takes 4 weeks | Care: Dry Clean Only","Abstract Floral And Checkered Print V Neck Asymmetric Dress With Detachable Belt Material – Crepe Color – Light Pink/Multi Slight imperfections or variations in the colour, print and texture of the textile are inherent to the characteristics of the fabric and add to the unique design of every piece Model’s height : 5’9 Model is wearing : Size S NOTE : Please mention your height with heels while placing your order.","","https://saakshakinni.com/wp-content/uploads/2025/02/086_F1.jpg | https://saakshakinni.com/wp-content/uploads/2025/02/086_F2.jpg | https://saakshakinni.com/wp-content/uploads/2025/02/086_F3.jpg | https://saakshakinni.com/wp-content/uploads/2025/02/086_F4.jpg | https://saakshakinni.com/wp-content/uploads/2025/02/086_B1.jpg","https://saakshakinni.com/wp-content/uploads/2025/02/086_F1.jpg","0","0"
"22521","Juliette Blouse &#038; Mae Skirt","25SS_099_R / 25SS_024_R","https://saakshakinni.com/product/juliette-blouse-mae-skirt/","variable","17500","17500","17500","False","INR",,,"NIRAH | BLOUSE | SKIRTS","SIZE: L, M, S, XL, XS, XXL, XXXL | SET: Blouse, Skirt, Full Set | Notes: - | Delivery: Made to order. Delivery takes 4 weeks | Care: Dry Clean Only","Blouse : Hand Micro Pleat, Strapless Blouse With Side Ruching Detail Material – Cotton Silk Color – Ivory Skirt : Floral Print Asymmetric, Overlap Style Skirt With Customisable Side Slit Material – Crepe Color – Multi Slight imperfections or variations in the colour, print and texture of the textile are inherent to the characteristics of the fabric and add to the unique design of every piece Model’s height : 5’9 Model is wearing : Size S NOTE : Please mention your height with heels while placing your order.","","https://saakshakinni.com/wp-content/uploads/2025/02/085_F1.jpg | https://saakshakinni.com/wp-content/uploads/2025/02/085_F2.jpg | https://saakshakinni.com/wp-content/uploads/2025/02/085_F3.jpg | https://saakshakinni.com/wp-content/uploads/2025/02/085_F4.jpg | https://saakshakinni.com/wp-content/uploads/2025/02/085_B1.jpg","https://saakshakinni.com/wp-content/uploads/2025/02/085_F1.jpg","0","0"
"22516","Dolly Cape, Simone Bustier &#038; Mia Palazzo","25SS_089_R / 25SS_030_R / 25SS_004_R","https://saakshakinni.com/product/dolly-cape-simone-bustier-mia-palazzo/","variable","11500","11500","11500","False","INR",,,"NIRAH | BUSTIER | CAPES | PANTS","SIZE: L, M, S, XL, XS, XXL, XXXL | SET: Cape, Bustier, Palazzo, Full Set | Notes: - | Delivery: Made to order. Delivery takes 4 weeks | Care: Dry Clean Only","Cape : Abstract Floral Print Kaftan Style, Asymmetric Panelled Cape Material – Chiffon Color – Blue/Multi Bustier : Abstract Print Bustier With Adjustable Straps Material – Satin / Cotton Silk Color – Ivory/Multi Palazzo : Abstract Floral Print High Waist Palazzo Material – Crepe Color – Multi Slight imperfections or variations in the colour, print and texture of the textile are inherent to the characteristics of the fabric and add to the unique design of every piece Model’s height : 5’10 Model is wearing : Size S NOTE : Please mention your height with heels while placing your order.","","https://saakshakinni.com/wp-content/uploads/2025/02/084_F1.jpg | https://saakshakinni.com/wp-content/uploads/2025/02/084_F2.jpg | https://saakshakinni.com/wp-content/uploads/2025/02/084_F3.jpg | https://saakshakinni.com/wp-content/uploads/2025/02/084_F4.jpg | https://saakshakinni.com/wp-content/uploads/2025/02/084_F5.jpg | https://saakshakinni.com/wp-content/uploads/2025/02/084_B1.jpg","https://saakshakinni.com/wp-content/uploads/2025/02/084_F1.jpg","0","0"
"22514","Effie Dress","25SS_109_R","https://saakshakinni.com/product/effie-dress/","variable","51500","51500","51500","False","INR",,,"NIRAH | DRESSES","SIZE: L, M, S, XL, XS, XXL, XXXL | Notes: - | Delivery: Made to order. Delivery takes 4 weeks | Care: Dry Clean Only","Floral Print, Sweetheart Neckline, Asymmetric, Intricate Cut Work Hand Embroidered Gown With Trail Material – Cambric Color – Multi Slight imperfections or variations in the colour, print and texture of the textile are inherent to the characteristics of the fabric and add to the unique design of every piece Model’s height : 5’10 Model is wearing : Size S NOTE : Please mention your height with heels while placing your order.","","https://saakshakinni.com/wp-content/uploads/2025/02/083_F1.jpg | https://saakshakinni.com/wp-content/uploads/2025/02/083_F2.jpg | https://saakshakinni.com/wp-content/uploads/2025/02/083_F3.jpg | https://saakshakinni.com/wp-content/uploads/2025/02/083_B1.jpg","https://saakshakinni.com/wp-content/uploads/2025/02/083_F1.jpg","0","0"
"22510","Chrysa Blouse &#038; Zuri Skirt","25SS_020_R / 25SS_075_R","https://saakshakinni.com/product/chrysa-blouse-zuri-skirt/","variable","18500","18500","18500","False","INR",,,"NIRAH | BLOUSE | SKIRTS","SIZE: L, M, S, XL, XS, XXL, XXXL | SET: Blouse, Skirt, Full Set | Notes: - | Delivery: Made to order. Delivery takes 4 weeks | Care: Dry Clean Only","Blouse : Abstract Patch Work Print Bow Inspired Drop Shoulder Blouse With Hand Pleats, And Frill And Knot Detailing Material – Cambric Color – Multi Skirt : High Waist, Asymmetric Maxi Wrap Skirt With Pinch And Fold Detailing Material – Satin Color – Black Slight imperfections or variations in the colour, print and texture of the textile are inherent to the characteristics of the fabric and add to the unique design of every piece Model’s height : 5’9 Model is wearing : Size S NOTE : Please mention your height with heels while placing your order.","","https://saakshakinni.com/wp-content/uploads/2025/02/082_F1.jpg | https://saakshakinni.com/wp-content/uploads/2025/02/082_F2.jpg | https://saakshakinni.com/wp-content/uploads/2025/02/082_F3.jpg | https://saakshakinni.com/wp-content/uploads/2025/02/082_B1.jpg","https://saakshakinni.com/wp-content/uploads/2025/02/082_F1.jpg","0","0"
"22508","Shailee Dress","25SS_011_R","https://saakshakinni.com/product/shailee-dress-5/","variable","21500","21500","21500","False","INR",,,"NIRAH | DRESSES","SIZE: L, M, S, XL, XS, XXL, XXXL | Notes: - | Delivery: Made to order. Delivery takes 4 weeks | Care: Dry Clean Only","Floral Print Halter Neck Column Dress Material – Crepe Color – Multi Slight imperfections or variations in the colour, print and texture of the textile are inherent to the characteristics of the fabric and add to the unique design of every piece Model’s height : 5’9 Model is wearing : Size S NOTE : Please mention your height with heels while placing your order.","","https://saakshakinni.com/wp-content/uploads/2025/02/081_F1.jpg | https://saakshakinni.com/wp-content/uploads/2025/02/081_F2.jpg | https://saakshakinni.com/wp-content/uploads/2025/02/081_F3.jpg | https://saakshakinni.com/wp-content/uploads/2025/02/081_F4.jpg | https://saakshakinni.com/wp-content/uploads/2025/02/081_B1.jpg","https://saakshakinni.com/wp-content/uploads/2025/02/081_F1.jpg","0","0"
"22339","Giana Dress","25SS_117_R","https://saakshakinni.com/product/giana-dress/","variable","13500","13500","13500","False","INR",,,"NIRAH | DRESSES","SIZE: L, M, S, XL, XS, XXL, XXXL | Notes: - | Delivery: Made to order. Delivery takes 4 weeks | Care: Dry Clean Only","Abstract Floral Print Column Dress Material – Crepe Color – Ivory Slight imperfections or variations in the colour, print and texture of the textile are inherent to the characteristics of the fabric and add to the unique design of every piece Model’s height : 5’10 Model is wearing : Size S NOTE : Please mention your height with heels while placing your order.","","https://saakshakinni.com/wp-content/uploads/2025/02/026_F1.jpg | https://saakshakinni.com/wp-content/uploads/2025/02/026_F2.jpg | https://saakshakinni.com/wp-content/uploads/2025/02/026_F3.jpg | https://saakshakinni.com/wp-content/uploads/2025/02/026_F4.jpg | https://saakshakinni.com/wp-content/uploads/2025/02/026_B1.jpg","https://saakshakinni.com/wp-content/uploads/2025/02/026_F1.jpg","0","0"
"22341","Dakota Bodysuit &#038; Zuri Skirt","25SS_118_R / 25SS_075_R","https://saakshakinni.com/product/dakota-bodysuit-zuri-skirt/","variable","21500","21500","21500","False","INR",,,"NIRAH | BODYSUIT | SKIRTS","SIZE: L, M, S, XL, XS, XXL, XXXL | SET: Bodysuit, Skirt, Full Set | Notes: - | Delivery: Made to order. Delivery takes 4 weeks | Care: Dry Clean Only","Bodysuit : Abstract Floral Print, Sweetheart Neckline, Hand Micro Pleat Body Suit Material – Chiffon Color – Black Skirt : High Waist, Asymmetric Maxi Wrap Skirt With Pinch And Fold Detailing Material – Satin Color – Black Slight imperfections or variations in the colour, print and texture of the textile are inherent to the characteristics of the fabric and add to the unique design of every piece Model’s height : 5’10 Model is wearing : Size S NOTE : Please mention your height with heels while placing your order.","","https://saakshakinni.com/wp-content/uploads/2025/02/027_F1.jpg | https://saakshakinni.com/wp-content/uploads/2025/02/027_F2.jpg | https://saakshakinni.com/wp-content/uploads/2025/02/027_F3.jpg | https://saakshakinni.com/wp-content/uploads/2025/02/027_B1.jpg","https://saakshakinni.com/wp-content/uploads/2025/02/027_F1.jpg","0","0"
"22345","Kathy Dress","25SS_018_R","https://saakshakinni.com/product/kathy-dress-4/","variable","27500","27500","27500","False","INR",,,"NIRAH | DRESSES","SIZE: L, M, S, XL, XS, XXL, XXXL | Notes: - | Delivery: Made to order. Delivery takes 4 weeks | Care: Dry Clean Only","Abstract Floral Print Hand Micro Pleat Kaftan Style Dress With Adjustable Drawstring Length, And Off Shoulder Trail Material – Poly Florence Chiffon Color – Multi Slight imperfections or variations in the colour, print and texture of the textile are inherent to the characteristics of the fabric and add to the unique design of every piece Model’s height : 5’9 Model is wearing : Size S NOTE : Please mention your height with heels while placing your order.","","https://saakshakinni.com/wp-content/uploads/2025/02/028_F1.jpg | https://saakshakinni.com/wp-content/uploads/2025/02/028_F2.jpg | https://saakshakinni.com/wp-content/uploads/2025/02/028_F3.jpg | https://saakshakinni.com/wp-content/uploads/2025/02/028_F4.jpg | https://saakshakinni.com/wp-content/uploads/2025/02/028_B1.jpg","https://saakshakinni.com/wp-content/uploads/2025/02/028_F1.jpg","0","0"
"22347","Nala Dress","25SS_033_R","https://saakshakinni.com/product/nala-dress-3/","variable","25000","25000","25000","False","INR",,,"NIRAH | DRESSES","SIZE: L, M, S, XL, XS, XXL, XXXL | Notes: - | Delivery: Made to order. Delivery takes 4 weeks | Care: Dry Clean Only","Floral And Abstract Print, Part Hand Micro Pleat Maxi Dress With Satin Bustier And Sweetheart Neckline Material – Chiffon / Crepe Color – Multi Slight imperfections or variations in the colour, print and texture of the textile are inherent to the characteristics of the fabric and add to the unique design of every piece Model’s height : 5’10 Model is wearing : Size S NOTE : Please mention your height with heels while placing your order.","","https://saakshakinni.com/wp-content/uploads/2025/02/029_F1.jpg | https://saakshakinni.com/wp-content/uploads/2025/02/029_F2.jpg | https://saakshakinni.com/wp-content/uploads/2025/02/029_F3.jpg | https://saakshakinni.com/wp-content/uploads/2025/02/029_B1.jpg","https://saakshakinni.com/wp-content/uploads/2025/02/029_F1.jpg","0","0"
"22349","Iva Dress","25SS_001_R","https://saakshakinni.com/product/iva-dress/","variable","26500","26500","26500","False","INR",,,"NIRAH | DRESSES","SIZE: L, M, S, XL, XS, XXL, XXXL | Notes: - | Delivery: Made to order. Delivery takes 4 weeks | Care: Dry Clean Only","Abstract Floral Print, Sweetheart Neckline Mini Dress With Side Ruching And Side Drapery Material – Habutai Color – Multi Slight imperfections or variations in the colour, print and texture of the textile are inherent to the characteristics of the fabric and add to the unique design of every piece Model’s height : 5’10 Model is wearing : Size S NOTE : Please mention your height with heels while placing your order.","","https://saakshakinni.com/wp-content/uploads/2025/02/030_F1.jpg | https://saakshakinni.com/wp-content/uploads/2025/02/030_F2.jpg | https://saakshakinni.com/wp-content/uploads/2025/02/030_F3.jpg | https://saakshakinni.com/wp-content/uploads/2025/02/030_B1.jpg","https://saakshakinni.com/wp-content/uploads/2025/02/030_F1.jpg","0","0"
"22351","Nadia Dress","25SS_017_R","https://saakshakinni.com/product/nadia-dress/","variable","34000","34000","34000","False","INR",,,"NIRAH | DRESSES","SIZE: L, M, S, XL, XS, XXL, XXXL | Notes: - | Delivery: Made to order. Delivery takes 4 weeks | Care: Dry Clean Only","Abstract Floral Print, Midi Flared Dress With Strapless Sweetheart Neckline And Surplice Bodice Material – Chiffon / Habutai Color – Multi Slight imperfections or variations in the colour, print and texture of the textile are inherent to the characteristics of the fabric and add to the unique design of every piece Model’s height : 5’10 Model is wearing : Size S NOTE : Please mention your height with heels while placing your order.","","https://saakshakinni.com/wp-content/uploads/2025/02/031-F1.jpg | https://saakshakinni.com/wp-content/uploads/2025/02/031_F2.jpg | https://saakshakinni.com/wp-content/uploads/2025/02/031_F3.jpg | https://saakshakinni.com/wp-content/uploads/2025/02/031_F4.jpg | https://saakshakinni.com/wp-content/uploads/2025/02/031_B1.jpg","https://saakshakinni.com/wp-content/uploads/2025/02/031-F1.jpg","0","0"
"22353","Harlow Dress","25SS_039_R","https://saakshakinni.com/product/harlow-dress-2/","variable","26000","26000","26000","False","INR",,,"NIRAH | DRESSES","SIZE: L, M, S, XL, XS, XXL, XXXL | Notes: - | Delivery: Made to order. Delivery takes 4 weeks | Care: Dry Clean Only","Floral And Abstract Print, Hand Micro Pleat Maxi Dress With Surplice Bodice And Noodle Straps Material – Chiffon Color – Multi Slight imperfections or variations in the colour, print and texture of the textile are inherent to the characteristics of the fabric and add to the unique design of every piece Model’s height : 5’9 Model is wearing : Size S NOTE : Please mention your height with heels while placing your order.","","https://saakshakinni.com/wp-content/uploads/2025/02/032_F1.jpg | https://saakshakinni.com/wp-content/uploads/2025/02/032_F2.jpg | https://saakshakinni.com/wp-content/uploads/2025/02/032_F3.jpg | https://saakshakinni.com/wp-content/uploads/2025/02/032_B1.jpg","https://saakshakinni.com/wp-content/uploads/2025/02/032_F1.jpg","0","0"
"22355","Nada Dress &#038; Phoebe Bralette","25SS_046_R / 25SS_104_R","https://saakshakinni.com/product/nada-dress-phoebe-bralette/","variable","6500","6500","6500","False","INR",,,"NIRAH | BRALETTE | DRESSES","SIZE: L, M, S, XL, XS, XXL, XXXL | SET: Dress, Bralette, Full Set | Notes: - | Delivery: Made to order. Delivery takes 4 weeks | Care: Dry Clean Only","Dress : Bandhani And Floral Print, Cowl Neck, Hand Micro Pleated Dress With Adjustable, Hand Embroidered Mirrors And Tassle Drawstring Sides Material – Chiffon / Cotton Silk Color – Purple Bralette : Bandhani And Floral Print Triangle Bralette With Back Tie Up Material – Chiffon / Cotton Silk Color – Purple Slight imperfections or variations in the colour, print and texture of the textile are inherent to the characteristics of the fabric and add to the unique design of every piece Model’s height : 5’10 Model is wearing : Size S NOTE : Please mention your height with heels while placing your order.","","https://saakshakinni.com/wp-content/uploads/2025/02/033_F1.jpg | https://saakshakinni.com/wp-content/uploads/2025/02/033_F2.jpg | https://saakshakinni.com/wp-content/uploads/2025/02/033-F3.jpg | https://saakshakinni.com/wp-content/uploads/2025/02/033_B1.jpg","https://saakshakinni.com/wp-content/uploads/2025/02/033_F1.jpg","0","0"
"22359","Shailee Dress","25SS_083_R","https://saakshakinni.com/product/shailee-dress-4/","variable","21500","21500","21500","False","INR",,,"NIRAH | DRESSES","SIZE: L, M, S, XL, XS, XXL, XXXL | Notes: - | Delivery: Made to order. Delivery takes 4 weeks | Care: Dry Clean Only","Abstract Floral Print Halter Neck Column Dress Material – Crepe Color – Pink Slight imperfections or variations in the colour, print and texture of the textile are inherent to the characteristics of the fabric and add to the unique design of every piece Model’s height : 5’9 Model is wearing : Size S NOTE : Please mention your height with heels while placing your order.","","https://saakshakinni.com/wp-content/uploads/2025/02/034_F1.jpg | https://saakshakinni.com/wp-content/uploads/2025/02/034_F2.jpg | https://saakshakinni.com/wp-content/uploads/2025/02/034_F3.jpg | https://saakshakinni.com/wp-content/uploads/2025/02/034_B1.jpg","https://saakshakinni.com/wp-content/uploads/2025/02/034_F1.jpg","0","0"
"22361","Evelyn Dress","25SS_058_R","https://saakshakinni.com/product/evelyn-dress-2/","variable","27000","27000","27000","False","INR",,,"NIRAH | DRESSES","SIZE: L, M, S, XL, XS, XXL, XXXL | Notes: - | Delivery: Made to order. Delivery takes 4 weeks | Care: Dry Clean Only","Floral Print, Square Neck, Asymmetric Gown With Trail Material – Taffeta Color – Multi Slight imperfections or variations in the colour, print and texture of the textile are inherent to the characteristics of the fabric and add to the unique design of every piece Model’s height : 5’10 Model is wearing : Size S NOTE : Please mention your height with heels while placing your order.","","https://saakshakinni.com/wp-content/uploads/2025/02/035_F1.jpg | https://saakshakinni.com/wp-content/uploads/2025/02/035_F2.jpg | https://saakshakinni.com/wp-content/uploads/2025/02/035_F3.jpg | https://saakshakinni.com/wp-content/uploads/2025/02/035_F4.jpg | https://saakshakinni.com/wp-content/uploads/2025/02/035_B1.jpg","https://saakshakinni.com/wp-content/uploads/2025/02/035_F1.jpg","0","0"
"22363","Agnes Corset &#038; Ziva Skirt","25SS_090_R / 25SS_091_R","https://saakshakinni.com/product/agnes-corset-ziva-skirt/","variable","13500","13500","13500","False","INR",,,"NIRAH | CORSET | SKIRTS","SIZE: L, M, S, XL, XS, XXL, XXXL | SET: Corset, Skirt, Full Set | Notes: - | Delivery: Made to order. Delivery takes 4 weeks | Care: Dry Clean Only","Corset : Abstract Floral Print Strapless, Asymmetric Corset With Quilting Detailing Material – Crepe Color – Ivory Skirt : Abstract Floral Print Extra High Waist, Flared, Buttoned Down Maxi Skirt Material – Crepe Color – Ivory Slight imperfections or variations in the colour, print and texture of the textile are inherent to the characteristics of the fabric and add to the unique design of every piece Model’s height : 5’9 Model is wearing : Size S NOTE : Please mention your height with heels while placing your order.","","https://saakshakinni.com/wp-content/uploads/2025/02/036_F1.jpg | https://saakshakinni.com/wp-content/uploads/2025/02/036_F2.jpg | https://saakshakinni.com/wp-content/uploads/2025/02/036_F3.jpg | https://saakshakinni.com/wp-content/uploads/2025/02/036_F4.jpg | https://saakshakinni.com/wp-content/uploads/2025/02/036_B1.jpg","https://saakshakinni.com/wp-content/uploads/2025/02/036_F1.jpg","0","0"
"22367","Fifi Dress","25SS_026_R","https://saakshakinni.com/product/fifi-dress/","variable","16500","16500","16500","False","INR",,,"NIRAH | DRESSES","SIZE: L, M, S, XL, XS, XXL, XXXL | Notes: - | Delivery: Made to order. Delivery takes 4 weeks | Care: Dry Clean Only","Abstract Stripe Print Mini Dress With Noodle Straps Material – Cambric Color – Multi Slight imperfections or variations in the colour, print and texture of the textile are inherent to the characteristics of the fabric and add to the unique design of every piece Model’s height : 5’9 Model is wearing : Size S NOTE : Please mention your height with heels while placing your order.","","https://saakshakinni.com/wp-content/uploads/2025/02/037_F1.jpg | https://saakshakinni.com/wp-content/uploads/2025/02/037_F2.jpg | https://saakshakinni.com/wp-content/uploads/2025/02/037_F3.jpg | https://saakshakinni.com/wp-content/uploads/2025/02/037_F4.jpg","https://saakshakinni.com/wp-content/uploads/2025/02/037_F1.jpg","0","0"
"22369","Daisy Dress","25SS_016_R","https://saakshakinni.com/product/daisy-dress-2/","variable","17500","17500","17500","False","INR",,,"NIRAH | DRESSES","SIZE: L, M, S, XL, XS, XXL, XXXL | Notes: - | Delivery: Made to order. Delivery takes 4 weeks | Care: Dry Clean Only","Abstract Floral Print A Line Dress With 3/4 Sleeves And Centre Keyhole Detailing Material – Cambric Color – Multi Slight imperfections or variations in the colour, print and texture of the textile are inherent to the characteristics of the fabric and add to the unique design of every piece Model’s height : 5’9 Model is wearing : Size S NOTE : Please mention your height with heels while placing your order.","","https://saakshakinni.com/wp-content/uploads/2025/02/038_F1.jpg | https://saakshakinni.com/wp-content/uploads/2025/02/038_F2.jpg | https://saakshakinni.com/wp-content/uploads/2025/02/038_F3.jpg | https://saakshakinni.com/wp-content/uploads/2025/02/038_F4.jpg | https://saakshakinni.com/wp-content/uploads/2025/02/038_B1.jpg","https://saakshakinni.com/wp-content/uploads/2025/02/038_F1.jpg","0","0"
"22371","Raya Dress","25SS_096_R","https://saakshakinni.com/product/raya-dress/","variable","33500","33500","33500","False","INR",,,"NIRAH | DRESSES","SIZE: L, M, S, XL, XS, XXL, XXXL | Notes: - | Delivery: Made to order. Delivery takes 4 weeks | Care: Dry Clean Only","Abstract Floral Print, Hand Micro Pleat One Shoulder Dress With Fitted Bodice And Asymmetric Side Slit Material – Chiffon Color – Pink Slight imperfections or variations in the colour, print and texture of the textile are inherent to the characteristics of the fabric and add to the unique design of every piece Model’s height : 5’10 Model is wearing : Size S NOTE : Please mention your height with heels while placing your order.","","https://saakshakinni.com/wp-content/uploads/2025/02/039_F1.jpg | https://saakshakinni.com/wp-content/uploads/2025/02/039_F2.jpg | https://saakshakinni.com/wp-content/uploads/2025/02/039_F3.jpg | https://saakshakinni.com/wp-content/uploads/2025/02/039_B1.jpg","https://saakshakinni.com/wp-content/uploads/2025/02/039_F1.jpg","0","0"
"22373","Akira Tunic &#038; Akira Trousers","25SS_055_R / 25SS_100_R","https://saakshakinni.com/product/akira-tunic-akira-trousers/","variable","11000","11000","11000","False","INR",,,"NIRAH | TROUSERS | TUNIC","SIZE: L, M, S, XL, XS, XXL, XXXL | SET: Tunic, Trousers, Full Set | Notes: - | Delivery: Made to order. Delivery takes 4 weeks | Care: Dry Clean Only","Tunic : Abstract Floral Print, Asymmetric Collared Tunic Material – Cambric Color – Multi Trousers : Abstract Floral Print, High Waist Trousers Material – Cambric Color – Multi Slight imperfections or variations in the colour, print and texture of the textile are inherent to the characteristics of the fabric and add to the unique design of every piece Model’s height : 5’9 Model is wearing : Size S NOTE : Please mention your height with heels while placing your order.","","https://saakshakinni.com/wp-content/uploads/2025/02/040_F1.jpg | https://saakshakinni.com/wp-content/uploads/2025/02/040_F2.jpg | https://saakshakinni.com/wp-content/uploads/2025/02/040_F3.jpg | https://saakshakinni.com/wp-content/uploads/2025/02/040_B1.jpg","https://saakshakinni.com/wp-content/uploads/2025/02/040_F1.jpg","0","0"
"22377","Karisma Dress","25SS_009_R","https://saakshakinni.com/product/karisma-dress/","variable","31000","31000","31000","False","INR",,,"NIRAH | DRESSES","SIZE: L, M, S, XL, XS, XXL, XXXL | Notes: - | Delivery: Made to order. Delivery takes 4 weeks | Care: Dry Clean Only","Floral Print, Asymmetric Dress With A Pleated Bodice, Contrast Noodle Strap And Draped Shoulder Detailing Material – Chiffon Color – Multi Slight imperfections or variations in the colour, print and texture of the textile are inherent to the characteristics of the fabric and add to the unique design of every piece Model’s height : 5’9 Model is wearing : Size S NOTE : Please mention your height with heels while placing your order.","","https://saakshakinni.com/wp-content/uploads/2025/02/041_F1.jpg | https://saakshakinni.com/wp-content/uploads/2025/02/041_F2.jpg | https://saakshakinni.com/wp-content/uploads/2025/02/041_F3.jpg | https://saakshakinni.com/wp-content/uploads/2025/02/041_F4.jpg | https://saakshakinni.com/wp-content/uploads/2025/02/041_B1.jpg","https://saakshakinni.com/wp-content/uploads/2025/02/041_F1.jpg","0","0"
"22379","Sia Shirt, Sia Bustier &#038; Sia Skort","25SS_082_R / 25SS_044_R / 25SS_043_R","https://saakshakinni.com/product/sia-shirt-sia-bustier-sia-skort/","variable","11000","11000","11000","False","INR",,,"NIRAH | BUSTIER | SHIRT | SHORTS | SKIRTS","SIZE: L, M, S, XL, XS, XXL, XXXL | SET: Shirt, Bustier, Skort, Full Set | Notes: - | Delivery: Made to order. Delivery takes 4 weeks | Care: Dry Clean Only","Shirt : Aztec Print Collared Shirt Material – Cambric Color – Blue/Multi Bustier : Aztec Print, Hand Micro Pleat Bustier Material – Chiffon / Cotton Silk Color – Blue/Multi Skort : Aztec Print High Waist Skort Material – Cambric Color – Blue/Multi Slight imperfections or variations in the colour, print and texture of the textile are inherent to the characteristics of the fabric and add to the unique design of every piece Model’s height : 5’9 Model is wearing : Size S NOTE : Please mention your height with heels while placing your order.","","https://saakshakinni.com/wp-content/uploads/2025/02/042_F1.jpg | https://saakshakinni.com/wp-content/uploads/2025/02/042_F2.jpg | https://saakshakinni.com/wp-content/uploads/2025/02/042_F3.jpg | https://saakshakinni.com/wp-content/uploads/2025/02/042_F4.jpg | https://saakshakinni.com/wp-content/uploads/2025/02/042_F5.jpg | https://saakshakinni.com/wp-content/uploads/2025/02/042_B2.jpg","https://saakshakinni.com/wp-content/uploads/2025/02/042_F1.jpg","0","0"
"22392","Noor Blouse &#038; Noor Palazzo","25SS_110_R / 25SS_071_R","https://saakshakinni.com/product/noor-blouse-noor-palazzo/","variable","17500","17500","17500","False","INR",,,"NIRAH | BLOUSE | PANTS","SIZE: L, M, S, XL, XS, XXL, XXXL | SET: Blouse, Palazzo, Full Set | Notes: - | Delivery: Made to order. Delivery takes 4 weeks | Care: Dry Clean Only","Blouse : Abstract Floral Print Blouse With Intricate Pearls, Mirror And Tassle Hand Mebroidered Neckline And Cuffs Material – Chiffon Color – Pink Palazzo : Abstract Floral Print, High Waist Palazzo Material – Crepe Color – Pink Slight imperfections or variations in the colour, print and texture of the textile are inherent to the characteristics of the fabric and add to the unique design of every piece Model’s height : 5’9 Model is wearing : Size S NOTE : Please mention your height with heels while placing your order.","","https://saakshakinni.com/wp-content/uploads/2025/02/046_F1.jpg | https://saakshakinni.com/wp-content/uploads/2025/02/046_F2.jpg | https://saakshakinni.com/wp-content/uploads/2025/02/046_F3.jpg | https://saakshakinni.com/wp-content/uploads/2025/02/046_F4.jpg | https://saakshakinni.com/wp-content/uploads/2025/02/046_B1.jpg","https://saakshakinni.com/wp-content/uploads/2025/02/046_F1.jpg","0","0"
"22396","Iggy Blouse &#038; Abby Skirt","25SS_031_R / 25SS_034_R","https://saakshakinni.com/product/iggy-blouse-abby-skirt/","variable","18000","18000","18000","False","INR",,,"NIRAH | BLOUSE | SKIRTS","SIZE: L, M, S, XL, XS, XXL, XXXL | SET: Blouse, Skirt, Full Set | Notes: - | Delivery: Made to order. Delivery takes 4 weeks | Care: Dry Clean Only","Blouse : Abstract Print Halter Neck Sleeveless Blouse With Frill Detailing Material – Taffeta Color – Multi Skirt : Floral And Checkered Print Asymmetric, High Waist Skirt Material – Taffeta Color – Multi Slight imperfections or variations in the colour, print and texture of the textile are inherent to the characteristics of the fabric and add to the unique design of every piece Model’s height : 5’9 Model is wearing : Size S NOTE : Please mention your height with heels while placing your order.","","https://saakshakinni.com/wp-content/uploads/2025/02/047_F1.jpg | https://saakshakinni.com/wp-content/uploads/2025/02/047_F2.jpg | https://saakshakinni.com/wp-content/uploads/2025/02/047_F3.jpg | https://saakshakinni.com/wp-content/uploads/2025/02/047_B1.jpg","https://saakshakinni.com/wp-content/uploads/2025/02/047_F1.jpg","0","0"
"22400","Zoey Dress","25SS_085_R","https://saakshakinni.com/product/zoey-dress/","variable","20000","20000","20000","False","INR",,,"NIRAH | DRESSES","SIZE: L, M, S, XL, XS, XXL, XXXL | Notes: - | Delivery: Made to order. Delivery takes 4 weeks | Care: Dry Clean Only","Floral Placement Print One Shoulder Flared Maxi Dress With Cold Shoulder Sleeve Material – Crepe Color – Ivory/Multi Slight imperfections or variations in the colour, print and texture of the textile are inherent to the characteristics of the fabric and add to the unique design of every piece Model’s height : 5’9 Model is wearing : Size S NOTE : Please mention your height with heels while placing your order.","","https://saakshakinni.com/wp-content/uploads/2025/02/048_F1.jpg | https://saakshakinni.com/wp-content/uploads/2025/02/048_F2.jpg | https://saakshakinni.com/wp-content/uploads/2025/02/048_F3.jpg | https://saakshakinni.com/wp-content/uploads/2025/02/048_B1.jpg","https://saakshakinni.com/wp-content/uploads/2025/02/048_F1.jpg","0","0"
"22402","Martha Dress","25SS_053_R","https://saakshakinni.com/product/martha-dress/","variable","21500","21500","21500","False","INR",,,"NIRAH | DRESSES","SIZE: L, M, S, XL, XS, XXL, XXXL | Notes: - | Delivery: Made to order. Delivery takes 4 weeks | Care: Dry Clean Only","Block Print Inspired Flared Midi Dress With Tie Up Strap Detailing Material – Cambric Color – Blue/Multi Slight imperfections or variations in the colour, print and texture of the textile are inherent to the characteristics of the fabric and add to the unique design of every piece Model’s height : 5’10 Model is wearing : Size S NOTE : Please mention your height with heels while placing your order.","","https://saakshakinni.com/wp-content/uploads/2025/02/049_F1.jpg | https://saakshakinni.com/wp-content/uploads/2025/02/049_F2.jpg | https://saakshakinni.com/wp-content/uploads/2025/02/049_F3.jpg | https://saakshakinni.com/wp-content/uploads/2025/02/049_B1.jpg","https://saakshakinni.com/wp-content/uploads/2025/02/049_F1.jpg","0","0"
"22404","Gaia Blazer, Sia Shirt &#038; Sia Skort","25SS_064_R / 25SS_082_R / 25SS_043_R","https://saakshakinni.com/product/gaia-blazer-sia-shirt-sia-skort/","variable","11000","11000","11000","False","INR",,,"NIRAH | JACKETS | SHIRT | SHORTS | SKIRTS","SIZE: L, M, S, XL, XS, XXL, XXXL | SET: Blazer, Shirt, Skort, Full Set | Notes: - | Delivery: Made to order. Delivery takes 4 weeks | Care: Dry Clean Only","Blazer : Floral Print Long Line Blazer With Patch Pocket Detailing Material – Cambric Color – Blue/Multi Shirt : Aztec Print Collared Shirt Material – Cambric Color – Blue/Multi Skort : Aztec Print High Waist Skort Material – Cambric Color – Blue/Multi Slight imperfections or variations in the colour, print and texture of the textile are inherent to the characteristics of the fabric and add to the unique design of every piece Model’s height : 5’9 Model is wearing : Size S NOTE : Please mention your height with heels while placing your order.","","https://saakshakinni.com/wp-content/uploads/2025/02/050_F1.jpg | https://saakshakinni.com/wp-content/uploads/2025/02/050_F2.jpg | https://saakshakinni.com/wp-content/uploads/2025/02/050-F3.jpg | https://saakshakinni.com/wp-content/uploads/2025/02/050-F4.jpg | https://saakshakinni.com/wp-content/uploads/2025/02/050-F5.jpg | https://saakshakinni.com/wp-content/uploads/2025/02/050_B1.jpg","https://saakshakinni.com/wp-content/uploads/2025/02/050_F1.jpg","0","0"
"22409","Emberly Dress","25SS_088_R","https://saakshakinni.com/product/emberly-dress/","variable","17500","17500","17500","False","INR",,,"NIRAH | DRESSES","SIZE: L, M, S, XL, XS, XXL, XXXL | Notes: - | Delivery: Made to order. Delivery takes 4 weeks | Care: Dry Clean Only","Abstract Floral Print Column Dress With One Shoulder Sheath Detailing Material – Crepe Color – Pink Slight imperfections or variations in the colour, print and texture of the textile are inherent to the characteristics of the fabric and add to the unique design of every piece Model’s height : 5’9 Model is wearing : Size S NOTE : Please mention your height with heels while placing your order.","","https://saakshakinni.com/wp-content/uploads/2025/02/051_F1.jpg | https://saakshakinni.com/wp-content/uploads/2025/02/051_F2.jpg | https://saakshakinni.com/wp-content/uploads/2025/02/051_F3.jpg | https://saakshakinni.com/wp-content/uploads/2025/02/051_B1.jpg","https://saakshakinni.com/wp-content/uploads/2025/02/051_F1.jpg","0","0"
"22411","Akira Tunic &#038; Akira Trousers","25SS_102_R / 25SS_103_R","https://saakshakinni.com/product/akira-tunic-akira-trousers-2/","variable","11000","11000","11000","False","INR",,,"NIRAH | TROUSERS | TUNIC","SIZE: L, M, S, XL, XS, XXL, XXXL | SET: Tunic, Trousers, Full Set | Notes: - | Delivery: Made to order. Delivery takes 4 weeks | Care: Dry Clean Only","Tunic : Abstract Floral And Checkered Print, Asymmetric Collared Tunic Material – Cambric Color – Multi Trousers : Abstract Floral And Checkered Print, High Waist Trousers Material – Cambric Color – Multi Slight imperfections or variations in the colour, print and texture of the textile are inherent to the characteristics of the fabric and add to the unique design of every piece Model’s height : 5’9 Model is wearing : Size S NOTE : Please mention your height with heels while placing your order.","","https://saakshakinni.com/wp-content/uploads/2025/02/052_F1.jpg | https://saakshakinni.com/wp-content/uploads/2025/02/052_F2.jpg | https://saakshakinni.com/wp-content/uploads/2025/02/052_F3.jpg | https://saakshakinni.com/wp-content/uploads/2025/02/052_B1.jpg","https://saakshakinni.com/wp-content/uploads/2025/02/052_F1.jpg","0","0"
"22384","Agnes Corset &#038; Lucy Skirt","25SS_101_R / 25SS_087_R","https://saakshakinni.com/product/agnes-corset-lucy-skirt/","variable","36500","36500","36500","False","INR",,,"NIRAH | CORSET | SKIRTS","SIZE: L, M, S, XL, XS, XXL, XXXL | SET: Corset, Skirt, Full Set | Notes: - | Delivery: Made to order. Delivery takes 4 weeks | Care: Dry Clean Only","Corset : Intricate Mirror And Thread Work Hand Embroidered, Sweetheart Neck, Asymmetric Strapless Corset Material – Drill Color – Multi Skirt : High Waist Flared And Pleated Maxi Skirt Material – Taffeta Color – Black Slight imperfections or variations in the colour, print and texture of the textile are inherent to the characteristics of the fabric and add to the unique design of every piece Model’s height : 5’10 Model is wearing : Size S NOTE : Please mention your height with heels while placing your order.","","https://saakshakinni.com/wp-content/uploads/2025/02/043_F1.jpg | https://saakshakinni.com/wp-content/uploads/2025/02/043_F2.jpg | https://saakshakinni.com/wp-content/uploads/2025/02/043_F3.jpg | https://saakshakinni.com/wp-content/uploads/2025/02/043_B1.jpg","https://saakshakinni.com/wp-content/uploads/2025/02/043_F1.jpg","0","0"
"22415","Nargis Dress","25SS_063_R","https://saakshakinni.com/product/nargis-dress/","variable","27000","27000","27000","False","INR",,,"NIRAH | DRESSES","SIZE: L, M, S, XL, XS, XXL, XXXL | Notes: - | Delivery: Made to order. Delivery takes 4 weeks | Care: Dry Clean Only","Floral Print Maxi Dress With One Shoulder Detailing, Side Ruching, Intricate Mirror, Coin And Tassle Hand Embroidered Side Design And Customisable Side Slit Material – Crepe Color – Multi Slight imperfections or variations in the colour, print and texture of the textile are inherent to the characteristics of the fabric and add to the unique design of every piece Model’s height : 5’9 Model is wearing : Size S NOTE : Please mention your height with heels while placing your order.","","https://saakshakinni.com/wp-content/uploads/2025/02/053_F1.jpg | https://saakshakinni.com/wp-content/uploads/2025/02/053_F2.jpg | https://saakshakinni.com/wp-content/uploads/2025/02/053_F3.jpg | https://saakshakinni.com/wp-content/uploads/2025/02/053_B1.jpg","https://saakshakinni.com/wp-content/uploads/2025/02/053_F1.jpg","0","0"
"22388","Inara Dress","25SS_076_R","https://saakshakinni.com/product/inara-dress/","variable","20500","20500","20500","False","INR",,,"NIRAH | DRESSES","SIZE: L, M, S, XL, XS, XXL, XXXL | Notes: - | Delivery: Made to order. Delivery takes 4 weeks | Care: Dry Clean Only","Abstarct Floral Print High Neck Tiered Summer Dress Material – Habutai / Chiffon Color – Multi Slight imperfections or variations in the colour, print and texture of the textile are inherent to the characteristics of the fabric and add to the unique design of every piece Model’s height : 5’9 Model is wearing : Size S NOTE : Please mention your height with heels while placing your order.","","https://saakshakinni.com/wp-content/uploads/2025/02/044_F1.jpg | https://saakshakinni.com/wp-content/uploads/2025/02/044_F2.jpg | https://saakshakinni.com/wp-content/uploads/2025/02/044_F3.jpg | https://saakshakinni.com/wp-content/uploads/2025/02/044_B1.jpg","https://saakshakinni.com/wp-content/uploads/2025/02/044_F1.jpg","0","0"
"22417","Zelda Blouse &#038; Sia Skort","25SS_092_R / 25SS_093_R","https://saakshakinni.com/product/zelda-blouse-sia-skort/","variable","9500","9500","9500","False","INR",,,"NIRAH | BLOUSE | SHORTS | SKIRTS | SKORT","SIZE: L, M, S, XL, XS, XXL, XXXL | SET: Blouse, Skort, Full Set | Notes: - | Delivery: Made to order. Delivery takes 4 weeks | Care: Dry Clean Only","Blouse : Abstract Print Sleeveless, High Neck Cropped Blouse Material – Cambric Color – Multi Skort : Abstract Print, High Waist Skort Material – Cambric Color – Multi Slight imperfections or variations in the colour, print and texture of the textile are inherent to the characteristics of the fabric and add to the unique design of every piece Model’s height : 5’9 Model is wearing : Size S NOTE : Please mention your height with heels while placing your order.","","https://saakshakinni.com/wp-content/uploads/2025/02/054_F1.jpg | https://saakshakinni.com/wp-content/uploads/2025/02/054_F2.jpg | https://saakshakinni.com/wp-content/uploads/2025/02/054_F3.jpg | https://saakshakinni.com/wp-content/uploads/2025/02/054_B1.jpg","https://saakshakinni.com/wp-content/uploads/2025/02/054_F1.jpg","0","0"
"22421","Elvira Jacket, Agnes Corset &#038; Lucy Skirt","25SS_112_R / 25SS_101_R / 25SS_087_R","https://saakshakinni.com/product/elvira-jacket-agnes-corset-lucy-skirt/","variable","31500","31500","31500","False","INR",,,"NIRAH | CORSET | JACKETS | SKIRTS","SIZE: L, M, S, XL, XS, XXL, XXXL | SET: Jacket, Corset, Skirt, Full Set | Notes: - | Delivery: Made to order. Delivery takes 4 weeks | Care: Dry Clean Only","Jacket : Intricate Mirror And Thread Work Hand Embroidered Jacket With Tie Up Sleeves Material – Denim Color – Black Corset : Intricate Mirror And Thread Work Hand Embroidered, Sweetheart Neck, Asymmetric Strapless Corset Material – Satin / Cotton Silk Color – Multi Skirt : High Waist Flared And Pleated Maxi Skirt Material – Taffeta Color – Black Slight imperfections or variations in the colour, print and texture of the textile are inherent to the characteristics of the fabric and add to the unique design of every piece Model’s height : 5’10 Model is wearing : Size S NOTE : Please mention your height with heels while placing your order.","","https://saakshakinni.com/wp-content/uploads/2025/02/055_F1.jpg | https://saakshakinni.com/wp-content/uploads/2025/02/055_F2.jpg | https://saakshakinni.com/wp-content/uploads/2025/02/055_F3.jpg | https://saakshakinni.com/wp-content/uploads/2025/02/055_F4.jpg | https://saakshakinni.com/wp-content/uploads/2025/02/055_B1.jpg | https://saakshakinni.com/wp-content/uploads/2025/02/055_B2.jpg","https://saakshakinni.com/wp-content/uploads/2025/02/055_F1.jpg","0","0"
"22427","Sway Dress","25SS_013_R","https://saakshakinni.com/product/sway-dress/","variable","22500","22500","22500","False","INR",,,"NIRAH | DRESSES","SIZE: L, M, S, XL, XS, XXL, XXXL | Notes: - | Delivery: Made to order. Delivery takes 4 weeks | Care: Dry Clean Only","Floral Print Scoop Neck, Flared Mini Dress Material – Crepe Color – Multi Slight imperfections or variations in the colour, print and texture of the textile are inherent to the characteristics of the fabric and add to the unique design of every piece Model’s height : 5’9 Model is wearing : Size S NOTE : Please mention your height with heels while placing your order.","","https://saakshakinni.com/wp-content/uploads/2025/02/056_F1.jpg | https://saakshakinni.com/wp-content/uploads/2025/02/056_F2.jpg | https://saakshakinni.com/wp-content/uploads/2025/02/056_F3.jpg | https://saakshakinni.com/wp-content/uploads/2025/02/056_B1.jpg","https://saakshakinni.com/wp-content/uploads/2025/02/056_F1.jpg","0","0"
"22433","Ezra Blazer","25SS_113_R","https://saakshakinni.com/product/ezra-blazer/","variable","45000","45000","45000","False","INR",,,"NIRAH | DRESSES","SIZE: L, M, S, XL, XS, XXL, XXXL | Notes: - | Delivery: Made to order. Delivery takes 4 weeks | Care: Dry Clean Only","Patchwork Print, Long Line Blazer With Intricate Mirror, Tassle And Thread Work Hand Embroidery, And Tie Up Sleeves Material – Drill Color – Multi Slight imperfections or variations in the colour, print and texture of the textile are inherent to the characteristics of the fabric and add to the unique design of every piece Model’s height : 5’9 Model is wearing : Size S NOTE : Please mention your height with heels while placing your order.","","https://saakshakinni.com/wp-content/uploads/2025/02/058_F1.jpg | https://saakshakinni.com/wp-content/uploads/2025/02/058_F2.jpg | https://saakshakinni.com/wp-content/uploads/2025/02/058_F3.jpg | https://saakshakinni.com/wp-content/uploads/2025/02/058_F4.jpg | https://saakshakinni.com/wp-content/uploads/2025/02/058_F5.jpg | https://saakshakinni.com/wp-content/uploads/2025/02/058_B1.jpg","https://saakshakinni.com/wp-content/uploads/2025/02/058_F1.jpg","0","0"
"22435","Emily Dress","25SS_038_R","https://saakshakinni.com/product/emily-dress-3/","variable","19500","19500","19500","False","INR",,,"NIRAH | DRESSES","SIZE: L, M, S, XL, XS, XXL, XXXL | Notes: - | Delivery: Made to order. Delivery takes 4 weeks | Care: Dry Clean Only","Floral Placement Print Midi Flared Dress With Fitted Bodice And Square Neckline Material – Poplin Color – Light Pink/Multi Slight imperfections or variations in the colour, print and texture of the textile are inherent to the characteristics of the fabric and add to the unique design of every piece Model’s height : 5’9 Model is wearing : Size S NOTE : Please mention your height with heels while placing your order.","","https://saakshakinni.com/wp-content/uploads/2025/02/059_F1.jpg | https://saakshakinni.com/wp-content/uploads/2025/02/059_F2.jpg | https://saakshakinni.com/wp-content/uploads/2025/02/059_F3.jpg | https://saakshakinni.com/wp-content/uploads/2025/02/059_F4.jpg | https://saakshakinni.com/wp-content/uploads/2025/02/059_B1.jpg","https://saakshakinni.com/wp-content/uploads/2025/02/059_F1.jpg","0","0"
"22437","Bianca Dress","25SS_073_R","https://saakshakinni.com/product/bianca-dress/","variable","39500","39500","39500","False","INR",,,"NIRAH | DRESSES","SIZE: L, M, S, XL, XS, XXL, XXXL | Notes: - | Delivery: Made to order. Delivery takes 4 weeks | Care: Dry Clean Only","Floral And Checkered Placement Print, One Shoulder Gown With Structured Intricate Mirror, Tassle And Thread Work Hand Embroidered Sleeve And Bustier Detailing Material – Habutai Color – Multi Slight imperfections or variations in the colour, print and texture of the textile are inherent to the characteristics of the fabric and add to the unique design of every piece Model’s height : 5’9 Model is wearing : Size S NOTE : Please mention your height with heels while placing your order.","","https://saakshakinni.com/wp-content/uploads/2025/02/060_F1.jpg | https://saakshakinni.com/wp-content/uploads/2025/02/060_F2.jpg | https://saakshakinni.com/wp-content/uploads/2025/02/060_F3.jpg | https://saakshakinni.com/wp-content/uploads/2025/02/060_B1.jpg","https://saakshakinni.com/wp-content/uploads/2025/02/060_F1.jpg","0","0"
"22441","Maisy Blouse &#038; Mona Skirt","25SS_005_R / 25SS_015_R","https://saakshakinni.com/product/maisy-blouse-mona-skirt/","variable","10500","10500","10500","False","INR",,,"NIRAH | BLOUSE | SKIRTS","SIZE: L, M, S, XL, XS, XXL, XXXL | SET: Blouse, Skirt, Full Set | Notes: - | Delivery: Made to order. Delivery takes 4 weeks | Care: Dry Clean Only","Blouse : Abstract Floral Print, Hand Micro Pleat Sleeveless Blouse Material – Poly Florence Chiffon Color – Multi Skirt : Abstract Material – Poly Florence Chiffon Color – Multi Slight imperfections or variations in the colour, print and texture of the textile are inherent to the characteristics of the fabric and add to the unique design of every piece Model’s height : 5’9 Model is wearing : Size S NOTE : Please mention your height with heels while placing your order.","","https://saakshakinni.com/wp-content/uploads/2025/02/061_F1.jpg | https://saakshakinni.com/wp-content/uploads/2025/02/061_F2.jpg | https://saakshakinni.com/wp-content/uploads/2025/02/061_F3.jpg | https://saakshakinni.com/wp-content/uploads/2025/02/061_F4.jpg | https://saakshakinni.com/wp-content/uploads/2025/02/061_B1.jpg","https://saakshakinni.com/wp-content/uploads/2025/02/061_F1.jpg","0","0"
"22493","Dolly Cape, Malaika Bustier &#038; Zuri Skirt","25SS_002_R / 25SS_048_R / 25SS_075_R","https://saakshakinni.com/product/dolly-cape-malaika-bustier-zuri-skirt/","variable","11500","11500","11500","False","INR",,,"NIRAH | BUSTIER | CAPES | SKIRTS","SIZE: L, M, S, XL, XS, XXL, XXXL | SET: Cape, Bustier, Skirt, Full Set | Notes: - | Delivery: Made to order. Delivery takes 4 weeks | Care: Dry Clean Only","Cape : Abstract Floral Print Kaftan Style, Asymmetric Panelled Cape Material – Chiffon Color – Multi Bustier : Intricate Mirror, Tassle, Pearl And Thread Work Hand Embroidered Square Neck Bustier Material – Satin / Cotton Silk Color – Light Pink/Multi Skirt : High Waist, Asymmetric Maxi Wrap Skirt With Pinch And Fold Detailing Material – Satin Color – Black Slight imperfections or variations in the colour, print and texture of the textile are inherent to the characteristics of the fabric and add to the unique design of every piece Model’s height : 5’9 Model is wearing : Size S NOTE : Please mention your height with heels while placing your order.","","https://saakshakinni.com/wp-content/uploads/2025/02/078_F1.jpg | https://saakshakinni.com/wp-content/uploads/2025/02/078_F2.jpg | https://saakshakinni.com/wp-content/uploads/2025/02/078_F3.jpg | https://saakshakinni.com/wp-content/uploads/2025/02/078_F4.jpg | https://saakshakinni.com/wp-content/uploads/2025/02/078_B1.jpg","https://saakshakinni.com/wp-content/uploads/2025/02/078_F1.jpg","0","0"
"22445","Swing Dress","25SS_032_R","https://saakshakinni.com/product/swing-dress-2/","variable","23000","23000","23000","False","INR",,,"NIRAH | DRESSES","SIZE: L, M, S, XL, XS, XXL, XXXL | Notes: - | Delivery: Made to order. Delivery takes 4 weeks | Care: Dry Clean Only","Floral And Abstract Print Square Neck Flared Maxi Dress Material – Crepe Color – Light Pink/Multi Slight imperfections or variations in the colour, print and texture of the textile are inherent to the characteristics of the fabric and add to the unique design of every piece Model’s height : 5’9 Model is wearing : Size S NOTE : Please mention your height with heels while placing your order.","","https://saakshakinni.com/wp-content/uploads/2025/02/062_F1.jpg | https://saakshakinni.com/wp-content/uploads/2025/02/062_F2.jpg | https://saakshakinni.com/wp-content/uploads/2025/02/062_F3.jpg | https://saakshakinni.com/wp-content/uploads/2025/02/062_B1.jpg","https://saakshakinni.com/wp-content/uploads/2025/02/062_F1.jpg","0","0"
"22447","Maria Dress","25SS_056_R","https://saakshakinni.com/product/maria-dress/","variable","24500","24500","24500","False","INR",,,"NIRAH | DRESSES","SIZE: L, M, S, XL, XS, XXL, XXXL | Notes: - | Delivery: Made to order. Delivery takes 4 weeks | Care: Dry Clean Only","Abstract Floral Print Asymmetric Midi Dress With Hand Micro Pleat Bodice And Noodle Straps Material – Chiffon Color – Multi Slight imperfections or variations in the colour, print and texture of the textile are inherent to the characteristics of the fabric and add to the unique design of every piece Model’s height : 5’9 Model is wearing : Size S NOTE : Please mention your height with heels while placing your order.","","https://saakshakinni.com/wp-content/uploads/2025/02/063_F1.jpg | https://saakshakinni.com/wp-content/uploads/2025/02/063_F2.jpg | https://saakshakinni.com/wp-content/uploads/2025/02/063_F3.jpg | https://saakshakinni.com/wp-content/uploads/2025/02/063_B1.jpg","https://saakshakinni.com/wp-content/uploads/2025/02/063_F1.jpg","0","0"
"26503","Etta Dress","25SS_036_R1","https://saakshakinni.com/product/etta-dress-3/","variable","34500","34500","34500","False","INR",,,"NIRAH | DRESSES","SIZE: L, M, S, XL, XS, XXL, XXXL | Notes: - | Delivery: Made to order. Delivery takes 4 weeks | Care: Dry Clean Only","Floral And Checkered Print Halter Neck Seven Tiered Maxi Dress Material – Chiffon Color – Multi Slight imperfections or variations in the colour, print and texture of the textile are inherent to the characteristics of the fabric and add to the unique design of every piece Model’s height : 5’10 Model is wearing : Size S NOTE : Please mention your height with heels while placing your order.","","https://saakshakinni.com/wp-content/uploads/2025/02/024_F1.jpg | https://saakshakinni.com/wp-content/uploads/2025/02/024_F2.jpg | https://saakshakinni.com/wp-content/uploads/2025/02/024_F3.jpg | https://saakshakinni.com/wp-content/uploads/2025/02/024_B1.jpg","https://saakshakinni.com/wp-content/uploads/2025/02/024_F1.jpg","0","0"
"26505","Cleo Dress","25SS_095_R1","https://saakshakinni.com/product/cleo-dress-3/","variable","26500","26500","26500","False","INR",,,"NIRAH | DRESSES","SIZE: L, M, S, XL, XS, XXL, XXXL | Notes: - | Delivery: Made to order. Delivery takes 4 weeks | Care: Dry Clean Only","Abstract Floral Print One Shoulder, Hand Micro Pleat Maxi Dress With Side Keyhole Detailing Material – Polyester Color – Red/Multi Slight imperfections or variations in the colour, print and texture of the textile are inherent to the characteristics of the fabric and add to the unique design of every piece Model’s height : 5’9 Model is wearing : Size S NOTE : Please mention your height with heels while placing your order.","","https://saakshakinni.com/wp-content/uploads/2025/02/025_F1.jpg | https://saakshakinni.com/wp-content/uploads/2025/02/025_F2.jpg | https://saakshakinni.com/wp-content/uploads/2025/02/025_F3.jpg | https://saakshakinni.com/wp-content/uploads/2025/02/025_B1.jpg","https://saakshakinni.com/wp-content/uploads/2025/02/025_F1.jpg","0","0"
"21283","Shirt &#038; Ria Skirt","W3_027_M_C / S4_024_M_R","https://saakshakinni.com/product/shirt-ria-skirt/","variable","13500","13500","13500","False","INR",,,"CELEB","SIZE: L, M, S, XL, XS, XXL, XXXL | SET: Shirt, Skirt, Full Set | Notes: - | Delivery: Made to order. Delivery takes 4 weeks | Care: Dry Clean Only","SHIRT : Periwinkle Bandhani Print Shirt Material – Satin Color – Ivory SKIRT : High Waist Flared Skirt With Centre Button Closure Material – Poplin Color – Black NOTE : Please mention your height with heels while placing your order.","","https://saakshakinni.com/wp-content/uploads/2024/09/aditi-001.jpg | https://saakshakinni.com/wp-content/uploads/2024/09/aditi-002.jpg | https://saakshakinni.com/wp-content/uploads/2024/09/aditi-003.jpg | https://saakshakinni.com/wp-content/uploads/2024/09/aditi-004.jpg | https://saakshakinni.com/wp-content/uploads/2024/09/aditi-005.jpg | https://saakshakinni.com/wp-content/uploads/2024/09/aditi-006.jpg | https://saakshakinni.com/wp-content/uploads/2024/09/aditi-007.jpg | https://saakshakinni.com/wp-content/uploads/2024/09/aditi-008.jpg","https://saakshakinni.com/wp-content/uploads/2024/09/aditi-001.jpg","0","0"
"21315","Ballarina Dress","S4_002_M_R-C1","https://saakshakinni.com/product/ballarina-dress/","variable","16500","16500","16500","False","INR",,,"CELEB","SIZE: L, M, S, XL, XS, XXL, XXXL | Notes: - | Delivery: Made to order. Delivery takes 4 weeks | Care: Dry Clean Only","Paisley Inspired Print Mini Flared Dress With Detachable Belt Material – Habutai Color – Multi NOTE : Please mention your height with heels while placing your order.","","https://saakshakinni.com/wp-content/uploads/2024/09/pooja-01.jpg | https://saakshakinni.com/wp-content/uploads/2024/09/pooja-02.jpg | https://saakshakinni.com/wp-content/uploads/2024/09/pooja-03.jpg","https://saakshakinni.com/wp-content/uploads/2024/09/pooja-01.jpg","0","0"
"21313","Jewel Dress","S4_052_M_R-C","https://saakshakinni.com/product/jewel-dress-2/","variable","24500","24500","24500","False","INR",,,"CELEB","SIZE: L, M, S, XL, XS, XXL, XXXL | Notes: - | Delivery: Made to order. Delivery takes 4 weeks | Care: Dry Clean Only","Ikat Inspired Print Hand Micro Pleat Halter Neck Maxi Dress With Customisable Keyhole Detailing Material – Chiffon / Satin Color – Pink/Red NOTE : Please mention your height with heels while placing your order.","","https://saakshakinni.com/wp-content/uploads/2024/09/rakul-01.jpg | https://saakshakinni.com/wp-content/uploads/2024/09/rakul-02.jpg | https://saakshakinni.com/wp-content/uploads/2024/09/rakul-03.jpg | https://saakshakinni.com/wp-content/uploads/2024/09/rakul-04.jpg | https://saakshakinni.com/wp-content/uploads/2024/09/rakul-05.jpg","https://saakshakinni.com/wp-content/uploads/2024/09/rakul-01.jpg","0","0"
"20571","Emily Dress","W4_043_M_R","https://saakshakinni.com/product/emily-dress-2/","variable","19500","19500","19500","False","INR",,,"BOTANICA | DRESSES","SIZE: L, M, S, XL, XS, XXL, XXXL | Notes: - | Delivery: Made to order. Delivery takes 4 weeks | Care: Dry Clean Only","Tribal Print Midi Flared Dress With Fitted Bodice And Square Neck Material – Poplin Color – Ivory/Multi NOTE : Please mention your height with heels while placing your order.","","https://saakshakinni.com/wp-content/uploads/2024/08/001_F1.jpg | https://saakshakinni.com/wp-content/uploads/2024/08/001_F2.jpg | https://saakshakinni.com/wp-content/uploads/2024/08/001_F3.jpg | https://saakshakinni.com/wp-content/uploads/2024/08/001_B1.jpg","https://saakshakinni.com/wp-content/uploads/2024/08/001_F1.jpg","0","0"
"20573","Mischa Dress","W4_004_M_R","https://saakshakinni.com/product/mischa-dress-2/","variable","22000","22000","22000","False","INR",,,"BOTANICA | DRESSES","SIZE: L, M, S, XL, XS, XXL, XXXL | Notes: - | Delivery: Made to order. Delivery takes 4 weeks | Care: Dry Clean Only","Daisy Print One Shoulder Flared Short Dress Material – Habutai Color – Yellow/Purple NOTE : Please mention your height with heels while placing your order.","","https://saakshakinni.com/wp-content/uploads/2024/08/002_F1.jpg | https://saakshakinni.com/wp-content/uploads/2024/08/002_F2.jpg | https://saakshakinni.com/wp-content/uploads/2024/08/002_B1.jpg","https://saakshakinni.com/wp-content/uploads/2024/08/002_F1.jpg","0","0"
"20585","Nova Dress","W4_003_M_R","https://saakshakinni.com/product/nova-dress/","variable","13500","13500","13500","False","INR",,,"BOTANICA | DRESSES","SIZE: L, M, S, XL, XS, XXL, XXXL | Notes: - | Delivery: Made to order. Delivery takes 4 weeks | Care: Dry Clean Only","Tribal Print Shift Dress With Bell Sleeves Material – Cambric Color – Ivory/Multi NOTE : Please mention your height with heels while placing your order.","","https://saakshakinni.com/wp-content/uploads/2024/08/007_F1.jpg | https://saakshakinni.com/wp-content/uploads/2024/08/007_F2.jpg | https://saakshakinni.com/wp-content/uploads/2024/08/007_F3.jpg | https://saakshakinni.com/wp-content/uploads/2024/08/007_B1.jpg","https://saakshakinni.com/wp-content/uploads/2024/08/007_F1.jpg","0","0"
"20583","Jennifer Dress","W4_028_M_R","https://saakshakinni.com/product/jennifer-dress-3/","variable","26000","26000","26000","False","INR",,,"BOTANICA | DRESSES","SIZE: L, M, S, XL, XS, XXL, XXXL | Notes: - | Delivery: Made to order. Delivery takes 4 weeks | Care: Dry Clean Only","Daisy Print, Hand Micro Pleat Sleeveless Gown With Fitted Bodice Material – Chiffon Color – Green /Blue NOTE : Please mention your height with heels while placing your order.","","https://saakshakinni.com/wp-content/uploads/2024/08/006_F1.jpg | https://saakshakinni.com/wp-content/uploads/2024/08/006_F2.jpg | https://saakshakinni.com/wp-content/uploads/2024/08/006_F3.jpg | https://saakshakinni.com/wp-content/uploads/2024/08/006_B1.jpg","https://saakshakinni.com/wp-content/uploads/2024/08/006_F1.jpg","0","0"
"20579","Bella Shirt &#038; Bella Skirt","W4_065_M_R / W4_086_M_R","https://saakshakinni.com/product/bella-shirt-bella-skirt/","variable","9500","9500","9500","False","INR",,,"BOTANICA | SHIRT | SKIRTS","SIZE: L, M, S, XL, XS, XXL, XXXL | SET: Shirt, Skirt, Full Set | Notes: - | Delivery: Made to order. Delivery takes 4 weeks | Care: Dry Clean Only","SHIRT : Daisy Print Collared Tie Up Shirt Material – Cotton Silk Color – Red SKIRT : Daisy Print Hand Micro Pleat Skirt With Adjustable Tie Up Length And Zipper Detailing Material – Cotton Silk Color – Red NOTE : Please mention your height with heels while placing your order.","","https://saakshakinni.com/wp-content/uploads/2024/08/005_F1.jpg | https://saakshakinni.com/wp-content/uploads/2024/08/005_F2.jpg | https://saakshakinni.com/wp-content/uploads/2024/08/005_F3.jpg | https://saakshakinni.com/wp-content/uploads/2024/08/005_B1.jpg","https://saakshakinni.com/wp-content/uploads/2024/08/005_F1.jpg","0","0"
"20577","Faye Dress","W4_045_M_R","https://saakshakinni.com/product/faye-dress-2/","variable","14000","14000","14000","False","INR",,,"BOTANICA | DRESSES","SIZE: L, M, S, XL, XS, XXL, XXXL | Notes: - | Delivery: Made to order. Delivery takes 4 weeks | Care: Dry Clean Only","Wrap Style Collared Mini Dress With Tribal Print Placement, Balloon Tie Up Sleeves And Detachable Belt Material – Cambric Color – Black/Multi NOTE : Please mention your height with heels while placing your order.","","https://saakshakinni.com/wp-content/uploads/2024/08/004_F1.jpg | https://saakshakinni.com/wp-content/uploads/2024/08/004_F2.jpg | https://saakshakinni.com/wp-content/uploads/2024/08/004_B1.jpg","https://saakshakinni.com/wp-content/uploads/2024/08/004_F1.jpg","0","0"
"20575","Sage Dress","W4_049_M_R","https://saakshakinni.com/product/sage-dress-2/","variable","14000","14000","14000","False","INR",,,"BOTANICA | DRESSES","SIZE: L, M, S, XL, XS, XXL, XXXL | Notes: - | Delivery: Made to order. Delivery takes 4 weeks | Care: Dry Clean Only","Daisy Print Elasticated Bodycon Dress With Frilled Layer Material – Cotton Silk Color – Red/Blue NOTE : Please mention your height with heels while placing your order.","","https://saakshakinni.com/wp-content/uploads/2024/08/003_F1.jpg | https://saakshakinni.com/wp-content/uploads/2024/08/003_F2.jpg | https://saakshakinni.com/wp-content/uploads/2024/08/003_F3.jpg | https://saakshakinni.com/wp-content/uploads/2024/08/003_B1.jpg","https://saakshakinni.com/wp-content/uploads/2024/08/003_F1.jpg","0","0"
"20601","Botanica Dress","W4_099_M_R","https://saakshakinni.com/product/botanica-dress/","variable","18500","18500","18500","False","INR",,,"BOTANICA | DRESSES","SIZE: L, M, S, XL, XS, XXL, XXXL | Notes: - | Delivery: Made to order. Delivery takes 4 weeks | Care: Dry Clean Only","Tribal Print Batwing Sleeve, High Neck Tiered Midi Dress Material – Cotton Silk Color – Multi NOTE : Please mention your height with heels while placing your order.","","https://saakshakinni.com/wp-content/uploads/2024/08/015_F1.jpg | https://saakshakinni.com/wp-content/uploads/2024/08/015_F2.jpg | https://saakshakinni.com/wp-content/uploads/2024/08/015_B1.jpg","https://saakshakinni.com/wp-content/uploads/2024/08/015_F1.jpg","0","0"
"20599","Lola Dress","W4_087_M_R","https://saakshakinni.com/product/lola-dress/","variable","18000","18000","18000","False","INR",,,"BOTANICA | DRESSES","SIZE: L, M, S, XL, XS, XXL, XXXL | Notes: - | Delivery: Made to order. Delivery takes 4 weeks | Care: Dry Clean Only","Daisy Print Panelled Midi Dress With Centre Tie Up Detailing Material – Cambric Color – Yellow/Purple NOTE : Please mention your height with heels while placing your order.","","https://saakshakinni.com/wp-content/uploads/2024/08/014_F1.jpg | https://saakshakinni.com/wp-content/uploads/2024/08/014_F2.jpg | https://saakshakinni.com/wp-content/uploads/2024/08/014_F3.jpg | https://saakshakinni.com/wp-content/uploads/2024/08/014_B1.jpg","https://saakshakinni.com/wp-content/uploads/2024/08/014_F1.jpg","0","0"
"20589","Marilyn Dress","W4_017_M_R","https://saakshakinni.com/product/marilyn-dress-3/","variable","19500","19500","19500","False","INR",,,"BOTANICA | DRESSES","SIZE: L, M, S, XL, XS, XXL, XXXL | Notes: - | Delivery: Made to order. Delivery takes 4 weeks | Care: Dry Clean Only","Tribal Placement Print, Sweetheart Neckline, Summer Flared Frock/Dress With Noodle Straps Material – Cambric Color – Ivory/Multi NOTE : Please mention your height with heels while placing your order.","","https://saakshakinni.com/wp-content/uploads/2024/08/009_F1.jpg | https://saakshakinni.com/wp-content/uploads/2024/08/009_F2.jpg | https://saakshakinni.com/wp-content/uploads/2024/08/009_F3.jpg | https://saakshakinni.com/wp-content/uploads/2024/08/009_B1.jpg","https://saakshakinni.com/wp-content/uploads/2024/08/009_F1.jpg","0","0"
"20587","Aura Dress","W4_039_M_R","https://saakshakinni.com/product/aura-dress-2/","variable","26000","26000","26000","False","INR",,,"BOTANICA | DRESSES","SIZE: L, M, S, XL, XS, XXL, XXXL | Notes: - | Delivery: Made to order. Delivery takes 4 weeks | Care: Dry Clean Only","Daisy Print Hand Draped Dress With Surplice Bodice And Noodle Straps Material – Habutai Color – Green/Purple NOTE : Please mention your height with heels while placing your order.","","https://saakshakinni.com/wp-content/uploads/2024/08/008_F1.jpg | https://saakshakinni.com/wp-content/uploads/2024/08/008_F2.jpg | https://saakshakinni.com/wp-content/uploads/2024/08/008_F3.jpg | https://saakshakinni.com/wp-content/uploads/2024/08/008_B1.jpg","https://saakshakinni.com/wp-content/uploads/2024/08/008_F1.jpg","0","0"
"20630","Mira Dress &#038; Sila Corset Belt","W4_097_M_R / W4_098_M_R","https://saakshakinni.com/product/mira-dress-sila-corset-belt/","variable","16500","16500","16500","False","INR",,,"BOTANICA | DRESSES","SIZE: L, M, S, XL, XS, XXL, XXXL | SET: Dress, Corset Belt, Full Set | Notes: - | Delivery: Made to order. Delivery takes 4 weeks | Care: Dry Clean Only","DRESS : Wave Print, Dual Tone, One Shoulder Hand Micro Pleat Dress With Adjustable Drawstring Sleeve And Length Material – Cotton Silk Color – Blue CORSET BELT : Intricate Mirror, Tassel And Thread Work Hand Embroidered Motif Corset Belt Material – Net Color – Multi NOTE : Please mention your height with heels while placing your order.","","https://saakshakinni.com/wp-content/uploads/2024/08/024_F1.jpg | https://saakshakinni.com/wp-content/uploads/2024/08/024_F2.jpg | https://saakshakinni.com/wp-content/uploads/2024/08/024_F3.jpg | https://saakshakinni.com/wp-content/uploads/2024/08/024_B1.jpg","https://saakshakinni.com/wp-content/uploads/2024/08/024_F1.jpg","0","0"
"20622","Mila Dress","W4_024_M_R","https://saakshakinni.com/product/mila-dress-2/","variable","21000","21000","21000","False","INR",,,"BOTANICA | DRESSES","SIZE: L, M, S, XL, XS, XXL, XXXL | Notes: - | Delivery: Made to order. Delivery takes 4 weeks | Care: Dry Clean Only","Stripe Print Dress With Fitted Bodice, Noodle Straps And A Cross Cut Flare Material – Cambric Color – Red/Blue NOTE : Please mention your height with heels while placing your order.","","https://saakshakinni.com/wp-content/uploads/2024/08/020_F1.jpg | https://saakshakinni.com/wp-content/uploads/2024/08/020_F2.jpg | https://saakshakinni.com/wp-content/uploads/2024/08/020_B1.jpg","https://saakshakinni.com/wp-content/uploads/2024/08/020_F1.jpg","0","0"
"20620","Hazel Dress","W4_068_M_R","https://saakshakinni.com/product/hazel-dress-2/","variable","21500","21500","21500","False","INR",,,"BOTANICA | DRESSES","SIZE: L, M, S, XL, XS, XXL, XXXL | Notes: - | Delivery: Made to order. Delivery takes 4 weeks | Care: Dry Clean Only","Daisy Placement Print Strapless A-Line Dress With Surplice Pleated And Draped Bodice Material – Habutai Color – Multi NOTE : Please mention your height with heels while placing your order.","","https://saakshakinni.com/wp-content/uploads/2024/08/019_F1.jpg | https://saakshakinni.com/wp-content/uploads/2024/08/019_F2.jpg | https://saakshakinni.com/wp-content/uploads/2024/08/019_B1.jpg","https://saakshakinni.com/wp-content/uploads/2024/08/019_F1.jpg","0","0"
"20611","Joor Blouse &#038; Joor Shorts","W4_122_M_R / W4_091_M_R","https://saakshakinni.com/product/joor-blouse-joor-shorts/","variable","9500","9500","9500","False","INR",,,"BOTANICA | BLOUSE | SHORTS","SIZE: L, M, S, XL, XS, XXL, XXXL | SET: Blouse, Shorts, Full Set | Notes: - | Delivery: Made to order. Delivery takes 4 weeks | Care: Dry Clean Only","BLOUSE : Tribal Print Strapless Peplum Blouse With Ruffle Detailing Material – Mushroom Twill Color – Blue SHORTS : High Waist Shorts With Pockets Material – Mushroom Twill Color – Blue NOTE : Please mention your height with heels while placing your order.","","https://saakshakinni.com/wp-content/uploads/2024/08/018_F1.jpg | https://saakshakinni.com/wp-content/uploads/2024/08/018_F2.jpg | https://saakshakinni.com/wp-content/uploads/2024/08/018_B1.jpg","https://saakshakinni.com/wp-content/uploads/2024/08/018_F1.jpg","0","0"
"20605","Alaia Blouse &#038; Cora Skirt","W4_013_M_R / W4_015_M_R","https://saakshakinni.com/product/alaia-blouse-cora-skirt/","variable","10000","10000","10000","False","INR",,,"BOTANICA | BLOUSE | SKIRTS","SIZE: L, M, S, XL, XS, XXL, XXXL | SET: Blouse, Skirt, Full Set | Notes: - | Delivery: Made to order. Delivery takes 4 weeks | Care: Dry Clean Only","BLOUSE : Daisy Print, Hand Micro Pleat V Neck Kaftan Style Blouse With Drawstring Waist And Sleeves Material – Cotton Silk Color – Ivory/Multi SKIRT : Tribal Placement Print, High Waist, Flared Midi Skirt Material – Poplin Color – Ivory/Multi NOTE : Please mention your height with heels while placing your order.","","https://saakshakinni.com/wp-content/uploads/2024/08/017_F1.jpg | https://saakshakinni.com/wp-content/uploads/2024/08/017_F2.jpg | https://saakshakinni.com/wp-content/uploads/2024/08/017_B1.jpg","https://saakshakinni.com/wp-content/uploads/2024/08/017_F1.jpg","0","0"
"20603","Shailee Dress","W4_090_M_R","https://saakshakinni.com/product/shailee-dress-3/","variable","21500","21500","21500","False","INR",,,"BOTANICA | DRESSES","SIZE: L, M, S, XL, XS, XXL, XXXL | Notes: - | Delivery: Made to order. Delivery takes 4 weeks | Care: Dry Clean Only","Daisy Print Halter Neck Column Dress Material – Habutai Color – Multi NOTE : Please mention your height with heels while placing your order.","","https://saakshakinni.com/wp-content/uploads/2024/08/016_F1.jpg | https://saakshakinni.com/wp-content/uploads/2024/08/016_F2.jpg | https://saakshakinni.com/wp-content/uploads/2024/08/016_B1.jpg","https://saakshakinni.com/wp-content/uploads/2024/08/016_F1.jpg","0","0"
"20666","Lyra Dress","W4_035_M_R","https://saakshakinni.com/product/lyra-dress/","variable","28000","28000","28000","False","INR",,,"BOTANICA | DRESSES","SIZE: L, M, S, XL, XS, XXL, XXXL | Notes: - | Delivery: Made to order. Delivery takes 4 weeks | Care: Dry Clean Only","Daisy Print Draped, Strapless Mini Dress With Hanging Detailing Material – Habutai Color – Yellow/Purple NOTE : Please mention your height with heels while placing your order.","","https://saakshakinni.com/wp-content/uploads/2024/08/034_F1.jpg | https://saakshakinni.com/wp-content/uploads/2024/08/034_F2.jpg | https://saakshakinni.com/wp-content/uploads/2024/08/034_F3.jpg | https://saakshakinni.com/wp-content/uploads/2024/08/034_B1.jpg","https://saakshakinni.com/wp-content/uploads/2024/08/034_F1.jpg","0","0"
"20661","Everly Shirt, Mia Palazzo &#038; Bailey Blazer","W4_009_M_R / W4_010_M_R / W4_029_M_R","https://saakshakinni.com/product/everly-shirt-mia-palazzo-bailey-blazer/","variable","8500","8500","8500","False","INR",,,"BOTANICA | JACKETS | PANTS | SHIRT","SIZE: L, M, S, XL, XS, XXL, XXXL | SET: Shirt, Palazzo, Blazer, Full Set | Notes: - | Delivery: Made to order. Delivery takes 4 weeks | Care: Dry Clean Only","SHIRT : Daisy Print Collared Shirt Material – Cambric Color – Multi PALAZZO : Daisy Print High Waist Palazzo Material – Cambric Color – Multi BLAZER : Daisy Print Wide Collared Blazer With Side Cut Out Detailing Material – Mushroom Twill Color – Multi NOTE : Please mention your height with heels while placing your order.","","https://saakshakinni.com/wp-content/uploads/2024/08/033_F1.jpg | https://saakshakinni.com/wp-content/uploads/2024/08/033_F2.jpg | https://saakshakinni.com/wp-content/uploads/2024/08/033_B1.jpg","https://saakshakinni.com/wp-content/uploads/2024/08/033_F1.jpg","0","0"
"20659","Remi Dress","W4_050_M_R","https://saakshakinni.com/product/remi-dress/","variable","26500","26500","26500","False","INR",,,"BOTANICA | DRESSES","SIZE: L, M, S, XL, XS, XXL, XXXL | Notes: - | Delivery: Made to order. Delivery takes 4 weeks | Care: Dry Clean Only","Wave Print, Hand Micro Pleat Maxi Dress With Twist Neckline Detailing And Customisable Side Slit Material – Chiffon Color – Red NOTE : Please mention your height with heels while placing your order.","","https://saakshakinni.com/wp-content/uploads/2024/08/032_F1.jpg | https://saakshakinni.com/wp-content/uploads/2024/08/032_F2.jpg | https://saakshakinni.com/wp-content/uploads/2024/08/032_B1.jpg","https://saakshakinni.com/wp-content/uploads/2024/08/032_F1.jpg","0","0"
"20657","Mischa Dress","W4_002_M_R","https://saakshakinni.com/product/mischa-dress/","variable","22000","22000","22000","False","INR",,,"BOTANICA | DRESSES","SIZE: L, M, S, XL, XS, XXL, XXXL | Notes: - | Delivery: Made to order. Delivery takes 4 weeks | Care: Dry Clean Only","Daisy Print One Shoulder Flared Short Dress Material – Habutai Color – Green/Purple NOTE : Please mention your height with heels while placing your order.","","https://saakshakinni.com/wp-content/uploads/2024/08/031_F1.jpg | https://saakshakinni.com/wp-content/uploads/2024/08/031_F2.jpg | https://saakshakinni.com/wp-content/uploads/2024/08/031_B1.jpg","https://saakshakinni.com/wp-content/uploads/2024/08/031_F1.jpg","0","0"
"20649","Joey Blouse &#038; Cora Skirt","W4_111_M_R / W4_015_M_R","https://saakshakinni.com/product/joey-blouse-cora-skirt/","variable","9500","9500","9500","False","INR",,,"BOTANICA | BLOUSE | SKIRTS","SIZE: L, M, S, XL, XS, XXL, XXXL | SET: Blouse, Skirt, Full Set | Notes: - | Delivery: Made to order. Delivery takes 4 weeks | Care: Dry Clean Only","BLOUSE : Organza Boxy Style Blouse With Puff Sleeves Material – Organza Color – Black SKIRT : Tribal Placement Print, High Waist, Flared Midi Skirt Material – Poplin Color – Ivory/Multi NOTE : Please mention your height with heels while placing your order.","","https://saakshakinni.com/wp-content/uploads/2024/08/029_F1.jpg | https://saakshakinni.com/wp-content/uploads/2024/08/029_B1.jpg","https://saakshakinni.com/wp-content/uploads/2024/08/029_F1.jpg","0","0"
"20642","Shailee Dress","W4_053_M_R","https://saakshakinni.com/product/shailee-dress-2/","variable","21500","21500","21500","False","INR",,,"BOTANICA | DRESSES","SIZE: L, M, S, XL, XS, XXL, XXXL | Notes: - | Delivery: Made to order. Delivery takes 4 weeks | Care: Dry Clean Only","Daisy Print Halter Neck Column Dress Material – Habutai Color – Yellow/Purple NOTE : Please mention your height with heels while placing your order.","","https://saakshakinni.com/wp-content/uploads/2024/08/030_F1.jpg | https://saakshakinni.com/wp-content/uploads/2024/08/030_F2.jpg | https://saakshakinni.com/wp-content/uploads/2024/08/030_F3.jpg | https://saakshakinni.com/wp-content/uploads/2024/08/030_B1.jpg","https://saakshakinni.com/wp-content/uploads/2024/08/030_F1.jpg","0","0"
"20640","Addison Dress","W4_005_M_R","https://saakshakinni.com/product/addison-dress/","variable","19000","19000","19000","False","INR",,,"BOTANICA | DRESSES","SIZE: L, M, S, XL, XS, XXL, XXXL | Notes: - | Delivery: Made to order. Delivery takes 4 weeks | Care: Dry Clean Only","Tribal Placement Print Empire Cut Midi Dress Material – Cambric Color – Black/Multi NOTE : Please mention your height with heels while placing your order.","","https://saakshakinni.com/wp-content/uploads/2024/08/028_F1.jpg | https://saakshakinni.com/wp-content/uploads/2024/08/028_F2.jpg | https://saakshakinni.com/wp-content/uploads/2024/08/028_F3.jpg | https://saakshakinni.com/wp-content/uploads/2024/08/028_B1.jpg","https://saakshakinni.com/wp-content/uploads/2024/08/028_F1.jpg","0","0"
"20638","Kiara Dress","W4_008_M_R","https://saakshakinni.com/product/kiara-dress-3/","variable","26000","26000","26000","False","INR",,,"BOTANICA | DRESSES","SIZE: L, M, S, XL, XS, XXL, XXXL | Notes: - | Delivery: Made to order. Delivery takes 4 weeks | Care: Dry Clean Only","Wave Print, Hand Micro Pleat Maxi Dress, With Noodle Straps Material – Chiffon Color – Multi NOTE : Please mention your height with heels while placing your order.","","https://saakshakinni.com/wp-content/uploads/2024/08/027_F1.jpg | https://saakshakinni.com/wp-content/uploads/2024/08/027_F2.jpg | https://saakshakinni.com/wp-content/uploads/2024/08/027_F3.jpg | https://saakshakinni.com/wp-content/uploads/2024/08/027_B1.jpg","https://saakshakinni.com/wp-content/uploads/2024/08/027_F1.jpg","0","0"
"20685","Mira Dress","W4_016_M_R","https://saakshakinni.com/product/mira-dress-5/","variable","23500","23500","23500","False","INR",,,"BOTANICA | DRESSES","SIZE: L, M, S, XL, XS, XXL, XXXL | Notes: - | Delivery: Made to order. Delivery takes 4 weeks | Care: Dry Clean Only","Daisy Print, Dual Tone, One Shoulder Hand Micro Pleat Dress With Adjustable Drawstring Sleeve And Length Material – Cotton Silk Color – Turquoise/Red/Green NOTE : Please mention your height with heels while placing your order.","","https://saakshakinni.com/wp-content/uploads/2024/08/041_F1.jpg | https://saakshakinni.com/wp-content/uploads/2024/08/041_F2.jpg | https://saakshakinni.com/wp-content/uploads/2024/08/041_B1.jpg","https://saakshakinni.com/wp-content/uploads/2024/08/041_F1.jpg","0","0"
"20681","Mila Dress","W4_057_M_R","https://saakshakinni.com/product/mila-dress/","variable","36500","36500","36500","False","INR",,,"BOTANICA | DRESSES","SIZE: L, M, S, XL, XS, XXL, XXXL | Notes: - | Delivery: Made to order. Delivery takes 4 weeks | Care: Dry Clean Only","Daisy Print, Hand Pleated Strapless Dress With Surplice Bodice And Drapery Detailing Material – Habutai Color – Blue NOTE : Please mention your height with heels while placing your order.","","https://saakshakinni.com/wp-content/uploads/2024/08/039_F1.jpg | https://saakshakinni.com/wp-content/uploads/2024/08/039_F2.jpg | https://saakshakinni.com/wp-content/uploads/2024/08/039_B1.jpg","https://saakshakinni.com/wp-content/uploads/2024/08/039_F1.jpg","0","0"
"20679","Clara Dress","W4_047_M_R","https://saakshakinni.com/product/clara-dress/","variable","36500","36500","36500","False","INR",,,"BOTANICA | DRESSES","SIZE: L, M, S, XL, XS, XXL, XXXL | Notes: - | Delivery: Made to order. Delivery takes 4 weeks | Care: Dry Clean Only","Wave Print Halter Neck With Hand Micro Pleat Fitted Bodice And Flared Skirt Material – Habutai/ Chiffon + Poly Chiffon Color – Red NOTE : Please mention your height with heels while placing your order.","","https://saakshakinni.com/wp-content/uploads/2024/08/038_F1.jpg | https://saakshakinni.com/wp-content/uploads/2024/08/038_F2.jpg | https://saakshakinni.com/wp-content/uploads/2024/08/038_F3.jpg | https://saakshakinni.com/wp-content/uploads/2024/08/038_B1.jpg","https://saakshakinni.com/wp-content/uploads/2024/08/038_F1.jpg","0","0"
"20670","Ivy Bustier, Sia Skort &#038; Evie Blazer","W4_079_M_R / W4_080_M_R / W4_062_M_R","https://saakshakinni.com/product/ivy-bustier-sia-skort-evie-blazer/","variable","11000","11000","11000","False","INR",,,"BOTANICA | BUSTIER | JACKETS | SHORTS | SKIRTS","SIZE: L, M, S, XL, XS, XXL, XXXL | SET: Bustier, Skort, Blazer, Full Set | Notes: - | Delivery: Made to order. Delivery takes 4 weeks | Care: Dry Clean Only","BUSTIER : Tribal Print Bustier With Noodle Straps Material – Cambric Color – Blue SKORT : Tribal Print High Waist Skort Material – Cambric Color – Blue BLAZER : Tribal Print Wide Collared Blazer Material – Mushroom Twill Color – Multi NOTE : Please mention your height with heels while placing your order.","","https://saakshakinni.com/wp-content/uploads/2024/08/036_F1.jpg | https://saakshakinni.com/wp-content/uploads/2024/08/036_F2.jpg | https://saakshakinni.com/wp-content/uploads/2024/08/036_B1.jpg","https://saakshakinni.com/wp-content/uploads/2024/08/036_F1.jpg","0","0"
"20714","Zia Dress","W4_007_M_R","https://saakshakinni.com/product/zia-dress-3/","variable","26000","26000","26000","False","INR",,,"BOTANICA | DRESSES","SIZE: L, M, S, XL, XS, XXL, XXXL | Notes: - | Delivery: Made to order. Delivery takes 4 weeks | Care: Dry Clean Only","Daisy Print Hand Micro Pleat Kaftan Style Dress With Drawstring Adjustable Length And Sleeves Material – Cotton Silk Color – Multi NOTE : Please mention your height with heels while placing your order.","","https://saakshakinni.com/wp-content/uploads/2024/08/049_F1.jpg | https://saakshakinni.com/wp-content/uploads/2024/08/049_F2.jpg | https://saakshakinni.com/wp-content/uploads/2024/08/049_B1.jpg","https://saakshakinni.com/wp-content/uploads/2024/08/049_F1.jpg","0","0"
"20710","Joor Blouse &#038; Monica Skirt","W4_122_M_R / W4_095_M_R","https://saakshakinni.com/product/joor-blouse-monica-skirt/","variable","16500","16500","16500","False","INR",,,"BOTANICA | BLOUSE | SKIRTS","SIZE: L, M, S, XL, XS, XXL, XXXL | SET: Blouse, Skirt, Full Set | Notes: - | Delivery: Made to order. Delivery takes 4 weeks | Care: Dry Clean Only","BLOUSE : Tribal Print Strapless Peplum Blouse With Ruffle Detailing Material – Mushroom Twill Color – Blue/Multi SKIRT : Tribal Print High Waist, Hand Micro Pleat Maxi Skirt Material – Chiffon Color – Blue/Multi NOTE : Please mention your height with heels while placing your order.","","https://saakshakinni.com/wp-content/uploads/2024/08/048_F1.jpg | https://saakshakinni.com/wp-content/uploads/2024/08/048_F2.jpg | https://saakshakinni.com/wp-content/uploads/2024/08/048_B1.jpg","https://saakshakinni.com/wp-content/uploads/2024/08/048_F1.jpg","0","0"
"20705","Bluey Blouse, Magnolia Cape &#038; Magnolia Lehenga","W4_082_M_R / W4_060_M_R / W4_106_M_R","https://saakshakinni.com/product/bluey-blouse-magnolia-cape-magnolia-lehenga/","variable","13500","13500","13500","False","INR",,,"BOTANICA | BLOUSE | CAPES | LEHENGA","SIZE: L, M, S, XL, XS, XXL, XXXL | SET: Blouse, Cape, Lehenga, Full Set | Notes: - | Delivery: Made to order. Delivery takes 4 weeks | Care: Dry Clean Only","BLOUSE : Daisy Print Strapless Bustier With Noodle Straps Material – Cambric Color – Multi CAPE : Daisy Print Four Tiered Maxi Cape Material – Organza Color – Multi LEHENGA : Daisy Print High Waist Lehenga With Pockets Material – Chanderi Color – Multi NOTE : Please mention your height with heels while placing your order.","","https://saakshakinni.com/wp-content/uploads/2024/08/047_F1.jpg | https://saakshakinni.com/wp-content/uploads/2024/08/047_F2.jpg | https://saakshakinni.com/wp-content/uploads/2024/08/047_B1.jpg","https://saakshakinni.com/wp-content/uploads/2024/08/047_F1.jpg","0","0"
"20701","Penny Dress","W4_096_M_R","https://saakshakinni.com/product/penny-dress/","variable","19000","19000","19000","False","INR",,,"BOTANICA | DRESSES","SIZE: L, M, S, XL, XS, XXL, XXXL | Notes: - | Delivery: Made to order. Delivery takes 4 weeks | Care: Dry Clean Only","Tribal Print Hand Micro Pleat Mini Dress With Overlap Skirt And Bell Sleeves Material – Habutai Color – Black/Multi NOTE : Please mention your height with heels while placing your order.","","https://saakshakinni.com/wp-content/uploads/2024/08/046_F1.jpg | https://saakshakinni.com/wp-content/uploads/2024/08/046_F2.jpg | https://saakshakinni.com/wp-content/uploads/2024/08/046_F3.jpg | https://saakshakinni.com/wp-content/uploads/2024/08/046_B1.jpg","https://saakshakinni.com/wp-content/uploads/2024/08/046_F1.jpg","0","0"
"20695","Abigail Dress","W4_066_M_R","https://saakshakinni.com/product/abigail-dress/","variable","25000","25000","25000","False","INR",,,"BOTANICA | DRESSES","SIZE: L, M, S, XL, XS, XXL, XXXL | Notes: - | Delivery: Made to order. Delivery takes 4 weeks | Care: Dry Clean Only","Wave Print Hand Micro Pleat Dress With Hanging Shoulder Trail Material – Florence Satin Color – Red/Blue NOTE : Please mention your height with heels while placing your order.","","https://saakshakinni.com/wp-content/uploads/2024/08/045_F1.jpg | https://saakshakinni.com/wp-content/uploads/2024/08/045_F2.jpg | https://saakshakinni.com/wp-content/uploads/2024/08/045_F3.jpg | https://saakshakinni.com/wp-content/uploads/2024/08/045_B1.jpg","https://saakshakinni.com/wp-content/uploads/2024/08/045_F1.jpg","0","0"
"20693","Marilyn Dress","W4_044_M_R","https://saakshakinni.com/product/marilyn-dress-2/","variable","19500","19500","19500","False","INR",,,"BOTANICA | DRESSES","SIZE: L, M, S, XL, XS, XXL, XXXL | Notes: - | Delivery: Made to order. Delivery takes 4 weeks | Care: Dry Clean Only","Daisy Print, Sweetheart Neckline, Summer Flared Frock With Noodle Straps Material – Cambric Color – Ivory/Multi NOTE : Please mention your height with heels while placing your order.","","https://saakshakinni.com/wp-content/uploads/2024/08/044_F1.jpg | https://saakshakinni.com/wp-content/uploads/2024/08/044_F2.jpg | https://saakshakinni.com/wp-content/uploads/2024/08/044_B1.jpg","https://saakshakinni.com/wp-content/uploads/2024/08/044_F1.jpg","0","0"
"20741","Florence Dress","W4_083_M_R","https://saakshakinni.com/product/florence-dress/","variable","23500","23500","23500","False","INR",,,"BOTANICA | DRESSES","SIZE: L, M, S, XL, XS, XXL, XXXL | Notes: - | Delivery: Made to order. Delivery takes 4 weeks | Care: Dry Clean Only","Wave Print Strapless Midi Dress With Hand Pleated Bodice Material – Chiffon Color – Multi NOTE : Please mention your height with heels while placing your order.","","https://saakshakinni.com/wp-content/uploads/2024/08/061_F1.jpg | https://saakshakinni.com/wp-content/uploads/2024/08/061_F2.jpg | https://saakshakinni.com/wp-content/uploads/2024/08/061_F3.jpg | https://saakshakinni.com/wp-content/uploads/2024/08/061_B1.jpg","https://saakshakinni.com/wp-content/uploads/2024/08/061_F1.jpg","0","0"
"20738","Freya Dress","W4_058_M_R","https://saakshakinni.com/product/freya-dress/","variable","29000","29000","29000","False","INR",,,"BOTANICA | DRESSES","SIZE: L, M, S, XL, XS, XXL, XXXL | Notes: - | Delivery: Made to order. Delivery takes 4 weeks | Care: Dry Clean Only","Daisy Print Tiered Effect Dress With Draped Overlap, Off Shoulder Sleeves Material – Chiffon Color – Blue NOTE : Please mention your height with heels while placing your order.","","https://saakshakinni.com/wp-content/uploads/2024/08/060_F1.jpg | https://saakshakinni.com/wp-content/uploads/2024/08/060_F2.jpg | https://saakshakinni.com/wp-content/uploads/2024/08/060_B1.jpg","https://saakshakinni.com/wp-content/uploads/2024/08/060_F1.jpg","0","0"
"20736","Nala Dress","W4_023_M_R","https://saakshakinni.com/product/nala-dress-2/","variable","25000","25000","25000","False","INR",,,"BOTANICA | DRESSES","SIZE: L, M, S, XL, XS, XXL, XXXL | Notes: - | Delivery: Made to order. Delivery takes 4 weeks | Care: Dry Clean Only","Daisy Print , Part Hand Micro Pleat Maxi Dress With Satin Bustier Material – Habutai / Chiffon Color – Yellow/Purple NOTE : Please mention your height with heels while placing your order.","","https://saakshakinni.com/wp-content/uploads/2024/08/059_F1.jpg | https://saakshakinni.com/wp-content/uploads/2024/08/059_F2.jpg | https://saakshakinni.com/wp-content/uploads/2024/08/059_B1.jpg","https://saakshakinni.com/wp-content/uploads/2024/08/059_F1.jpg","0","0"
"20734","Zia Dress","W4_006_M_R","https://saakshakinni.com/product/zia-dress-2/","variable","26000","26000","26000","False","INR",,,"BOTANICA | DRESSES","SIZE: L, M, S, XL, XS, XXL, XXXL | Notes: - | Delivery: Made to order. Delivery takes 4 weeks | Care: Dry Clean Only","Tribal Print Hand Micro Pleat Kaftan Style Dress With Drawstring Adjustable Length And Sleeves Material – Cotton Silk Color – Multi NOTE : Please mention your height with heels while placing your order.","","https://saakshakinni.com/wp-content/uploads/2024/08/058_F1.jpg | https://saakshakinni.com/wp-content/uploads/2024/08/058_F2.jpg | https://saakshakinni.com/wp-content/uploads/2024/08/058_B1.jpg","https://saakshakinni.com/wp-content/uploads/2024/08/058_F1.jpg","0","0"
"20732","Sonam Dress","W4_014_M_R","https://saakshakinni.com/product/sonam-dress-2/","variable","19500","19500","19500","False","INR",,,"BOTANICA | DRESSES","SIZE: L, M, S, XL, XS, XXL, XXXL | Notes: - | Delivery: Made to order. Delivery takes 4 weeks | Care: Dry Clean Only","Daisy Print Midi Dress With Tie Up Sleeves And Button Closure. Slip Provided Material – Cotton Silk / Organza Color – Multi NOTE : Please mention your height with heels while placing your order.","","https://saakshakinni.com/wp-content/uploads/2024/08/057_F1.jpg | https://saakshakinni.com/wp-content/uploads/2024/08/057_F2.jpg | https://saakshakinni.com/wp-content/uploads/2024/08/057_B1.jpg","https://saakshakinni.com/wp-content/uploads/2024/08/057_F1.jpg","0","0"
"20726","Adalynn Dress","W4_056_M_R","https://saakshakinni.com/product/adalynn-dress/","variable","25500","25500","25500","False","INR",,,"BOTANICA | DRESSES","SIZE: L, M, S, XL, XS, XXL, XXXL | Notes: - | Delivery: Made to order. Delivery takes 4 weeks | Care: Dry Clean Only","Tribal Print Four Tiered, High Neck, Puff Shoulder Sleeve Dress Material – Cambric Color – Blue/Multi NOTE : Please mention your height with heels while placing your order.","","https://saakshakinni.com/wp-content/uploads/2024/08/054_F1.jpg | https://saakshakinni.com/wp-content/uploads/2024/08/054_F2.jpg | https://saakshakinni.com/wp-content/uploads/2024/08/054_B1.jpg","https://saakshakinni.com/wp-content/uploads/2024/08/054_F1.jpg","0","0"
"20782","Monica Blouse &#038; Cora Skirt","W4_020_M_R / W4_015_M_R","https://saakshakinni.com/product/monica-blouse-cora-skirt/","variable","16500","16500","16500","False","INR",,,"BOTANICA | BLOUSE | SKIRTS","SIZE: L, M, S, XL, XS, XXL, XXXL | SET: Blouse, Skirt, Full Set | Notes: - | Delivery: Made to order. Delivery takes 4 weeks | Care: Dry Clean Only","BLOUSE : Tribal Placement Print, Hand Micro Pleat Kaftan Style Blouse With Drawstring Waist, Adjustable Sleeve, And Zip Closure Material – Cotton Silk Color – Ivory/Multi SKIRT : Tribal Placement Print, High Waist, Flared Midi Skirt Material – Poplin Color – Ivory/Multi NOTE : Please mention your height with heels while placing your order.","","https://saakshakinni.com/wp-content/uploads/2024/08/079_F1.jpg | https://saakshakinni.com/wp-content/uploads/2024/08/079_F2.jpg | https://saakshakinni.com/wp-content/uploads/2024/08/079_B1.jpg","https://saakshakinni.com/wp-content/uploads/2024/08/079_F1.jpg","0","0"
"20773","Ingrid Dress","W4_092_M_R","https://saakshakinni.com/product/ingrid-dress/","variable","29500","29500","29500","False","INR",,,"BOTANICA | DRESSES","SIZE: L, M, S, XL, XS, XXL, XXXL | Notes: - | Delivery: Made to order. Delivery takes 4 weeks | Care: Dry Clean Only","Daisy Print Strapless Corset Style Gown With Thread Wire Detailing Material – Chiffon Color – Yellow/Purple NOTE : Please mention your height with heels while placing your order.","","https://saakshakinni.com/wp-content/uploads/2024/08/075_F1.jpg | https://saakshakinni.com/wp-content/uploads/2024/08/075_F2.jpg | https://saakshakinni.com/wp-content/uploads/2024/08/075_F3.jpg | https://saakshakinni.com/wp-content/uploads/2024/08/075_B1.jpg","https://saakshakinni.com/wp-content/uploads/2024/08/075_F1.jpg","0","0"
"20770","Maisy Dress","W4_041_M_R","https://saakshakinni.com/product/maisy-dress/","variable","13000","13000","13000","False","INR",,,"BOTANICA | DRESSES","SIZE: L, M, S, XL, XS, XXL, XXXL | Notes: - | Delivery: Made to order. Delivery takes 4 weeks | Care: Dry Clean Only","Daisy Print, Hand Micro Pleat, High Neck Swing Dress Material – Florence Satin Color – Multi NOTE : Please mention your height with heels while placing your order.","","https://saakshakinni.com/wp-content/uploads/2024/08/074_F1.jpg | https://saakshakinni.com/wp-content/uploads/2024/08/074_F2.jpg | https://saakshakinni.com/wp-content/uploads/2024/08/074_F3.jpg | https://saakshakinni.com/wp-content/uploads/2024/08/074_B1.jpg","https://saakshakinni.com/wp-content/uploads/2024/08/074_F1.jpg","0","0"
"20820","Diana Dress","W4_025_M_R","https://saakshakinni.com/product/diana-dress/","variable","24500","24500","24500","False","INR",,,"BOTANICA | DRESSES","SIZE: L, M, S, XL, XS, XXL, XXXL | Notes: - | Delivery: Made to order. Delivery takes 4 weeks | Care: Dry Clean Only","Daisy Print, Hand Micro Pleat Strapless Midi Dress Material – Chiffon Color – Multi NOTE : Please mention your height with heels while placing your order.","","https://saakshakinni.com/wp-content/uploads/2024/08/089_F1.jpg | https://saakshakinni.com/wp-content/uploads/2024/08/089_F2.jpg | https://saakshakinni.com/wp-content/uploads/2024/08/089_B1.jpg","https://saakshakinni.com/wp-content/uploads/2024/08/089_F1.jpg","0","0"
"20804","Floral Cape, Sass Bustier &#038; Sass Skirt","W4_115_M_R / W4_116_M_R / W4_117_M_R","https://saakshakinni.com/product/floral-cape-sass-bustier-sass-skirt/","variable","9000","9000","9000","False","INR",,,"BOTANICA | BUSTIER | CAPES | SKIRTS","SIZE: L, M, S, XL, XS, XXL, XXXL | SET: Cape, Bustier, Skirt, Full Set | Notes: - | Delivery: Made to order. Delivery takes 4 weeks | Care: Dry Clean Only","CAPE : Tribal Print, Hand Micro Pleat Cape With Intricate Mirror And Thread Work Floral Motif Shoulder Embroidery Material – Chiffon Color – Blue/Multi BUSTIER : Square Neck Bustier With Elasticated Back Material – Satin Color – Blue SKIRT : High Waist Drape Skirt With Side Slit And Ruffle Detailing Material – 100% Satin Color – Blue NOTE : Please mention your height with heels while placing your order.","","https://saakshakinni.com/wp-content/uploads/2024/08/085_F1.jpg | https://saakshakinni.com/wp-content/uploads/2024/08/085_F2.jpg | https://saakshakinni.com/wp-content/uploads/2024/08/085_F3.jpg | https://saakshakinni.com/wp-content/uploads/2024/08/085_B1.jpg","https://saakshakinni.com/wp-content/uploads/2024/08/085_F1.jpg","0","0"
"20791","Mira Dress","W4_094_M_R","https://saakshakinni.com/product/mira-dress-4/","variable","23500","23500","23500","False","INR",,,"BOTANICA | DRESSES","SIZE: L, M, S, XL, XS, XXL, XXXL | Notes: - | Delivery: Made to order. Delivery takes 4 weeks | Care: Dry Clean Only","Daisy Print, Dual Tone, One Shoulder Hand Micro Pleat Dress With Adjustable Drawstring Sleeve And Length Material – Cotton Silk Color – Yellow/Purple NOTE : Please mention your height with heels while placing your order.","","https://saakshakinni.com/wp-content/uploads/2024/08/081_F1.jpg | https://saakshakinni.com/wp-content/uploads/2024/08/081_F2.jpg | https://saakshakinni.com/wp-content/uploads/2024/08/081_B1.jpg","https://saakshakinni.com/wp-content/uploads/2024/08/081_F1.jpg","0","0"
"20786","Hoxton Blouse, Scallop Dupatta &#038; Magnolia Lehenga","W4_103_M_R / W4_104_M_R / W4_105_M_R","https://saakshakinni.com/product/hoxton-blouse-scallop-dupatta-magnolia-lehenga/","variable","8000","8000","8000","False","INR",,,"BOTANICA | BLOUSE | LEHENGA","SIZE: L, M, S, XL, XS, XXL, XXXL | SET: Blouse, Dupatta, Lehenga, Full Set | Notes: - | Delivery: Made to order. Delivery takes 4 weeks | Care: Dry Clean Only","BLOUSE : Intricate Mirror And Thread Work, Hand Embroidered Corset Style Blouse Material – Satin Color – Multi DUPATTA : Daisy Print Scalloped Edge Dupatta Material – Chiffon/ Organza Color – Multi LEHENGA : Daisy Print High Waist Lehenga With Pockets Material – Chanderi Color – Multi NOTE : Please mention your height with heels while placing your order.","","https://saakshakinni.com/wp-content/uploads/2024/08/080_F1.jpg | https://saakshakinni.com/wp-content/uploads/2024/08/080_F2.jpg | https://saakshakinni.com/wp-content/uploads/2024/08/080_F3.jpg | https://saakshakinni.com/wp-content/uploads/2024/08/080_F4.jpg | https://saakshakinni.com/wp-content/uploads/2024/08/080_B1.jpg","https://saakshakinni.com/wp-content/uploads/2024/08/080_F1.jpg","0","0"
"20834","Evie Blazer, Monica Skirt &#038; Sila Corset Belt","W4_062_M_R / W4_063_M_R / W4_098_M_R","https://saakshakinni.com/product/evie-blazer-monica-skirt-sila-corset-belt/","variable","16500","16500","16500","False","INR",,,"BOTANICA | JACKETS | SKIRTS","SIZE: L, M, S, XL, XS, XXL, XXXL | SET: Blazer, Skirt, Corset Belt, Full Set | Notes: - | Delivery: Made to order. Delivery takes 4 weeks | Care: Dry Clean Only","BLAZER : Tribal Print Wide Collared Blazer Material – Mushroom Twill Color – Multi SKIRT : Tribal Print Hand Micro Pleat Maxi Skirt Material – Chiffon Color – Multi CORSET BELT : Intricate Thread And Mirror Hand Embroidered Corset Style Belt Material – Net Color – Multi NOTE : Please mention your height with heels while placing your order.","","https://saakshakinni.com/wp-content/uploads/2024/08/094_F1.jpg | https://saakshakinni.com/wp-content/uploads/2024/08/094_F2.jpg | https://saakshakinni.com/wp-content/uploads/2024/08/094_F3.jpg | https://saakshakinni.com/wp-content/uploads/2024/08/094_B1.jpg","https://saakshakinni.com/wp-content/uploads/2024/08/094_F1.jpg","0","0"
"20830","Bow Dress","W4_118_M_R","https://saakshakinni.com/product/bow-dress/","variable","16500","16500","16500","False","INR",,,"BOTANICA | DRESSES","SIZE: L, M, S, XL, XS, XXL, XXXL | Notes: - | Delivery: Made to order. Delivery takes 4 weeks | Care: Dry Clean Only","Collared Shirt Dress With Intricate Mirror And Thread Work Hand Embroidered Scattered Motifs, Exaggerated Bow Detailing And Deep Neckline Material – Poplin Color – Black NOTE : Please mention your height with heels while placing your order.","","https://saakshakinni.com/wp-content/uploads/2024/08/093_F1.jpg | https://saakshakinni.com/wp-content/uploads/2024/08/093_F3.jpg | https://saakshakinni.com/wp-content/uploads/2024/08/093_F2.jpg | https://saakshakinni.com/wp-content/uploads/2024/08/093_B1.jpg","https://saakshakinni.com/wp-content/uploads/2024/08/093_F1.jpg","0","0"
"19763","Skirt","W3_024_M_R-CS","https://saakshakinni.com/product/skirt-cs-18/","variable","6000","10000","6000","True","INR",,,"SAMPLE SALE","SIZE: L, M, S, XL, XS, XXL, XXXL | SET: Blouse, Skirt, Full Set | Notes: - | Delivery: Made to order. Delivery takes 4 weeks. | Care: Dry clean only.","SKIRT : Marigold And Stripe Print Smocked Skirt With Adjustable Side Zipper Material – Cotton Silk Color – Pink/Orange NOTE : Please mention your height with heels while placing your order.","","https://saakshakinni.com/wp-content/uploads/2023/09/088-F1.jpg | https://saakshakinni.com/wp-content/uploads/2023/09/088-B1.jpg","https://saakshakinni.com/wp-content/uploads/2023/09/088-F1.jpg","0","0"
"19435","Windsor Swim Top &#038; Windsor Swim Bottom","S4_501_M_R / S4_502_M_R","https://saakshakinni.com/product/windsor-swim-top-windsor-swim-bottom/","variable","5500","5500","5500","False","INR",,,"HANA SWIM | CLASSICS | SWIM","SIZE: L, M, S, XL, XS, XXL, XXXL | SET: Swim Top, Swim Bottom, Full Set | Notes: - | Delivery: Made to order. Delivery takes 4 weeks | Care: Hand Wash Cold
Do Not Tumble Dry

Lotion, Sunscreen, Oil And Chlorine Can Cause Discolouration
Please Follow Care Instructions To Keep Your Swimwear In The Best Condition","SWIM TOP : Triangle Shape Swim Top With Quilting And Clasp Back Material – Nylon Color – Black SWIM BOTTOM : High Rise Swim Bottom Material – Nylon Color – Black NOTE : Please mention your height with heels while placing your order.","","https://saakshakinni.com/wp-content/uploads/2024/04/102-F1.jpg | https://saakshakinni.com/wp-content/uploads/2024/04/102-F2.jpg | https://saakshakinni.com/wp-content/uploads/2024/04/102-F3.jpg | https://saakshakinni.com/wp-content/uploads/2024/04/102-B1.jpg","https://saakshakinni.com/wp-content/uploads/2024/04/102-F1.jpg","0","0"
"19455","Raine Swimsuit","S4_510_M_R","https://saakshakinni.com/product/raine-swimsuit/","variable","18500","18500","18500","False","INR",,,"HANA SWIM | CLASSICS | SWIM","SIZE: L, M, S, XL, XS, XXL, XXXL | Notes: - | Delivery: Made to order. Delivery takes 4 weeks | Care: Hand Wash Cold
Do Not Tumble Dry

Lotion, Sunscreen, Oil And Chlorine Can Cause Discolouration
Please Follow Care Instructions To Keep Your Swimwear In The Best Condition","Long Sleeve Surf Suit With Quilting Detailing Material – Nylon Color – Blue NOTE : Please mention your height with heels while placing your order.","","https://saakshakinni.com/wp-content/uploads/2024/04/108-F1.jpg | https://saakshakinni.com/wp-content/uploads/2024/04/108-F2.jpg | https://saakshakinni.com/wp-content/uploads/2024/04/108-F3.jpg | https://saakshakinni.com/wp-content/uploads/2024/04/108-B1.jpg","https://saakshakinni.com/wp-content/uploads/2024/04/108-F1.jpg","0","0"
"19457","Windsor Swim Top, Windsor Swim Bottom &#038; Sienna Skirt","S4_501_M_R / S4_502_M_R / S4_511_M_R","https://saakshakinni.com/product/windsor-swim-top-windsor-swim-bottom-sienna-skirt/","variable","5500","5500","5500","False","INR",,,"HANA SWIM | CLASSICS | SWIM","SIZE: L, M, S, XL, XS, XXL, XXXL | SET: Swim Top, Swim Bottom, Skirt, Full Set | Notes: - | Delivery: Made to order. Delivery takes 4 weeks | Care: Hand Wash Cold
Do Not Tumble Dry

Lotion, Sunscreen, Oil And Chlorine Can Cause Discolouration
Please Follow Care Instructions To Keep Your Swimwear In The Best Condition","SWIM TOP : Triangle Shape Swim Top With Quilting And Clasp Back Material – Nylon Color – Blue SWIM BOTTOM : High Rise Swim Bottom Material – Nylon Color – Ivory SKIRT : Macrame Resort Skirt With Intricate Hand Embroidered Mirrors, Tassles And Thread Work Material – Macrame Color – Black NOTE : Please mention your height with heels while placing your order.","","https://saakshakinni.com/wp-content/uploads/2024/04/109-F1.jpg | https://saakshakinni.com/wp-content/uploads/2024/04/109-F2.jpg | https://saakshakinni.com/wp-content/uploads/2024/04/109-F3.jpg | https://saakshakinni.com/wp-content/uploads/2024/04/109-B1.jpg","https://saakshakinni.com/wp-content/uploads/2024/04/109-F1.jpg","0","0"
"19472","Jasmine Blouse, Windsor Swim Top &#038; Windsor Swim Bottom","S4_078_M_R / S4_501_M_R / S4_502_M_R","https://saakshakinni.com/product/jasmine-blouse-windsor-swim-top-windsor-swim-bottom/","variable","5500","5500","5500","False","INR",,,"HANA SWIM | CLASSICS | SWIM","SIZE: L, M, S, XL, XS, XXL, XXXL | SET: Blouse, Swim Top, Swim Bottom, Full Set | Notes: - | Delivery: Made to order. Delivery takes 4 weeks | Care: Hand Wash Cold
Do Not Tumble Dry

Lotion, Sunscreen, Oil And Chlorine Can Cause Discolouration
Please Follow Care Instructions To Keep Your Swimwear In The Best Condition","BLOUSE : Ikat Inspired Hand Micro Pleat Kaftan Style Blouse With Drawstring Waist And Adjustable Drawstring Sleeves Material – Cotton Silk Color – Blue SWIM TOP : Ikat Inspired Hand Micro Pleat Kaftan Style Blouse With Drawstring Waist And Adjustable Drawstring Sleeves Material – Nylon Color – Black SWIM BOTTOM : Ikat Inspired Hand Micro Pleat Kaftan Style Blouse With Drawstring Waist And Adjustable Drawstring Sleeves Material – Nylon Color – Black NOTE : Please mention your height with heels while placing your order.","","https://saakshakinni.com/wp-content/uploads/2024/04/113-F1.jpg | https://saakshakinni.com/wp-content/uploads/2024/04/113-F2.jpg | https://saakshakinni.com/wp-content/uploads/2024/04/113-F3.jpg | https://saakshakinni.com/wp-content/uploads/2024/04/113-B1.jpg","https://saakshakinni.com/wp-content/uploads/2024/04/113-F1.jpg","0","0"
"19481","Raine Swimsuit &#038; Tallie Swim Bottom","S4_510_M_R / S4_508_M_R","https://saakshakinni.com/product/raine-swimsuit-tallie-swim-bottom/","variable","9500","9500","9500","False","INR",,,"HANA SWIM | CLASSICS | SWIM","SIZE: L, M, S, XL, XS, XXL, XXXL | SET: Swimsuit, Swim Bottom, Full Set | Notes: - | Delivery: Made to order. Delivery takes 4 weeks | Care: Hand Wash Cold
Do Not Tumble Dry

Lotion, Sunscreen, Oil And Chlorine Can Cause Discolouration
Please Follow Care Instructions To Keep Your Swimwear In The Best Condition","SWIMSUIT : Long Sleeve Surf Swimsuit With Quilting Detailing Material – Nylon Color – Blue SWIM BOTTOM : Ikat Inspired Print High Waist Swim Skirt With High Side Slit Material – Satin Color – Blue NOTE : Please mention your height with heels while placing your order.","","https://saakshakinni.com/wp-content/uploads/2024/04/116-F1.jpg | https://saakshakinni.com/wp-content/uploads/2024/04/116-F2.jpg | https://saakshakinni.com/wp-content/uploads/2024/04/116-B1.jpg","https://saakshakinni.com/wp-content/uploads/2024/04/116-F1.jpg","0","0"
"18261","Hannah Dress","S4_001_M_R","https://saakshakinni.com/product/hannah-dress/","variable","25500","25500","25500","False","INR",,,"HANA | CLASSICS | DRESSES","SIZE: L, M, S, XL, XS, XXL, XXXL | Notes: - | Delivery: Made to order. Delivery takes 4 weeks. | Care: Dry clean only.","Ikat Inspired Tiered Effect Flared Maxi Dress With Hand Micro Pleat Bodice And Side Cut Outs Material – Cambric Color – Pink/Red NOTE : Please mention your height with heels while placing your order.","","https://saakshakinni.com/wp-content/uploads/2024/03/001-F1.jpg | https://saakshakinni.com/wp-content/uploads/2024/03/001-F2.jpg | https://saakshakinni.com/wp-content/uploads/2024/03/001-F3.jpg | https://saakshakinni.com/wp-content/uploads/2024/03/001-B1.jpg","https://saakshakinni.com/wp-content/uploads/2024/03/001-F1.jpg","0","0"
"18263","Ballerina Dress","S4_002_M_R","https://saakshakinni.com/product/ballerina-dress/","variable","16500","16500","16500","False","INR",,,"HANA | CLASSICS | DRESSES","SIZE: L, M, S, XL, XS, XXL, XXXL | Notes: - | Delivery: Made to order. Delivery takes 4 weeks. | Care: Dry clean only.","Paisley Inrpired Print Mini Flared Dress With Detachable Belt Material – Habutai Color – Multi NOTE : Please mention your height with heels while placing your order.","","https://saakshakinni.com/wp-content/uploads/2024/03/002-F1.jpg | https://saakshakinni.com/wp-content/uploads/2024/03/002-F2.jpg | https://saakshakinni.com/wp-content/uploads/2024/03/002-F3.jpg | https://saakshakinni.com/wp-content/uploads/2024/03/002-B1.jpg","https://saakshakinni.com/wp-content/uploads/2024/03/002-F1.jpg","0","0"
"18265","Sia Shirt, Blouse &#038; Skort","S4_003_M_R / S4_004_M_R / S4_005_M_R","https://saakshakinni.com/product/sia-shirt-blouse-skort/","variable","10500","10500","10500","False","INR",,,"HANA | BLOUSE | CLASSICS | SHIRT | SHORTS | SKIRTS","SIZE: Free, L, M, S, XL, XS, XXL, XXS, XXXL | SET: Shirt, Blouse, Skort, Full Set | Notes: - | Delivery: Made to order. Delivery takes 4 weeks. | Care: Dry clean only.","SHIRT : Ikat Inspired Collared Batwing Shirt With Sleeve And Waist Tie Ups Material – Cambric Color – Blue/Multi BLOUSE : Ikat Inspired Print Bustier Style Blouse With Adjustable Straps Material – Satin Color – Blue/Multi SKORT : Ikat Inspired Print Skort Material – Cambric Color – Blue/Multi NOTE : Please mention your height with heels while placing your order.","","https://saakshakinni.com/wp-content/uploads/2024/03/003-F1.jpg | https://saakshakinni.com/wp-content/uploads/2024/03/003-F2.jpg | https://saakshakinni.com/wp-content/uploads/2024/03/003-F3.jpg | https://saakshakinni.com/wp-content/uploads/2024/03/003-F4.jpg | https://saakshakinni.com/wp-content/uploads/2024/03/003-F5.jpg | https://saakshakinni.com/wp-content/uploads/2024/03/003-B1.jpg | https://saakshakinni.com/wp-content/uploads/2024/03/003-B2.jpg","https://saakshakinni.com/wp-content/uploads/2024/03/003-F1.jpg","0","0"
"18270","Kinni Dress","S4_006_M_R","https://saakshakinni.com/product/kinni-dress/","variable","22500","22500","22500","False","INR",,,"HANA | CLASSICS | DRESSES","SIZE: L, M, S, XL, XS, XXL, XXXL | Notes: - | Delivery: Made to order. Delivery takes 4 weeks. | Care: Dry clean only.","Solid Black Flared Dress With Pleated Bodice, Balloon Sleeves And Intricate Mirror And Thread Hand Embroidered Motifs Material – Poplin / Chiffon Color – Black NOTE : Please mention your height with heels while placing your order.","","https://saakshakinni.com/wp-content/uploads/2024/03/004-F1.jpg | https://saakshakinni.com/wp-content/uploads/2024/03/004-F2.jpg | https://saakshakinni.com/wp-content/uploads/2024/03/004-F3.jpg | https://saakshakinni.com/wp-content/uploads/2024/03/004-B1.jpg","https://saakshakinni.com/wp-content/uploads/2024/03/004-F1.jpg","0","0"
"18274","Lily Dress","S4_008_M_R","https://saakshakinni.com/product/lily-dress/","variable","22000","22000","22000","False","INR",,,"HANA | CLASSICS | DRESSES","SIZE: L, M, S, XL, XS, XXL, XXXL | Notes: - | Delivery: Made to order. Delivery takes 4 weeks. | Care: Dry clean only.","Ikat Inspired Print Long Sleeve Mini Dress With V Shaped Neck And Hand Pleats Material – Chiffon Color – Blue NOTE : Please mention your height with heels while placing your order.","","https://saakshakinni.com/wp-content/uploads/2024/03/006-F1.jpg | https://saakshakinni.com/wp-content/uploads/2024/03/006-F2.jpg | https://saakshakinni.com/wp-content/uploads/2024/03/006-F3.jpg | https://saakshakinni.com/wp-content/uploads/2024/03/006-B1.jpg","https://saakshakinni.com/wp-content/uploads/2024/03/006-F1.jpg","0","0"
"18272","Chrissy Dress","S4_007_M_R","https://saakshakinni.com/product/chrissy-dress/","variable","30000","30000","30000","False","INR",,,"HANA | CLASSICS | DRESSES","SIZE: L, M, S, XL, XS, XXL, XXXL | Notes: - | Delivery: Made to order. Delivery takes 4 weeks. | Care: Dry clean only.","Floral Print Hand Micro Pleat Maxi Dress With Overlap Bustier Detailing And Noodle Straps Material – Chiffon Color – Ivory/Multi NOTE : Please mention your height with heels while placing your order.","","https://saakshakinni.com/wp-content/uploads/2024/03/005-F1.jpg | https://saakshakinni.com/wp-content/uploads/2024/03/005-F2.jpg | https://saakshakinni.com/wp-content/uploads/2024/03/005-F3.jpg | https://saakshakinni.com/wp-content/uploads/2024/03/005-B1.jpg","https://saakshakinni.com/wp-content/uploads/2024/03/005-F1.jpg","0","0"
"18286","Nala Dress","S4_014_M_R","https://saakshakinni.com/product/nala-dress/","variable","22500","22500","22500","False","INR",,,"HANA | CLASSICS | DRESSES","SIZE: L, M, S, XL, XS, XXL, XXXL | Notes: - | Delivery: Made to order. Delivery takes 4 weeks. | Care: Dry clean only.","Ikat Inspired Print , Part Hand Micro Pleat Maxi Dress With Satin Bustier Material – Satin / Chiffon Color – Blue/Multi NOTE : Please mention your height with heels while placing your order.","","https://saakshakinni.com/wp-content/uploads/2024/03/012-F1.jpg | https://saakshakinni.com/wp-content/uploads/2024/03/012-F2.jpg | https://saakshakinni.com/wp-content/uploads/2024/03/012-F3.jpg | https://saakshakinni.com/wp-content/uploads/2024/03/012-B1.jpg","https://saakshakinni.com/wp-content/uploads/2024/03/012-F1.jpg","0","0"
"18294","Millie Dress","S4_015_M_R-2","https://saakshakinni.com/product/millie-dress/","variable","21000","21000","21000","False","INR",,,"HANA | CLASSICS | DRESSES","SIZE: L, M, S, XL, XS, XXL, XXXL | Notes: - | Delivery: Made to order. Delivery takes 4 weeks. | Care: Dry clean only.","Ikat Print Inspired Hand Micro Pleat, Sweetheart Neck Mini Dress With Knot Detailing Material – Chiffon Color – Pink/Red NOTE : Please mention your height with heels while placing your order.","","https://saakshakinni.com/wp-content/uploads/2024/03/014-F1.jpg | https://saakshakinni.com/wp-content/uploads/2024/03/014-F2.jpg | https://saakshakinni.com/wp-content/uploads/2024/03/014-F3.jpg | https://saakshakinni.com/wp-content/uploads/2024/03/014-B1.jpg","https://saakshakinni.com/wp-content/uploads/2024/03/014-F1.jpg","0","0"
"18298","Annie Dress","S4_018_M_R","https://saakshakinni.com/product/annie-dress-2/","variable","26500","26500","26500","False","INR",,,"HANA | CLASSICS | DRESSES","SIZE: L, M, S, XL, XS, XXL, XXXL | Notes: - | Delivery: Made to order. Delivery takes 4 weeks. | Care: Dry clean only.","Flared Midi Dress With Balloon Sleeves, Wrap Style Bodice And Intricate Mirror And Thread Work Hand Embroidered, Smocked Sleeves Material – Cambric / Poplin Color – White NOTE : Please mention your height with heels while placing your order.","Flared midi dress with balloon sleeves, wrap style bodice and intricate mirror and thread work hand embroidered, smocked sleeves","https://saakshakinni.com/wp-content/uploads/2024/03/016-F1.jpg | https://saakshakinni.com/wp-content/uploads/2024/03/016-F2.jpg | https://saakshakinni.com/wp-content/uploads/2024/03/016-F3.jpg | https://saakshakinni.com/wp-content/uploads/2024/03/016-B1.jpg","https://saakshakinni.com/wp-content/uploads/2024/03/016-F1.jpg","0","0"
"18308","Kathy Dress","S4_022_M_R","https://saakshakinni.com/product/kathy-dress/","variable","27500","27500","27500","False","INR",,,"HANA | CLASSICS | DRESSES","SIZE: L, M, S, XL, XS, XXL, XXXL | Notes: - | Delivery: Made to order. Delivery takes 4 weeks. | Care: Dry clean only.","Ikat Inspired Hand Micro Pleat Sari Inspired Kaftan Dress With Adjustable Drawstring Length And Off Shoulder Trail Material – Polyester Color – Pink/Red NOTE : Please mention your height with heels while placing your order.","","https://saakshakinni.com/wp-content/uploads/2024/03/020-F1.jpg | https://saakshakinni.com/wp-content/uploads/2024/03/020-F3.jpg | https://saakshakinni.com/wp-content/uploads/2024/03/020-F2.jpg","https://saakshakinni.com/wp-content/uploads/2024/03/020-F1.jpg","0","0"
"18306","Marilyn Dress","S4_021_M_R","https://saakshakinni.com/product/marilyn-dress/","variable","19500","19500","19500","False","INR",,,"HANA | CLASSICS | DRESSES","SIZE: L, M, S, XL, XS, XXL, XXXL | Notes: - | Delivery: Made to order. Delivery takes 4 weeks. | Care: Dry clean only.","Paisley Inspired Print Summer Flared Frock Material – Cambric Color – Multi NOTE : Please mention your height with heels while placing your order.","","https://saakshakinni.com/wp-content/uploads/2024/03/019-F1.jpg | https://saakshakinni.com/wp-content/uploads/2024/03/019-F2.jpg | https://saakshakinni.com/wp-content/uploads/2024/03/019-F3.jpg | https://saakshakinni.com/wp-content/uploads/2024/03/019-B1.jpg","https://saakshakinni.com/wp-content/uploads/2024/03/019-F1.jpg","0","0"
"18300","Sia Shirt &#038; Halsey Skirt","S4_003_M_R / S4_019_M_R","https://saakshakinni.com/product/sia-shirt-halsey-skirt/","variable","11500","11500","11500","False","INR",,,"HANA | CLASSICS | SHIRT | SKIRTS","SIZE: L, M, S, XL, XS, XXL, XXXL | SET: Shirt, Skirt, Full Set | Notes: - | Delivery: Made to order. Delivery takes 4 weeks. | Care: Dry clean only.","SHIRT : Ikat Inspired Print Collared Batwing Sleeve Shirt With Sleeve And Side Tie Ups Material – Cambric Color – Blue/Multi SKIRT : Intricate Mirror And Thread Work Hand Embroidered Mini Skirt With Tassle Hanging Detailing Material – Satin Color – Black NOTE : Please mention your height with heels while placing your order.","","https://saakshakinni.com/wp-content/uploads/2024/03/017-F1.jpg | https://saakshakinni.com/wp-content/uploads/2024/03/017-F2.jpg | https://saakshakinni.com/wp-content/uploads/2024/03/017-B1.jpg","https://saakshakinni.com/wp-content/uploads/2024/03/017-F1.jpg","0","0"
"18324","Mira Dress","S4_030_M_R","https://saakshakinni.com/product/mira-dress-2/","variable","23500","23500","23500","False","INR",,,"HANA | CLASSICS | DRESSES","SIZE: L, M, S, XL, XS, XXL, XXXL | Notes: - | Delivery: Made to order. Delivery takes 4 weeks. | Care: Dry clean only.","Dual Ikat Inspired And Self Print, One Shoulder Hand Micro Pleat Sari Inspired Dress With Adjustable Drawstring Sleeve And Length Material – Cotton Silk Color – Blue NOTE : Please mention your height with heels while placing your order.","","https://saakshakinni.com/wp-content/uploads/2024/03/027-F1.jpg | https://saakshakinni.com/wp-content/uploads/2024/03/027-F2.jpg | https://saakshakinni.com/wp-content/uploads/2024/03/027-F3.jpg | https://saakshakinni.com/wp-content/uploads/2024/03/027-B1.jpg","https://saakshakinni.com/wp-content/uploads/2024/03/027-F1.jpg","0","0"
"18322","Elsa Shirt","S4_029_M_R","https://saakshakinni.com/product/elsa-shirt/","variable","20000","20000","20000","False","INR",,,"HANA | CLASSICS | SHIRT","SIZE: L, M, S, XL, XS, XXL, XXXL | Notes: - | Delivery: Made to order. Delivery takes 4 weeks. | Care: Dry clean only.","Oversized Batwing Sleeve Collared Shirt With Intricate Mirror And Thread Work Hand Embroidered, Smocked Sleeeves With Tie Ups Material – Poplin Color – White NOTE : Please mention your height with heels while placing your order.","","https://saakshakinni.com/wp-content/uploads/2024/03/026-F1.jpg | https://saakshakinni.com/wp-content/uploads/2024/03/026-F2.jpg | https://saakshakinni.com/wp-content/uploads/2024/03/026-F3.jpg | https://saakshakinni.com/wp-content/uploads/2024/03/026-B1.jpg","https://saakshakinni.com/wp-content/uploads/2024/03/026-F1.jpg","0","0"
"18320","Mira Dress","S4_028_M_R","https://saakshakinni.com/product/mira-dress/","variable","23500","23500","23500","False","INR",,,"HANA | CLASSICS | DRESSES","SIZE: L, M, S, XL, XS, XXL, XXXL | Notes: - | Delivery: Made to order. Delivery takes 4 weeks. | Care: Dry clean only.","Floral Print, One Shoulder Hand Micro Pleat Sari Inspired Dress With Adjustable Drawstring Sleeve And Length Material – Cotton Silk Color – Ivory/Multi NOTE : Please mention your height with heels while placing your order.","","https://saakshakinni.com/wp-content/uploads/2024/03/025-F1.jpg | https://saakshakinni.com/wp-content/uploads/2024/03/025-F2.jpg | https://saakshakinni.com/wp-content/uploads/2024/03/025-F4.jpg | https://saakshakinni.com/wp-content/uploads/2024/03/025-F3.jpg | https://saakshakinni.com/wp-content/uploads/2024/03/025-B1.jpg","https://saakshakinni.com/wp-content/uploads/2024/03/025-F1.jpg","0","0"
"18316","Alexa Jumpsuit","S4_026_M_R","https://saakshakinni.com/product/alexa-jumpsuit/","variable","19500","19500","19500","False","INR",,,"HANA | CLASSICS | JUMPSUITS","SIZE: L, M, S, XL, XS, XXL, XXXL | Notes: - | Delivery: Made to order. Delivery takes 4 weeks. | Care: Dry clean only.","Paisley Inspired Halter Neck Jumpsuit With Detachable Belt Material – Satin / Chiffon Color – Ivory/Multi NOTE : Please mention your height with heels while placing your order.","","https://saakshakinni.com/wp-content/uploads/2024/03/023-F1.jpg | https://saakshakinni.com/wp-content/uploads/2024/03/023-F2.jpg | https://saakshakinni.com/wp-content/uploads/2024/03/023-F3.jpg | https://saakshakinni.com/wp-content/uploads/2024/03/023-B1.jpg","https://saakshakinni.com/wp-content/uploads/2024/03/023-F1.jpg","0","0"
"18310","Maya Blouse &#038; Ria Skirt","S4_023_M_R / S4_024_M_R","https://saakshakinni.com/product/maya-blouse-ria-skirt/","variable","13000","13000","13000","False","INR",,,"HANA | BLOUSE | CLASSICS | SKIRTS","SIZE: L, M, S, XL, XS, XXL, XXXL | SET: Blouse, Skirt, Full Set | Notes: - | Delivery: Made to order. Delivery takes 4 weeks. | Care: Dry clean only.","BLOUSE : Smocked Peplum Style Sleeveless Blouse With Intricate Mirror And Thread Hand Embroidered Detailing Material – Poplin Color – Black SKIRT : High Waist Flared Skirt With Centre Button Closure Material – Poplin Color – Black NOTE : Please mention your height with heels while placing your order.","","https://saakshakinni.com/wp-content/uploads/2024/03/021-F1.jpg | https://saakshakinni.com/wp-content/uploads/2024/03/021-F2.jpg | https://saakshakinni.com/wp-content/uploads/2024/03/021-F3.jpg | https://saakshakinni.com/wp-content/uploads/2024/03/021-B1.jpg","https://saakshakinni.com/wp-content/uploads/2024/03/021-F1.jpg","0","0"
"18352","Jennifer Dress","S4_039_M_R","https://saakshakinni.com/product/jennifer-dress/","variable","25000","25000","25000","False","INR",,,"HANA | CLASSICS | DRESSES","SIZE: L, M, S, XL, XS, XXL, XXXL | Notes: - | Delivery: Made to order. Delivery takes 4 weeks. | Care: Dry clean only.","Ikat Inspired Print, Hand Micro Pleat Sleeveless Gown Material – Chiffon / Habutai Color – Pink/Red NOTE : Please mention your height with heels while placing your order.","","https://saakshakinni.com/wp-content/uploads/2024/03/036-F1.jpg | https://saakshakinni.com/wp-content/uploads/2024/03/036-F2.jpg | https://saakshakinni.com/wp-content/uploads/2024/03/036-F3.jpg | https://saakshakinni.com/wp-content/uploads/2024/03/036-B1.jpg","https://saakshakinni.com/wp-content/uploads/2024/03/036-F1.jpg","0","0"
"18346","Malaika Jacket &#038; Trousers","S4_037_M_R / S4_038_M_R","https://saakshakinni.com/product/malaika-jacket-trousers/","variable","10500","10500","10500","False","INR",,,"HANA | CLASSICS | JACKETS | TROUSERS","SIZE: L, M, S, XL, XS, XXL, XXXL | SET: Jacket, Trousers, Full Set | Notes: - | Delivery: Made to order. Delivery takes 4 weeks. | Care: Dry clean only.","JACKET : Paisley Inspired Print Shirt Style Collared Jacket With Detachable Belt Material – Habutai Color – Ivory/Multi TROUSERS : Paisley Print Hi-Rise Trousers Material – Habutai Color – Ivory/Multi NOTE : Please mention your height with heels while placing your order.","","https://saakshakinni.com/wp-content/uploads/2024/03/034-F1.jpg | https://saakshakinni.com/wp-content/uploads/2024/03/034-F2.jpg | https://saakshakinni.com/wp-content/uploads/2024/03/034-F3.jpg | https://saakshakinni.com/wp-content/uploads/2024/03/034-B1.jpg","https://saakshakinni.com/wp-content/uploads/2024/03/034-F1.jpg","0","0"
"18344","Emily Dress","S4_036_M_R","https://saakshakinni.com/product/emily-dress/","variable","15500","15500","15500","False","INR",,,"HANA | CLASSICS | DRESSES","SIZE: L, M, S, XL, XS, XXL, XXXL | Notes: - | Delivery: Made to order. Delivery takes 4 weeks. | Care: Dry clean only.","Denim Midi Flared Dress With Fitted Bodice And Square Neck Material – Denim Color – Blue NOTE : Please mention your height with heels while placing your order.","","https://saakshakinni.com/wp-content/uploads/2024/03/033-F1.jpg | https://saakshakinni.com/wp-content/uploads/2024/03/033-F2.jpg | https://saakshakinni.com/wp-content/uploads/2024/03/033-F3.jpg | https://saakshakinni.com/wp-content/uploads/2024/03/033-B1.jpg","https://saakshakinni.com/wp-content/uploads/2024/03/033-F1.jpg","0","0"
"18342","Jenny Jumpsuit","S4_035_M_R","https://saakshakinni.com/product/jenny-jumpsuit/","variable","16500","16500","16500","False","INR",,,"HANA | CLASSICS | JUMPSUITS","SIZE: L, M, S, XL, XS, XXL, XXXL | Notes: - | Delivery: Made to order. Delivery takes 4 weeks. | Care: Dry clean only.","Ikat Inspired Print Overlap Style Jumpsuit With Detachable Belt And Hand Embroidered Sleeve Tie Ups Material – Habutai Color – Pink/Red NOTE : Please mention your height with heels while placing your order.","","https://saakshakinni.com/wp-content/uploads/2024/03/032-F1.jpg | https://saakshakinni.com/wp-content/uploads/2024/03/032-F2.jpg | https://saakshakinni.com/wp-content/uploads/2024/03/032-F3.jpg | https://saakshakinni.com/wp-content/uploads/2024/03/032-B1.jpg","https://saakshakinni.com/wp-content/uploads/2024/03/032-F1.jpg","0","0"
"18334","Bella Shirt &#038; Skirt","S4_033A_M_R / S4_033B_M_R","https://saakshakinni.com/product/bella-shirt-skirt/","variable","9500","9500","9500","False","INR",,,"HANA | CLASSICS | SHIRT | SKIRTS","SIZE: L, M, S, XL, XS, XXL, XXXL | SET: Shirt, Skirt, Full Set | Notes: - | Delivery: Made to order. Delivery takes 4 weeks. | Care: Dry clean only.","SHIRT : Floral Print Collared Tie Up Shirt Material – Cotton Silk Color – Ivory/Multi SKIRT : Floral Print Hand Micro Pleat Skirt With Adjustable Tie Up Length And Zipper Detailing Material – Cotton Silk Color – Ivory/Multi NOTE : Please mention your height with heels while placing your order.","","https://saakshakinni.com/wp-content/uploads/2024/03/030-F1.jpg | https://saakshakinni.com/wp-content/uploads/2024/03/030-F2.jpg | https://saakshakinni.com/wp-content/uploads/2024/03/030-B1.jpg","https://saakshakinni.com/wp-content/uploads/2024/03/030-F1.jpg","0","0"
"18328","Isla Kaftan","S4_032_M_R","https://saakshakinni.com/product/isla-kaftan/","variable","26500","26500","26500","False","INR",,,"HANA | CLASSICS | KAFTAN","SIZE: L, M, S, XL, XS, XXL, XXXL | Notes: - | Delivery: Made to order. Delivery takes 4 weeks. | Care: Dry clean only.","Paisley Inspired Print Asymmetric One Shoulder Kaftan With Side Tie, Tassle And Dori Detailing Material – Habutai Color – Ivory/Multi NOTE : Please mention your height with heels while placing your order.","","https://saakshakinni.com/wp-content/uploads/2024/03/029-F1.jpg | https://saakshakinni.com/wp-content/uploads/2024/03/029-F2.jpg | https://saakshakinni.com/wp-content/uploads/2024/03/029-F3.jpg | https://saakshakinni.com/wp-content/uploads/2024/03/029-F4.jpg | https://saakshakinni.com/wp-content/uploads/2024/03/029-B1.jpg","https://saakshakinni.com/wp-content/uploads/2024/03/029-F1.jpg","0","0"
"18372","Monica Blouse &#038; Skirt","S4_047_M_R / S4_048_M_R","https://saakshakinni.com/product/monica-blouse-skirt/","variable","15500","15500","15500","False","INR",,,"HANA | BLOUSE | CLASSICS | SKIRTS","SIZE: L, M, S, XL, XS, XXL, XXXL | SET: Blouse, Skirt, Full Set | Notes: - | Delivery: Made to order. Delivery takes 4 weeks. | Care: Dry clean only.","BLOUSE : Floral Print, Hand Micro Pleat Kaftan Style Blouse With Drawtsring Waist And Adjustable Sleeve Material – Cotton Silk Color – Ivory/Multi SKIRT : Floral Print Hand Micro Pleat Maxi Skirt Material – Chiffon Color – Ivory/Multi NOTE : Please mention your height with heels while placing your order.","","https://saakshakinni.com/wp-content/uploads/2024/03/042-F1.jpg | https://saakshakinni.com/wp-content/uploads/2024/03/042-F2.jpg | https://saakshakinni.com/wp-content/uploads/2024/03/042-F3.jpg | https://saakshakinni.com/wp-content/uploads/2024/03/042-B1.jpg","https://saakshakinni.com/wp-content/uploads/2024/03/042-F1.jpg","0","0"
"18368","Ria Blouse &#038; Skirt","S4_046_M_R / S4_024_M_R","https://saakshakinni.com/product/ria-blouse-skirt/","variable","13500","13500","13500","False","INR",,,"HANA | BLOUSE | CLASSICS | SKIRTS","SIZE: L, M, S, XL, XS, XXL, XXXL | SET: Blouse, Skirt, Full Set | Notes: - | Delivery: Made to order. Delivery takes 4 weeks. | Care: Dry clean only.","BLOUSE : Drape Style One Shoulder Balloon Sleeve Blouse With Part Print Bodice And Hanging Drapery Material – Cambric/Poplin/Satin Color – Black/Blue SKIRT : High Waist Flared Skirt With Centre Button Closure Material – Poplin Color – Black NOTE : Please mention your height with heels while placing your order.","","https://saakshakinni.com/wp-content/uploads/2024/03/041-F1.jpg | https://saakshakinni.com/wp-content/uploads/2024/03/041-F2.jpg | https://saakshakinni.com/wp-content/uploads/2024/03/041-B1.jpg","https://saakshakinni.com/wp-content/uploads/2024/03/041-F1.jpg","0","0"
"18366","Dolly Dress","S4_045_M_R","https://saakshakinni.com/product/dolly-dress/","variable","20000","20000","20000","False","INR",,,"HANA | CLASSICS | DRESSES","SIZE: L, M, S, XL, XS, XXL, XXXL | Notes: - | Delivery: Made to order. Delivery takes 4 weeks. | Care: Dry clean only.","Ikat Inspired Print, Side Draped Midi Dress With Adjustable Straps Material – Satin / Chiffon / Cotton Silk Color – Blue/Multi NOTE : Please mention your height with heels while placing your order.","","https://saakshakinni.com/wp-content/uploads/2024/03/040-F1.jpg | https://saakshakinni.com/wp-content/uploads/2024/03/040-F2.jpg | https://saakshakinni.com/wp-content/uploads/2024/03/040-B1.jpg","https://saakshakinni.com/wp-content/uploads/2024/03/040-F1.jpg","0","0"
"18364","Kiara Dress","S4_044_M_R","https://saakshakinni.com/product/kiara-dress/","variable","26000","26000","26000","False","INR",,,"HANA | CLASSICS | DRESSES","SIZE: Free, L, M, S, XL, XS, XXL, XXS, XXXL | Notes: - | Delivery: Made to order. Delivery takes 4 weeks. | Care: Dry clean only.","Ikat Print Inspired, Hand Micro Pleat Maxi Dress Adjustable Straps Material – Chiffon Color – Pink/Red NOTE : Please mention your height with heels while placing your order.","","https://saakshakinni.com/wp-content/uploads/2024/03/039-F1.jpg | https://saakshakinni.com/wp-content/uploads/2024/03/039-F2.jpg | https://saakshakinni.com/wp-content/uploads/2024/03/039-F3.jpg | https://saakshakinni.com/wp-content/uploads/2024/03/039-B1.jpg","https://saakshakinni.com/wp-content/uploads/2024/03/039-F1.jpg","0","0"
"18360","Taloola Blouse &#038; Ria Skirt","S4_042_M_R / S4_024_M_R","https://saakshakinni.com/product/taloola-blouse-ria-skirt/","variable","13500","13500","13500","False","INR",,,"HANA | BLOUSE | CLASSICS | SKIRTS","SIZE: L, M, S, XL, XS, XXL, XXXL | SET: Blouse, Skirt, Full Set | Notes: - | Delivery: Made to order. Delivery takes 4 weeks. | Care: Dry clean only.","BLOUSE : Ikat Inspired Print Cold Shoulder Sleeve Blouse With Hanging Draped Section And Part Hand Micro Pleat Bodice Material – Chiffon / Poplin Color – Blue SKIRT : High Waist Flared Skirt With Centre Button Closure Material – Poplin Color – Black NOTE : Please mention your height with heels while placing your order.","","https://saakshakinni.com/wp-content/uploads/2024/03/038-F1.jpg | https://saakshakinni.com/wp-content/uploads/2024/03/038-F2.jpg | https://saakshakinni.com/wp-content/uploads/2024/03/038-F3.jpg | https://saakshakinni.com/wp-content/uploads/2024/03/038-B1.jpg","https://saakshakinni.com/wp-content/uploads/2024/03/038-F1.jpg","0","0"
"18354","Amy Blouse &#038; Kesha Skirt","S4_040_M_R / S4_041_M_R","https://saakshakinni.com/product/amy-blouse-kesha-skirt/","variable","14500","14500","14500","False","INR",,,"HANA | BLOUSE | CLASSICS | SKIRTS","SIZE: L, M, S, XL, XS, XXL, XXXL | SET: Blouse, Skirt, Full Set | Notes: - | Delivery: Made to order. Delivery takes 4 weeks. | Care: Dry clean only.","BLOUSE : Wrap Style Blouse With Side Tie Up And Intricate Mirror And Thread Work Hand Embroidered Cuffs Material – Habutai Color – Ivory SKIRT : Asymmetric Cocktail Skirt With Zip Detailing And Side Tie Up Material – Silk Satin Color – Ivory NOTE : Please mention your height with heels while placing your order.","","https://saakshakinni.com/wp-content/uploads/2024/03/037-F1.jpg | https://saakshakinni.com/wp-content/uploads/2024/03/037-F2.jpg | https://saakshakinni.com/wp-content/uploads/2024/03/037-F3.jpg | https://saakshakinni.com/wp-content/uploads/2024/03/037-B1.jpg","https://saakshakinni.com/wp-content/uploads/2024/03/037-F1.jpg","0","0"
"18402","Anastasia Dress","S4_060_M_R","https://saakshakinni.com/product/anastasia-dress/","variable","28500","28500","28500","False","INR",,,"HANA | CLASSICS | DRESSES","SIZE: L, M, S, XL, XS, XXL, XXXL | Notes: - | Delivery: Made to order. Delivery takes 4 weeks. | Care: Dry clean only.","Ikat Inspired Print, Part Hand Micro Pleat Gown With Side Ruffle Detailing And In Built Skirt Material – Chiffon / Satin Color – Blue NOTE : Please mention your height with heels while placing your order.","","https://saakshakinni.com/wp-content/uploads/2024/03/050-F1.jpg | https://saakshakinni.com/wp-content/uploads/2024/03/050-F2.jpg | https://saakshakinni.com/wp-content/uploads/2024/03/050-F3.jpg | https://saakshakinni.com/wp-content/uploads/2024/03/050-B1.jpg","https://saakshakinni.com/wp-content/uploads/2024/03/050-F1.jpg","0","0"
"18398","Faye Dress","S4_058_M_R","https://saakshakinni.com/product/faye-dress/","variable","11500","11500","11500","False","INR",,,"HANA | CLASSICS | DRESSES","SIZE: L, M, S, XL, XS, XXL, XXXL | Notes: - | Delivery: Made to order. Delivery takes 4 weeks. | Care: Dry clean only.","Wrap Style Collared Mini Dress With Ikat Inspired Print Placement, Balloon Tie Up Sleeves And Detachable Belt Material – Cambric / Poplin Color – Ivory NOTE : Please mention your height with heels while placing your order.","","https://saakshakinni.com/wp-content/uploads/2024/03/048-F1.jpg | https://saakshakinni.com/wp-content/uploads/2024/03/048-F2.jpg | https://saakshakinni.com/wp-content/uploads/2024/03/048-F3.jpg | https://saakshakinni.com/wp-content/uploads/2024/03/048-B1.jpg","https://saakshakinni.com/wp-content/uploads/2024/03/048-F1.jpg","0","0"
"18394","Nina Blouse &#038; Morgan Skirt","S4_056_M_R / S4_057_M_R","https://saakshakinni.com/product/nina-blouse-morgan-skirt/","variable","12500","12500","12500","False","INR",,,"HANA | BLOUSE | CLASSICS | SKIRTS","SIZE: L, M, S, XL, XS, XXL, XXXL | SET: Blouse, Skirt, Full Set | Notes: - | Delivery: Made to order. Delivery takes 4 weeks. | Care: Dry clean only.","BLOUSE : Ikat Print Inspired Wrap Style Blouse With A Tie Waist And Tie Up Adjustable Sleeves Material – Habutai Color – Blue/Multi SKIRT : Intricate Mirror And Thread Work Hand Embroidered Maxi Skirt With Customisable Side Slits Material – Poplin Color – White NOTE : Please mention your height with heels while placing your order.","","https://saakshakinni.com/wp-content/uploads/2024/03/047-F1.jpg | https://saakshakinni.com/wp-content/uploads/2024/03/047-F2.jpg | https://saakshakinni.com/wp-content/uploads/2024/03/047-F3.jpg | https://saakshakinni.com/wp-content/uploads/2024/03/047-B1.jpg","https://saakshakinni.com/wp-content/uploads/2024/03/047-F1.jpg","0","0"
"18389","Kesha Blouse, Skirt &#038; Cape","S4_053_M_R / S4_054_M_R / S4_055_M_R","https://saakshakinni.com/product/kesha-blouse-skirt-cape-2/","variable","17000","17000","17000","False","INR",,,"HANA | BLOUSE | CAPES | CLASSICS | SKIRTS","SIZE: L, M, S, XL, XS, XXL, XXXL | SET: Blouse, Skirt, Cape, Full Set | Notes: - | Delivery: Made to order. Delivery takes 4 weeks. | Care: Dry clean only.","BLOUSE : Intricate Mirror And Thread Motifs Hand Embroidered Onto A Satin Blouse With Adjustable Straps Material – Satin Color – Black SKIRT : Asymmetric Cocktail Skirt With Zip Detailing And Side Tie Up Material – Silk Satin Color – Black CAPE : Cover Up Cape With Hand Embroidered Mirrors, Thread Work And Tassles Material – Chiffon Color – Black NOTE : Please mention your height with heels while placing your order.","","https://saakshakinni.com/wp-content/uploads/2024/03/046-F1.jpg | https://saakshakinni.com/wp-content/uploads/2024/03/046-F2.jpg | https://saakshakinni.com/wp-content/uploads/2024/03/046-F3.jpg | https://saakshakinni.com/wp-content/uploads/2024/03/046-B1.jpg | https://saakshakinni.com/wp-content/uploads/2024/03/046-B2.jpg","https://saakshakinni.com/wp-content/uploads/2024/03/046-F1.jpg","0","0"
"18387","Jewel Dress","S4_052_M_R","https://saakshakinni.com/product/jewel-dress/","variable","24500","24500","24500","False","INR",,,"HANA | CLASSICS | DRESSES","SIZE: L, M, S, XL, XS, XXL, XXXL | Notes: - | Delivery: Made to order. Delivery takes 4 weeks. | Care: Dry clean only.","Ikat Inspired Print Hand Micro Pleat Halter Neck Maxi Dress With Customisable Keyhole Detailing Material – Chiffon / Satin Color – Pink/Red NOTE : Please mention your height with heels while placing your order.","","https://saakshakinni.com/wp-content/uploads/2024/03/045-F1.jpg | https://saakshakinni.com/wp-content/uploads/2024/03/045-F2.jpg | https://saakshakinni.com/wp-content/uploads/2024/03/045-F4.jpg | https://saakshakinni.com/wp-content/uploads/2024/03/045-F3.jpg | https://saakshakinni.com/wp-content/uploads/2024/03/045-B1.jpg","https://saakshakinni.com/wp-content/uploads/2024/03/045-F1.jpg","0","0"
"18382","Kesha Blouse, Skirt &#038; Cape","S4_050_M_R / S4_041_M_R / S4_051_M_R","https://saakshakinni.com/product/kesha-blouse-skirt-cape/","variable","16500","16500","16500","False","INR",,,"HANA | BLOUSE | CAPES | CLASSICS | SKIRTS","SIZE: L, M, S, XL, XS, XXL, XXXL | SET: Blouse, Skirt, Cape, Full Set | Notes: - | Delivery: Made to order. Delivery takes 4 weeks. | Care: Dry clean only.","BLOUSE : Intricate Mirror And Thread Motifs Hand Embroidered Onto A Satin Blouse With Adjustable Straps Material – Satin Color – Ivory SKIRT : Asymmetric Cocktail Skirt With Zip Detailing And Side Tie Up Material – Silk Satin Color – Ivory CAPE : Cover Up Cape With Hand Embroidered Mirrors, Thread Work And Tassles Material – Chiffon Color – Ivory NOTE : Please mention your height with heels while placing your order.","","https://saakshakinni.com/wp-content/uploads/2024/03/044-F1.jpg | https://saakshakinni.com/wp-content/uploads/2024/03/044-F2.jpg | https://saakshakinni.com/wp-content/uploads/2024/03/044-F3.jpg | https://saakshakinni.com/wp-content/uploads/2024/03/044-B1.jpg","https://saakshakinni.com/wp-content/uploads/2024/03/044-F1.jpg","0","0"
"18432","Anna Dress","S4_067_M_R","https://saakshakinni.com/product/anna-dress/","variable","26500","26500","26500","False","INR",,,"HANA | CLASSICS | DRESSES","SIZE: L, M, S, XL, XS, XXL, XXXL | Notes: - | Delivery: Made to order. Delivery takes 4 weeks. | Care: Dry clean only.","Block Print Inspired Maxi Dress With Hand Micro Pleating And Cold Shoulder Sleeves And Noodles Straps Material – Chiffon Color – Multi NOTE : Please mention your height with heels while placing your order.","","https://saakshakinni.com/wp-content/uploads/2024/03/056-F1.jpg | https://saakshakinni.com/wp-content/uploads/2024/03/056-F2.jpg | https://saakshakinni.com/wp-content/uploads/2024/03/056-F3.jpg | https://saakshakinni.com/wp-content/uploads/2024/03/056-B1.jpg","https://saakshakinni.com/wp-content/uploads/2024/03/056-F1.jpg","0","0"
"18428","Tara Blouse &#038; Kesha Skirt","S4_065_M_R / S4_066_M_R","https://saakshakinni.com/product/tara-blouse-kesha-skirt/","variable","12500","12500","12500","False","INR",,,"HANA | CLASSICS | SKIRTS","SIZE: L, M, S, XL, XS, XXL, XXXL | SET: Blouse, Skirt, Full Set | Notes: - | Delivery: Made to order. Delivery takes 4 weeks. | Care: Dry clean only.","BLOUSE : Buttoned Puff Sleeves Blouse With Intricate Mirror And Thread Hand Embroidered Cuffs And Centre Embroidered Tie Up Material – Poplin / Organza Color – Black SKIRT : Asymmetric Gathered Skirt With Zip Detailing And Side Tie Up Material – Denim Color – Black NOTE : Please mention your height with heels while placing your order.","","https://saakshakinni.com/wp-content/uploads/2024/03/055-F1.jpg | https://saakshakinni.com/wp-content/uploads/2024/03/055-F2.jpg | https://saakshakinni.com/wp-content/uploads/2024/03/055-F3.jpg | https://saakshakinni.com/wp-content/uploads/2024/03/055-B1.jpg","https://saakshakinni.com/wp-content/uploads/2024/03/055-F1.jpg","0","0"
"18425","Evelyn Dress","S4_064_M_R","https://saakshakinni.com/product/evelyn-dress/","variable","19500","19500","19500","False","INR",,,"HANA | CLASSICS | DRESSES","SIZE: L, M, S, XL, XS, XXL, XXXL | Notes: - | Delivery: Made to order. Delivery takes 4 weeks. | Care: Dry clean only.","Ikat Inspired Print Wrap Style Assymetric Dress With Attached Belt And Belt Ring, And Sleeve Tie Ups Material – Habutai Color – Pink/Red NOTE : Please mention your height with heels while placing your order.","","https://saakshakinni.com/wp-content/uploads/2024/03/054-F1.jpg | https://saakshakinni.com/wp-content/uploads/2024/03/054-F2.jpg | https://saakshakinni.com/wp-content/uploads/2024/03/054-F3.jpg | https://saakshakinni.com/wp-content/uploads/2024/03/054-B1.jpg","https://saakshakinni.com/wp-content/uploads/2024/03/054-F1.jpg","0","0"
"18423","Sasha Kaftan","S4_063_M_R","https://saakshakinni.com/product/sasha-kaftan/","variable","17500","17500","17500","False","INR",,,"HANA | CLASSICS | KAFTAN","SIZE: L, M, S, XL, XS, XXL, XXXL | Notes: - | Delivery: Made to order. Delivery takes 4 weeks. | Care: Dry clean only.","Ikat Print Inspired Kaftan With A Drawstring Waist, Adjustable Drawstring Sleeves And Customisable Side Slits Material – Cotton Silk Color – Blue/Multi NOTE : Please mention your height with heels while placing your order.","","https://saakshakinni.com/wp-content/uploads/2024/03/053-F1.jpg | https://saakshakinni.com/wp-content/uploads/2024/03/053-F2.jpg | https://saakshakinni.com/wp-content/uploads/2024/03/053-F3.jpg | https://saakshakinni.com/wp-content/uploads/2024/03/053-B1.jpg","https://saakshakinni.com/wp-content/uploads/2024/03/053-F1.jpg","0","0"
"18421","Alison Dress","S4_062_M_R","https://saakshakinni.com/product/alison-dress/","variable","25000","25000","25000","False","INR",,,"HANA | CLASSICS | DRESSES","SIZE: L, M, S, XL, XS, XXL, XXXL | Notes: - | Delivery: Made to order. Delivery takes 4 weeks. | Care: Dry clean only.","Ikat Inspired Print, One Shoulder Asymmetric Gown With Hand Pleated Bodice And Embroidered Sleeve Tie Up Material – Satin / Chiffon Color – Blue NOTE : Please mention your height with heels while placing your order.","","https://saakshakinni.com/wp-content/uploads/2024/03/052-F1.jpg | https://saakshakinni.com/wp-content/uploads/2024/03/052-F2.jpg | https://saakshakinni.com/wp-content/uploads/2024/03/052-B1.jpg","https://saakshakinni.com/wp-content/uploads/2024/03/052-F1.jpg","0","0"
"18417","Olivia Shirt &#038; Morgan Skirt","S4_061_M_R / S4_057_M_R","https://saakshakinni.com/product/olivia-shirt-morgan-skirt/","variable","13000","13000","13000","False","INR",,,"HANA | CLASSICS | SHIRT | SKIRTS","SIZE: L, M, S, XL, XS, XXL, XXXL | SET: Shirt, Skirt, Full Set | Notes: - | Delivery: Made to order. Delivery takes 4 weeks. | Care: Dry clean only.","SHIRT : Two Way Collared Shirt With Intricate Mirror And Thread Work Hand Embroidered Cuffs With Mirror Tie Ups Material – Poplin Color – White SKIRT : Intricate Mirror And Thread Work Hand Embroidered Maxi Skirt With Customisable Side Slits Material – Poplin Color – White NOTE : Please mention your height with heels while placing your order.","","https://saakshakinni.com/wp-content/uploads/2024/03/051-F3.jpg | https://saakshakinni.com/wp-content/uploads/2024/03/051-F2.jpg | https://saakshakinni.com/wp-content/uploads/2024/03/051-F1.jpg | https://saakshakinni.com/wp-content/uploads/2024/03/051-B2.jpg | https://saakshakinni.com/wp-content/uploads/2024/03/051-B1.jpg","https://saakshakinni.com/wp-content/uploads/2024/03/051-F3.jpg","0","0"
"18454","Alice Blouse &#038; Morgan Skirt","S4_075_M_R / S4_057_M_R","https://saakshakinni.com/product/alice-blouse-morgan-skirt/","variable","13500","13500","13500","False","INR",,,"HANA | BLOUSE | CLASSICS | SKIRTS","SIZE: L, M, S, XL, XS, XXL, XXXL | SET: Blouse, Skirt, Full Set | Notes: - | Delivery: Made to order. Delivery takes 4 weeks. | Care: Dry clean only.","BLOUSE : Ikat Inspired Print, Hand Micro Pleat Cross Over Style Blouse With Tie Up Balloon Sleeves Material – Chiffon / Cotton Silk Color – Blue/Multi SKIRT : Intricate Mirror And Thread Work Hand Embroidered Maxi Skirt With Customisable Side Slits Material – Poplin Color – White NOTE : Please mention your height with heels while placing your order.","","https://saakshakinni.com/wp-content/uploads/2024/03/063-F1.jpg | https://saakshakinni.com/wp-content/uploads/2024/03/063-F2.jpg | https://saakshakinni.com/wp-content/uploads/2024/03/063-B1.jpg","https://saakshakinni.com/wp-content/uploads/2024/03/063-F1.jpg","0","0"
"18450","Molly Dress","S4_073_M_R","https://saakshakinni.com/product/molly-dress/","variable","21500","21500","21500","False","INR",,,"HANA | CLASSICS | DRESSES","SIZE: L, M, S, XL, XS, XXL, XXXL | Notes: - | Delivery: Made to order. Delivery takes 4 weeks. | Care: Dry clean only.","Intricate Hand Embroidered Party Dress With Mirror And Thread Work Paisley Motifs Material – Poplin Color – Black NOTE : Please mention your height with heels while placing your order.","","https://saakshakinni.com/wp-content/uploads/2024/03/061-F1.jpg | https://saakshakinni.com/wp-content/uploads/2024/03/061-F2.jpg | https://saakshakinni.com/wp-content/uploads/2024/03/061-F3.jpg | https://saakshakinni.com/wp-content/uploads/2024/03/061-B1.jpg","https://saakshakinni.com/wp-content/uploads/2024/03/061-F1.jpg","0","0"
"18448","Mira Dress","S4_072_M_R","https://saakshakinni.com/product/mira-dress-3/","variable","23500","23500","23500","False","INR",,,"HANA | CLASSICS | DRESSES","SIZE: L, M, S, XL, XS, XXL, XXXL | Notes: - | Delivery: Made to order. Delivery takes 4 weeks. | Care: Dry clean only.","Ikat Print Inspired, One Shoulder Hand Micro Pleat Sari Inspired Dress With Adjustable Drawstring Sleeve And Length Material – Cotton Silk Color – Blue/Multi NOTE : Please mention your height with heels while placing your order.","","https://saakshakinni.com/wp-content/uploads/2024/03/060-F1.jpg | https://saakshakinni.com/wp-content/uploads/2024/03/060-F2.jpg | https://saakshakinni.com/wp-content/uploads/2024/03/060-F3.jpg | https://saakshakinni.com/wp-content/uploads/2024/03/060-B1.jpg","https://saakshakinni.com/wp-content/uploads/2024/03/060-F1.jpg","0","0"
"18442","Sonam Dress","S4_070_M_R","https://saakshakinni.com/product/sonam-dress/","variable","17500","17500","17500","False","INR",,,"HANA | CLASSICS | DRESSES","SIZE: L, M, S, XL, XS, XXL, XXXL | Notes: - | Delivery: Made to order. Delivery takes 4 weeks. | Care: Dry clean only.","Ikat Print Inspired Dress With Tie Up Sleeves And Button Closure Material – Organza Sleeves/Chanderi Body Color – Pink/Red Slip Provided Material – Organza Sleeves/Chanderi Body Color – Pink/Red NOTE : Please mention your height with heels while placing your order.","","https://saakshakinni.com/wp-content/uploads/2024/03/058-F1.jpg | https://saakshakinni.com/wp-content/uploads/2024/03/058-F2.jpg | https://saakshakinni.com/wp-content/uploads/2024/03/058-F3.jpg | https://saakshakinni.com/wp-content/uploads/2024/03/058-B1.jpg","https://saakshakinni.com/wp-content/uploads/2024/03/058-F1.jpg","0","0"
"18472","Hailey Bodysuit &#038; Sasha Jeans","S4_082_M_R / S4_077_M_R","https://saakshakinni.com/product/hailey-bodysuit-sasha-jeans/","variable","13500","13500","13500","False","INR",,,"HANA | BODYSUIT | CLASSICS | JEANS","SIZE: L, M, S, XL, XS, XXL, XXXL | SET: Bodysuit, Jeans, Full Set | Notes: - | Delivery: Made to order. Delivery takes 4 weeks. | Care: Dry clean only.","BODYSUIT : Denim Zip Up Bodysuit With Quilt Detailing Material – Denim Color – Blue JEANS : Mid Rise Flared Jeans With Exaggerated Stitch Pocket Detailing Material – Denim Color – Blue NOTE : Please mention your height with heels while placing your order.","","https://saakshakinni.com/wp-content/uploads/2024/03/068-F1.jpg | https://saakshakinni.com/wp-content/uploads/2024/03/068-F2.jpg | https://saakshakinni.com/wp-content/uploads/2024/03/068-F3.jpg | https://saakshakinni.com/wp-content/uploads/2024/03/068-F4.jpg | https://saakshakinni.com/wp-content/uploads/2024/03/068-B1.jpg","https://saakshakinni.com/wp-content/uploads/2024/03/068-F1.jpg","0","0"
"18468","Lara Bralette &#038; Lara Sari","S4_080_M_R / S4_081_M_R","https://saakshakinni.com/product/lara-bralette-lara-sari/","variable","12500","12500","12500","False","INR",,,"HANA | BRALETTE | CLASSICS | SARI","SIZE: L, M, S, XL, XS, XXL, XXXL | SET: Bralette, Sari, Full Set | Notes: - | Delivery: Made to order. Delivery takes 4 weeks. | Care: Dry clean only.","BRALETTE : Denim Quilted Infinity Bralette Material – Denim Color – Blue SARI : Denim Zip Detailed Sari Material – Denim Color – Blue NOTE : Please mention your height with heels while placing your order.","","https://saakshakinni.com/wp-content/uploads/2024/03/067-F1.jpg | https://saakshakinni.com/wp-content/uploads/2024/03/067-F3.jpg | https://saakshakinni.com/wp-content/uploads/2024/03/067-F2.jpg | https://saakshakinni.com/wp-content/uploads/2024/03/067-B1.jpg","https://saakshakinni.com/wp-content/uploads/2024/03/067-F1.jpg","0","0"
"18464","Jasmine Blouse &#038; Tilly Shorts","S4_078_M_R / S4_079_M_R","https://saakshakinni.com/product/jasmine-blouse-tilly-short/","variable","16500","16500","16500","False","INR",,,"HANA | BLOUSE | CLASSICS | SHORTS","SIZE: L, M, S, XL, XS, XXL, XXXL | SET: Blouse, Shorts, Full Set | Notes: - | Delivery: Made to order. Delivery takes 4 weeks. | Care: Dry clean only.","BLOUSE : Ikat Inspired Hand Micro Pleat Kaftan Style Blouse With Drawstring Waist And Adjustable Drawstring Sleeves Material – Cotton Silk Color – Multi SHORTS : High Waist Intricate Mirror And Thread Work Embroidered Shorts Material – Denim Color – White NOTE : Please mention your height with heels while placing your order.","","https://saakshakinni.com/wp-content/uploads/2024/03/066-F1.jpg | https://saakshakinni.com/wp-content/uploads/2024/03/066-F2.jpg | https://saakshakinni.com/wp-content/uploads/2024/03/066-B1.jpg","https://saakshakinni.com/wp-content/uploads/2024/03/066-F1.jpg","0","0"
"18460","Tara Blouse &#038; Sasha Jeans","S4_065_M_R / S4_077_M_R","https://saakshakinni.com/product/tara-blouse-sasha-jeans/","variable","12500","12500","12500","False","INR",,,"HANA | BLOUSE | CLASSICS | JEANS","SIZE: L, M, S, XL, XS, XXL, XXXL | SET: Blouse, Jeans, Full Set | Notes: - | Delivery: Made to order. Delivery takes 4 weeks. | Care: Dry clean only.","BLOUSE : Buttoned Blouse Puff Sleeves Blouse With Intricate Mirror And Thread Hand Embroidered Cuffs And Centre Embroidered Tie Up Material – Poplin / Organza Color – Black JEANS : Mid Rise Flared Jeans With Exaggerated Stitch Pocket Detailing Material – Denim Color – Blue NOTE : Please mention your height with heels while placing your order.","","https://saakshakinni.com/wp-content/uploads/2024/03/065-F1.jpg | https://saakshakinni.com/wp-content/uploads/2024/03/065-F2.jpg | https://saakshakinni.com/wp-content/uploads/2024/03/065-B1.jpg","https://saakshakinni.com/wp-content/uploads/2024/03/065-F1.jpg","0","0"
"18458","Ella Dress","S4_076_M_R","https://saakshakinni.com/product/ella-dress/","variable","13500","13500","13500","False","INR",,,"HANA | CLASSICS | DRESSES","SIZE: L, M, S, XL, XS, XXL, XXXL | Notes: - | Delivery: Made to order. Delivery takes 4 weeks. | Care: Dry clean only.","Pailsey Inspired Collared Shirt Dress Ewith Floor Length Button Closure And Detachable Belt Material – Satin Color – Ivory/Multi NOTE : Please mention your height with heels while placing your order.","","https://saakshakinni.com/wp-content/uploads/2024/03/064-F3.jpg | https://saakshakinni.com/wp-content/uploads/2024/03/064-F2.jpg | https://saakshakinni.com/wp-content/uploads/2024/03/064-F1.jpg | https://saakshakinni.com/wp-content/uploads/2024/03/064-B1.jpg","https://saakshakinni.com/wp-content/uploads/2024/03/064-F3.jpg","0","0"
"18494","Lara Bralette &#038; Jeans","S4_080_M_R / S4_089_M_R","https://saakshakinni.com/product/lara-bralette-jeans/","variable","12500","12500","12500","False","INR",,,"HANA | BRALETTE | CLASSICS | JEANS","SIZE: L, M, S, XL, XS, XXL, XXXL | SET: Bralette, Jeans, Full Set | Notes: - | Delivery: Made to order. Delivery takes 4 weeks. | Care: Dry clean only.","BRALETTE : Denim Quilted Infinity Bralette Material – Denim Color – Blue JEANS : Mid Rise Flared Jeans With Stitch Detailing Material – Denim Color – Blue NOTE : Please mention your height with heels while placing your order.","","https://saakshakinni.com/wp-content/uploads/2024/03/074-F1.jpg | https://saakshakinni.com/wp-content/uploads/2024/03/074-F2.jpg | https://saakshakinni.com/wp-content/uploads/2024/03/074-F3.jpg | https://saakshakinni.com/wp-content/uploads/2024/03/074-B1.jpg","https://saakshakinni.com/wp-content/uploads/2024/03/074-F1.jpg","0","0"
"18490","Cara Jacket &#038; Halsey Sari","S4_087_M_R / S4_088_M_R","https://saakshakinni.com/product/cara-jacket-halsey-sari/","variable","26000","26000","26000","False","INR",,,"HANA | CLASSICS | JACKETS | SARI","SIZE: L, M, S, XL, XS, XXL, XXXL | SET: Jacket, Sari, Full Set | Notes: - | Delivery: Made to order. Delivery takes 4 weeks. | Care: Dry clean only.","JACKET : Intricate Mirror, Thread Work And Tassle Hand Embroidered Jacket With Belt Tie Up Sleeves Material – Denim Color – Multi SARI : Dhoti Style Skirt With Sari Drape Material – Silk Satin Color – Black NOTE : Please mention your height with heels while placing your order.","","https://saakshakinni.com/wp-content/uploads/2024/03/073-F1.jpg | https://saakshakinni.com/wp-content/uploads/2024/03/073-F2.jpg | https://saakshakinni.com/wp-content/uploads/2024/03/073-F3.jpg | https://saakshakinni.com/wp-content/uploads/2024/03/073-F4.jpg | https://saakshakinni.com/wp-content/uploads/2024/03/073-B1.jpg","https://saakshakinni.com/wp-content/uploads/2024/03/073-F1.jpg","0","0"
"18486","Sia Shirt &#038; Morgan Skirt","S4_068_M_R / S4_057_M_R","https://saakshakinni.com/product/sia-shirt-morgan-skirt/","variable","17500","17500","17500","False","INR",,,"HANA | CLASSICS | SHIRT | SKIRTS","SIZE: L, M, S, XL, XS, XXL, XXXL | SET: Shirt, Skirt, Full Set | Notes: - | Delivery: Made to order. Delivery takes 4 weeks. | Care: Dry clean only.","SHIRT : Ikat Inspired Print Collared Batwing Sleeve Shirt With Sleeve And Side Tie Ups Material – Cambric Color – Pink/Red SKIRT : Intricate Mirror And Thread Work Hand Embroidered Maxi Skirt With Customisable Side Slits Material – Poplin Color – White NOTE : Please mention your height with heels while placing your order.","","https://saakshakinni.com/wp-content/uploads/2024/03/072-F1.jpg | https://saakshakinni.com/wp-content/uploads/2024/03/072-F2.jpg | https://saakshakinni.com/wp-content/uploads/2024/03/072-F3.jpg | https://saakshakinni.com/wp-content/uploads/2024/03/072-B1.jpg","https://saakshakinni.com/wp-content/uploads/2024/03/072-F1.jpg","0","0"
"18482","Tina Blouse &#038; Lara Sari","S4_085_M_R / S4_086_M_R","https://saakshakinni.com/product/tina-blouse-lara-sari/","variable","18500","18500","18500","False","INR",,,"HANA | BLOUSE | CLASSICS | SARI","SIZE: L, M, S, XL, XS, XXL, XXXL | SET: Blouse, Sari, Full Set | Notes: - | Delivery: Made to order. Delivery takes 4 weeks. | Care: Dry clean only.","BLOUSE : Intricate Mirror And Thread Embroidered Blouse With Keyhole Side Detailing Material – Satin Color – Blue/Black SARI : Zip Detailed Sari Material – Silk Satin Color – Blue NOTE : Please mention your height with heels while placing your order.","","https://saakshakinni.com/wp-content/uploads/2024/03/071-F1.jpg | https://saakshakinni.com/wp-content/uploads/2024/03/071-F2.jpg | https://saakshakinni.com/wp-content/uploads/2024/03/071-F3.jpg | https://saakshakinni.com/wp-content/uploads/2024/03/071-B1.jpg","https://saakshakinni.com/wp-content/uploads/2024/03/071-F1.jpg","0","0"
"17180","Blazer &#038; Dress","W3_033_M_R / W3_032_M_R-2","https://saakshakinni.com/product/blazer-dress-5/","variable","25000","25000","25000","False","INR",,,"CELEB","SIZE: L, M, S, XL, XS, XXL, XXXL | SET: Blazer, Dress, Full Set | Notes: - | Delivery: Made to order. Delivery takes 4 weeks. | Care: Dry clean only.","BLAZER : Periwinkle Bandhani Print Blazer Material – Satin Color – Multi DRESS : Periwinkle Bandhani Print Mini Dress With Hand Pleated Detailing Material – Chiffon Color – Multi NOTE : Please mention your height with heels while placing your order.","","https://saakshakinni.com/wp-content/uploads/2023/11/su-01.jpg | https://saakshakinni.com/wp-content/uploads/2023/11/su-02.jpg | https://saakshakinni.com/wp-content/uploads/2023/11/su-03.jpg | https://saakshakinni.com/wp-content/uploads/2023/11/su-04.jpg | https://saakshakinni.com/wp-content/uploads/2023/11/su-05.jpg | https://saakshakinni.com/wp-content/uploads/2023/09/009-F1.jpg | https://saakshakinni.com/wp-content/uploads/2023/09/009-B1.jpg","https://saakshakinni.com/wp-content/uploads/2023/11/su-01.jpg","0","0"
"16409","Coat &#038; Dress","W3_042_M_R / W3_014_M_R","https://saakshakinni.com/product/coat-dress/","variable","19500","19500","19500","False","INR",,,"CELEB","SIZE: L, M, S, XL, XS, XXL, XXXL | SET: Shirt Coat, Dress, Full Set | Notes: - | Delivery: Made to order. Delivery takes 4 weeks. | Care: Dry clean only.","SHIRT COAT : Periwinkle Bandhani Print Long Shirt Style Jacket Material – Satin Color – Ivory DRESS : Periwinkle Bandhani Print Summer Frock Dress With Noodle Straps Material – Cambric (100% Cotton) Color – Multi NOTE : Please mention your height with heels while placing your order.","","https://saakshakinni.com/wp-content/uploads/2023/10/sk-23-10-02.jpg | https://saakshakinni.com/wp-content/uploads/2023/10/sk-23-10-01.jpg | https://saakshakinni.com/wp-content/uploads/2023/09/065-F1.jpg | https://saakshakinni.com/wp-content/uploads/2023/09/065-B1.jpg | https://saakshakinni.com/wp-content/uploads/2023/09/016-F1.jpg | https://saakshakinni.com/wp-content/uploads/2023/09/016-B1.jpg","https://saakshakinni.com/wp-content/uploads/2023/10/sk-23-10-02.jpg","0","0"
"15577","Shirt &#038; Skirt","W3_001_M_R / W3_002_M_R","https://saakshakinni.com/product/shirt-skirt-6/","variable","11500","11500","11500","False","INR",,,"ÉCLAT | CLASSICS | SHIRT | SKIRTS","SIZE: L, M, S, XL, XS, XXL, XXXL | SET: Shirt, Skirt, Full Set | Notes: - | Delivery: Made to order. Delivery takes 4 weeks. | Care: Dry clean only.","SHIRT : Periwnkle Bandhani Print Batwing Shirt With 3/4 Sleeves Material – Cambric (100% Cotton) Color – Ivory/Multi SKIRT : Periwinkle Bandhani Print Smocked Skirt With Adjustable Zipper Detailing Material – Cotton Silk Color – Ivory/Multi NOTE : Please mention your height with heels while placing your order.","","https://saakshakinni.com/wp-content/uploads/2023/09/002-F1.jpg | https://saakshakinni.com/wp-content/uploads/2023/09/002-B1.jpg","https://saakshakinni.com/wp-content/uploads/2023/09/002-F1.jpg","0","0"
"15589","Sari Dress","W3_029_M_R","https://saakshakinni.com/product/sari-dress-38/","variable","23500","23500","23500","False","INR",,,"ÉCLAT | CLASSICS | DRESSES","SIZE: L, M, S, XL, XS, XXL, XXXL | Notes: - | Delivery: Made to order. Delivery takes 4 weeks. | Care: Dry clean only.","Perinwinkle Bandhani Print, Hand Micro Pleated Sari Style Dress With Adjustable Sleeve And Length Material – Cotton Silk Color – Yellow NOTE : Please mention your height with heels while placing your order.","","https://saakshakinni.com/wp-content/uploads/2023/09/005-F1.jpg | https://saakshakinni.com/wp-content/uploads/2023/09/005-B1.jpg","https://saakshakinni.com/wp-content/uploads/2023/09/005-F1.jpg","0","0"
"15591","Dress","W3_005_M_R","https://saakshakinni.com/product/dress-85/","variable","19000","19000","19000","False","INR",,,"ÉCLAT | CLASSICS | DRESSES","SIZE: L, M, S, XL, XS, XXL, XXXL | Notes: - | Delivery: Made to order. Delivery takes 4 weeks. | Care: Dry clean only.","Periwinkle Bandhani Print Halter Style Maxi Dress Material – Satin Color – Peach/Multi NOTE : Please mention your height with heels while placing your order.","","https://saakshakinni.com/wp-content/uploads/2023/09/006-F1.jpg | https://saakshakinni.com/wp-content/uploads/2023/09/006-B1.jpg","https://saakshakinni.com/wp-content/uploads/2023/09/006-F1.jpg","0","0"
"15597","Bodysuit &#038; Jeans","W3_098_M_R / W3_004_M_R","https://saakshakinni.com/product/bodysuit-jeans-5/","variable","13500","13500","13500","False","INR",,,"ÉCLAT | BODYSUIT | CLASSICS | JEANS","SIZE: L, M, S, XL, XS, XXL, XXXL | SET: Bodysuit, Jeans, Full Set | Notes: - | Delivery: Made to order. Delivery takes 4 weeks. | Care: Dry clean only.","BODYSUIT : Intricate Mirror, Tassle And Thread Work Hand Embroidered Net Bodysuit With Cutout Detailing Material – Net Color – Black JEANS : Flared Low-Rise Jeans Material – Denim Color – Dark Blue NOTE : Please mention your height with heels while placing your order.","","https://saakshakinni.com/wp-content/uploads/2023/09/007-F1.jpg | https://saakshakinni.com/wp-content/uploads/2023/09/007-B1.jpg","https://saakshakinni.com/wp-content/uploads/2023/09/007-F1.jpg","0","0"
"15601","Dress","W3_021_M_R","https://saakshakinni.com/product/dress-112/","variable","24500","24500","24500","False","INR",,,"ÉCLAT | CLASSICS | DRESSES","SIZE: L, M, S, XL, XS, XXL, XXXL | Notes: - | Delivery: Made to order. Delivery takes 4 weeks. | Care: Dry clean only.","Bandhani Placement Print, Hand Micro Pleated Asymmetric Maxi Dress With Adjustable Straps Material – Chiffon Color – Red/Ivory NOTE : Please mention your height with heels while placing your order.","","https://saakshakinni.com/wp-content/uploads/2023/09/008-F1.jpg | https://saakshakinni.com/wp-content/uploads/2023/09/008-B1.jpg","https://saakshakinni.com/wp-content/uploads/2023/09/008-F1.jpg","0","0"
"15603","Blazer &#038; Dress","W3_033_M_R / W3_032_M_R","https://saakshakinni.com/product/blazer-dress-2/","variable","25000","25000","25000","False","INR",,,"ÉCLAT | CLASSICS | COAT | DRESSES","SIZE: L, M, S, XL, XS, XXL, XXXL | SET: Blazer, Dress, Full Set | Notes: - | Delivery: Made to order. Delivery takes 4 weeks. | Care: Dry clean only.","BLAZER : Periwinkle Bandhani Print Blazer Material – Satin Color – Multi DRESS : Periwinkle Bandhani Print Mini Dress With Hand Pleated Detailing Material – Chiffon Color – Multi NOTE : Please mention your height with heels while placing your order.","","https://saakshakinni.com/wp-content/uploads/2023/09/009-F1.jpg | https://saakshakinni.com/wp-content/uploads/2023/09/009-B1.jpg","https://saakshakinni.com/wp-content/uploads/2023/09/009-F1.jpg","0","0"
"15607","Dress","W3_032_M_R_2","https://saakshakinni.com/product/dress-113/","variable","25000","25000","25000","False","INR",,,"ÉCLAT | CLASSICS | DRESSES","SIZE: L, M, S, XL, XS, XXL, XXXL | Notes: - | Delivery: Made to order. Delivery takes 4 weeks. | Care: Dry clean only.","Periwinkle Bandhani Print Mini Dress With Hand Pleated Detailing Material – Chiffon Color – Multi NOTE : Please mention your height with heels while placing your order.","","https://saakshakinni.com/wp-content/uploads/2023/09/010-F1.jpg | https://saakshakinni.com/wp-content/uploads/2023/09/010-B1.jpg","https://saakshakinni.com/wp-content/uploads/2023/09/010-F1.jpg","0","0"
"15617","Dress","W3_037_M_R","https://saakshakinni.com/product/dress-116/","variable","25500","25500","25500","False","INR",,,"ÉCLAT | CLASSICS | DRESSES","SIZE: L, M, S, XL, XS, XXL, XXXL | Notes: - | Delivery: Made to order. Delivery takes 4 weeks. | Care: Dry clean only.","Dual Periwinkle Bandhani And Solid Hand Micro Pleated Halter Neck Dress With Keyhole Detailing And Adjustable Length Material – 100% Silk / Cotton Silk Color – Blue/Ivory NOTE : Please mention your height with heels while placing your order.","","https://saakshakinni.com/wp-content/uploads/2023/09/014-F1.jpg | https://saakshakinni.com/wp-content/uploads/2023/09/014-B1.jpg","https://saakshakinni.com/wp-content/uploads/2023/09/014-F1.jpg","0","0"
"15623","Dress","W3_014_M_R","https://saakshakinni.com/product/dress-117/","variable","19500","19500","19500","False","INR",,,"ÉCLAT | CLASSICS | DRESSES","SIZE: L, M, S, XL, XS, XXL, XXXL | Notes: - | Delivery: Made to order. Delivery takes 4 weeks. | Care: Dry clean only.","Periwinkle Bandhani Print Summer Frock Dress With Noodle Straps Material – Cambric (100% Cotton) Color – Multi NOTE : Please mention your height with heels while placing your order.","","https://saakshakinni.com/wp-content/uploads/2023/09/016-F1.jpg | https://saakshakinni.com/wp-content/uploads/2023/09/016-B1.jpg","https://saakshakinni.com/wp-content/uploads/2023/09/016-F1.jpg","0","0"
"15665","Bodysuit &#038; Jeans","W3_107_M_R / W3_004_M_R","https://saakshakinni.com/product/bodysuit-jeans-6/","variable","13500","13500","13500","False","INR",,,"ÉCLAT | BODYSUIT | CLASSICS | JEANS","SIZE: L, M, S, XL, XS, XXL, XXXL | SET: Bodysuit, Jeans, Full Set | Notes: - | Delivery: Made to order. Delivery takes 4 weeks. | Care: Dry clean only.","BODYSUIT : Periwinkle Bandhani Print, Intricate Mirror, Tassle And Thread Work Hand Embroidered Bodysuit Material – Satin Color – Multi JEANS : Flared Low-Rise Jeans Material – Denim Color – Dark Blue NOTE : Please mention your height with heels while placing your order.","","https://saakshakinni.com/wp-content/uploads/2023/09/029-F1.jpg | https://saakshakinni.com/wp-content/uploads/2023/09/029-B1.jpg","https://saakshakinni.com/wp-content/uploads/2023/09/029-F1.jpg","0","0"
"15703","Dress","W3_059_M_R","https://saakshakinni.com/product/dress-127/","variable","35500","35500","35500","False","INR",,,"ÉCLAT | CLASSICS | DRESSES","SIZE: L, M, S, XL, XS, XXL, XXXL | Notes: - | Delivery: Made to order. Delivery takes 4 weeks. | Care: Dry clean only.","Paisley Print, Hand Micro Pleated 2 Tier Maxi Dress With Fitted Body And Adjustable Straps Material – Chiffon Color – Ivory NOTE : Please mention your height with heels while placing your order.","","https://saakshakinni.com/wp-content/uploads/2023/09/040-F1.jpg | https://saakshakinni.com/wp-content/uploads/2023/09/040-B1.jpg","https://saakshakinni.com/wp-content/uploads/2023/09/040-F1.jpg","0","0"
"15697","Dress","W3_107_M_R_2","https://saakshakinni.com/product/dress-126/","variable","40000","40000","40000","False","INR",,,"ÉCLAT | CLASSICS | DRESSES","SIZE: L, M, S, XL, XS, XXL, XXXL | Notes: - | Delivery: Made to order. Delivery takes 4 weeks. | Care: Dry clean only.","Intricate Hand Embroidered Mirror And Thread Work Panelled Mini Dress Material – Satin Color – Multi NOTE : Please mention your height with heels while placing your order.","","https://saakshakinni.com/wp-content/uploads/2023/09/038-F1.jpg | https://saakshakinni.com/wp-content/uploads/2023/09/038-B1.jpg","https://saakshakinni.com/wp-content/uploads/2023/09/038-F1.jpg","0","0"
"15693","Dress","W3_048_M_R","https://saakshakinni.com/product/dress-124/","variable","26000","26000","26000","False","INR",,,"ÉCLAT | CLASSICS | DRESSES","SIZE: L, M, S, XL, XS, XXL, XXXL | Notes: - | Delivery: Made to order. Delivery takes 4 weeks. | Care: Dry clean only.","Periwinkle Bandhani Print, Hand Micro Pleated Maxi Dress With Adjustable Straps Material – Chiffon Color – Peach NOTE : Please mention your height with heels while placing your order.","","https://saakshakinni.com/wp-content/uploads/2023/09/036-F1.jpg | https://saakshakinni.com/wp-content/uploads/2023/09/036-F2.jpg | https://saakshakinni.com/wp-content/uploads/2023/09/036-B1.jpg","https://saakshakinni.com/wp-content/uploads/2023/09/036-F1.jpg","0","0"
"15681","Gown","W3_055_M_R","https://saakshakinni.com/product/gown-11/","variable","39500","39500","39500","False","INR",,,"ÉCLAT | CLASSICS | DRESSES","SIZE: L, M, S, XL, XS, XXL, XXXL | Notes: - | Delivery: Made to order. Delivery takes 4 weeks. | Care: Dry clean only.","Periwinkle Bandhani Print Multi Layered Strapless Gown Material – Chiffon Color – Yellow NOTE : Please mention your height with heels while placing your order.","","https://saakshakinni.com/wp-content/uploads/2023/09/034-F1.jpg | https://saakshakinni.com/wp-content/uploads/2023/09/034-B1.jpg","https://saakshakinni.com/wp-content/uploads/2023/09/034-F1.jpg","0","0"
"15677","Dress","W3_092_P_R","https://saakshakinni.com/product/dress-123/","variable","24500","24500","24500","False","INR",,,"ÉCLAT | CLASSICS | DRESSES","SIZE: L, M, S, XL, XS, XXL, XXXL | Notes: - | Delivery: Made to order. Delivery takes 4 weeks. | Care: Dry clean only.","Periwinkle Bandhani Print, Hand Micro Pleated Overlap Style Sleeveless Maxi Dress With Adjustable Side Length, And Keyhole Detailing Material – Cotton Silk Color – Peach NOTE : Please mention your height with heels while placing your order.","","https://saakshakinni.com/wp-content/uploads/2023/09/032-F1.jpg | https://saakshakinni.com/wp-content/uploads/2023/09/032-B1.jpg","https://saakshakinni.com/wp-content/uploads/2023/09/032-F1.jpg","0","0"
"15735","Dress","W3_089_P_R","https://saakshakinni.com/product/dress-132/","variable","29000","29000","29000","False","INR",,,"ÉCLAT | CLASSICS | DRESSES","SIZE: Free, L, M, S, XL, XS, XXL, XXXL | Notes: - | Delivery: Made to order. Delivery takes 4 weeks. | Care: Dry clean only.","Periwinkle Bandhani Print, Hand Micro Pleated Cross Over Bustier Maxi Dress With Adjustable Straps Material – Chiffon Color – Ivory NOTE : Please mention your height with heels while placing your order.","","https://saakshakinni.com/wp-content/uploads/2023/09/051-F1.jpg | https://saakshakinni.com/wp-content/uploads/2023/09/051-B1.jpg","https://saakshakinni.com/wp-content/uploads/2023/09/051-F1.jpg","0","0"
"15723","Gown","W3_109_M_R","https://saakshakinni.com/product/gown-12/","variable","31500","31500","31500","False","INR",,,"ÉCLAT | CLASSICS | DRESSES","SIZE: L, M, S, XL, XS, XXL, XXXL | Notes: - | Delivery: Made to order. Delivery takes 4 weeks. | Care: Dry clean only.","Part Hand Micro Pleated, Asymmetric And Draped Crimson Gown With Intricate Mirror, Thread And Cutwork Hand Embroidered Detailing, And Thigh High Slit Material – Chiffon Color – Crimson NOTE : Please mention your height with heels while placing your order.","","https://saakshakinni.com/wp-content/uploads/2023/09/046-F1.jpg | https://saakshakinni.com/wp-content/uploads/2023/09/046-B1.jpg","https://saakshakinni.com/wp-content/uploads/2023/09/046-F1.jpg","0","0"
"15716","Jumpsuit","W3_082_M_R","https://saakshakinni.com/product/jumpsuit-7/","variable","16500","16500","16500","False","INR",,,"ÉCLAT | CLASSICS | JUMPSUITS","SIZE: L, M, S, XL, XS, XXL, XXXL | Notes: - | Delivery: Made to order. Delivery takes 4 weeks. | Care: Dry clean only.","Periwinkle Bandhani Print Sleeveless Jumpsuit With Detachable Belt Material – Satin Color – Ivory NOTE : Please mention your height with heels while placing your order.","","https://saakshakinni.com/wp-content/uploads/2023/09/044-F1.jpg | https://saakshakinni.com/wp-content/uploads/2023/09/044-B1.jpg","https://saakshakinni.com/wp-content/uploads/2023/09/044-F1.jpg","0","0"
"15770","Jacket &#038; Dress","W3_099_M_R / W3_100_M_R","https://saakshakinni.com/product/jacket-dress-2/","variable","26500","26500","26500","False","INR",,,"ÉCLAT | CLASSICS | COAT | DRESSES","SIZE: L, M, S, XL, XS, XXL, XXXL | SET: Jacket, Dress, Full Set | Notes: - | Delivery: Made to order. Delivery takes 4 weeks. | Care: Dry clean only.","JACKET : Intricate All-Over Mirror And Thread Work, Paisley Motif, Hand Embroidered Jacket Material – Satin Color – Multi DRESS : Intricate Hand Embroidered Mirror And Thread Work Panelled Mini Dress Material – Satin / Net Color – Multi NOTE : Please mention your height with heels while placing your order.","","https://saakshakinni.com/wp-content/uploads/2023/09/092-F1.jpg | https://saakshakinni.com/wp-content/uploads/2023/09/092-B1.jpg","https://saakshakinni.com/wp-content/uploads/2023/09/092-F1.jpg","0","0"
"15768","Dress","W3_015_M_R","https://saakshakinni.com/product/dress-133/","variable","20000","20000","20000","False","INR",,,"ÉCLAT | CLASSICS | DRESSES","SIZE: L, M, S, XL, XS, XXL, XXXL | Notes: - | Delivery: Made to order. Delivery takes 4 weeks. | Care: Dry clean only.","Periwinkle Bandhani Print, Side Draped Midi Dress With Adjustable Straps Material – Satin / Cotton Silk Color – Peach/Multi NOTE : Please mention your height with heels while placing your order.","","https://saakshakinni.com/wp-content/uploads/2023/09/060-F1.jpg | https://saakshakinni.com/wp-content/uploads/2023/09/060-B1.jpg","https://saakshakinni.com/wp-content/uploads/2023/09/060-F1.jpg","0","0"
"15766","Kaftan","W3_012_M_R_3","https://saakshakinni.com/product/kaftan-12/","variable","26500","26500","26500","False","INR",,,"ÉCLAT | CLASSICS | KAFTAN","SIZE: L, M, S, XL, XS, XXL, XXXL | Notes: - | Delivery: Made to order. Delivery takes 4 weeks. | Care: Dry clean only.","Marigold Bandhani Print Asymmetric Kaftan With Side Slit And Hand Embroidered Mirror And Thread Work Neckline Detailing Material – 100% Silk Color – Pink/Orange NOTE : Please mention your height with heels while placing your order.","","https://saakshakinni.com/wp-content/uploads/2023/09/059-F1.jpg | https://saakshakinni.com/wp-content/uploads/2023/09/059-B1.jpg","https://saakshakinni.com/wp-content/uploads/2023/09/059-F1.jpg","0","0"
"15758","Blazer &#038; Jeans","W3_112_M_R / W3_004_M_R","https://saakshakinni.com/product/blazer-jeans-2/","variable","13500","13500","13500","False","INR",,,"ÉCLAT | CLASSICS | COAT | JEANS","SIZE: L, M, S, XL, XS, XXL, XXXL | SET: Blazer, Jeans, Full Set | Notes: - | Delivery: Made to order. Delivery takes 4 weeks. | Care: Dry clean only.","BLAZER : Intricate Mirror, Tassle And Thread Work Hand Embroidered, One Shoulder Blazer Material – Satin Color – Black JEANS : Flared Low-Rise Jeans Material – Denim Color – Dark Blue NOTE : Please mention your height with heels while placing your order.","","https://saakshakinni.com/wp-content/uploads/2023/09/057-F1.jpg | https://saakshakinni.com/wp-content/uploads/2023/09/057-F2.jpg","https://saakshakinni.com/wp-content/uploads/2023/09/057-F1.jpg","0","0"
"15810","Blazer Dress","W3_104_M_R_2","https://saakshakinni.com/product/blazer-dress-4/","variable","24500","24500","24500","False","INR",,,"ÉCLAT | CLASSICS | COAT | DRESSES","SIZE: L, M, S, XL, XS, XXL, XXXL | Notes: - | Delivery: Made to order. Delivery takes 4 weeks. | Care: Dry clean only.","Boxy Denim Blazer Dress With Rouched Sleeves And Intricate Mirror, Thread Work And Tassle Hand Embroidered Shoulder Panels Material – Denim Color – Dark Blue NOTE : Please mention your height with heels while placing your order.","","https://saakshakinni.com/wp-content/uploads/2023/09/071-F1.jpg | https://saakshakinni.com/wp-content/uploads/2023/09/071-F2.jpg | https://saakshakinni.com/wp-content/uploads/2023/09/071-B1.jpg","https://saakshakinni.com/wp-content/uploads/2023/09/071-F1.jpg","0","0"
"15808","Kaftan","W3_070_M_R","https://saakshakinni.com/product/kaftan-13/","variable","17500","17500","17500","False","INR",,,"ÉCLAT | CLASSICS | KAFTAN","SIZE: L, M, S, XL, XS, XXL, XXXL | Notes: - | Delivery: Made to order. Delivery takes 4 weeks. | Care: Dry clean only.","Periwinkle Bandhani Print Kaftan With A Drawstring Waist, Adjustable Drawstring Sleeves And Customisable Side Slits Material – Cotton Silk Color – Ivory NOTE : Please mention your height with heels while placing your order.","","https://saakshakinni.com/wp-content/uploads/2023/09/070-F1.jpg | https://saakshakinni.com/wp-content/uploads/2023/09/070-B1.jpg","https://saakshakinni.com/wp-content/uploads/2023/09/070-F1.jpg","0","0"
"15803","Cape, Bustier &#038; Skirt","W3_072_M_R / W3_073_M_R / W3_074_M_R","https://saakshakinni.com/product/cape-bustier-skirt-5/","variable","11500","11500","11500","False","INR",,,"ÉCLAT | BUSTIER | CAPES | CLASSICS | SKIRTS","SIZE: L, M, S, XL, XS, XXL, XXXL | SET: Cape, Bustier, Skirt, Full Set | Notes: - | Delivery: Made to order. Delivery takes 4 weeks. | Care: Dry clean only.","CAPE : Bandhani Placement Print Maxi Batwing Cape Material – Chiffon Color – Maroon /Ivory BUSTIER : Intricate Mirrors And Thread Embroidered Bustier With Adjustable Straps Material – Satin Color – Maroon SKIRT : Draped Assymetric Skirt With Zipper Detailing Material – 100% Silk Color – Maroon NOTE : Please mention your height with heels while placing your order.","","https://saakshakinni.com/wp-content/uploads/2023/09/069-F1.jpg | https://saakshakinni.com/wp-content/uploads/2023/09/069-F2.jpg | https://saakshakinni.com/wp-content/uploads/2023/09/069-B1.jpg | https://saakshakinni.com/wp-content/uploads/2023/09/069-B2.jpg","https://saakshakinni.com/wp-content/uploads/2023/09/069-F1.jpg","0","0"
"15858","Shirt &#038; Skirt","W3_010_M_R / W3_011_M_R","https://saakshakinni.com/product/shirt-skirt-10/","variable","15500","15500","15500","False","INR",,,"ÉCLAT | CLASSICS | SHIRT | SKIRTS","SIZE: L, M, S, XL, XS, XXL, XXXL | SET: Shirt, Skirt, Full Set | Notes: - | Delivery: Made to order. Delivery takes 4 weeks. | Care: Dry clean only.","SHIRT : Floral Print Batwing Shirt Material – 100% Silk Color – Ivory SKIRT : Hand Micro Pleat Skirt With Zipper Detailing Material – Polyester Color – Black NOTE : Please mention your height with heels while placing your order.","","https://saakshakinni.com/wp-content/uploads/2023/09/085-F1.jpg | https://saakshakinni.com/wp-content/uploads/2023/09/085-B1.jpg","https://saakshakinni.com/wp-content/uploads/2023/09/085-F1.jpg","0","0"
"15838","Dress","W3_051_M_R","https://saakshakinni.com/product/dress-136/","variable","15500","15500","15500","False","INR",,,"ÉCLAT | CLASSICS | DRESSES","SIZE: L, M, S, XL, XS, XXL, XXXL | Notes: - | Delivery: Made to order. Delivery takes 4 weeks. | Care: Dry clean only.","Periwinkle Bandhani Print V Neck Column Dress With Detachable Belt Material – Satin Color – Ivory NOTE : Please mention your height with heels while placing your order.","","https://saakshakinni.com/wp-content/uploads/2023/09/078-F1.jpg | https://saakshakinni.com/wp-content/uploads/2023/09/078-B1.jpg","https://saakshakinni.com/wp-content/uploads/2023/09/078-F1.jpg","0","0"
"15882","Dress","W3_100_M_R_2","https://saakshakinni.com/product/dress-140/","variable","26500","26500","26500","False","INR",,,"ÉCLAT | CLASSICS | DRESSES","SIZE: Free, L, M, S, XL, XS, XXL, XXXL | Notes: - | Delivery: Made to order. Delivery takes 4 weeks. | Care: Dry clean only.","Intricate Hand Embroidered Mirror And Thread Work Panelled Mini Dress Material – Satin / Net Color – Multi NOTE : Please mention your height with heels while placing your order.","","https://saakshakinni.com/wp-content/uploads/2023/09/093-F1.jpg | https://saakshakinni.com/wp-content/uploads/2023/09/093-B1.jpg","https://saakshakinni.com/wp-content/uploads/2023/09/093-F1.jpg","0","0"
"15866","Sari Dress","W3_115_M_R","https://saakshakinni.com/product/sari-dress-39/","variable","26000","26000","26000","False","INR",,,"ÉCLAT | CLASSICS | DRESSES | SARI","SIZE: L, M, S, XL, XS, XXL, XXXL | Notes: - | Delivery: Made to order. Delivery takes 4 weeks. | Care: Dry clean only.","Periwinkle Bandhani Print Two Shoulder, Hand Micro Pleated Sari Style Dress With Adjsytable Sleeves And Length Material – Cotton Silk Color – Peach NOTE : Please mention your height with heels while placing your order.","","https://saakshakinni.com/wp-content/uploads/2023/09/087-F1.jpg | https://saakshakinni.com/wp-content/uploads/2023/09/087-B1.jpg","https://saakshakinni.com/wp-content/uploads/2023/09/087-F1.jpg","0","0"
"15043","Shirt &#038; Trousers","S3_018_M_R / S3_019_M_R-2","https://saakshakinni.com/product/shirt-trousers-31/","variable","15000","15000","15000","False","INR",,,"CELEB | CELEBS SPECTRA","SIZE: L, M, S, XL, XS, XXL, XXXL | SET: Shirt, Trousers, Full Set | Notes: - | Delivery: Made to order. Delivery takes 4 weeks. | Care: Dry clean only.","SHIRT : Batwing Sleeve Abstract Floral Print Oversized Shirt Material – Cambric (100% Cotton) Color – Multi TROUSERS : Abstract Floral Print Trousers Material – Cambric (100% Cotton) Color – Multi NOTE : Please mention your height with heels while placing your order.","","https://saakshakinni.com/wp-content/uploads/2023/07/pc-23-7-01-e1688726364321.jpg | https://saakshakinni.com/wp-content/uploads/2023/03/013-F1.jpg | https://saakshakinni.com/wp-content/uploads/2023/03/013-F2.jpg | https://saakshakinni.com/wp-content/uploads/2023/03/013-B1.jpg | https://saakshakinni.com/wp-content/uploads/2023/07/pc-23-7-02-e1688726292222.jpg","https://saakshakinni.com/wp-content/uploads/2023/07/pc-23-7-01-e1688726364321.jpg","0","0"
"13878","Jacket","S3_098_M_R-2","https://saakshakinni.com/product/jacket-2/","variable","81000","81000","81000","False","INR",,,"CELEB | CELEBS SPECTRA","SIZE: L, M, S, XL, XS, XXL, XXXL | Notes: - | Delivery: Made to order. Delivery takes 4 weeks. | Care: Dry clean only.","Intricate Hand Embroidered Mirrors, Tassle And Thread Work Jacket Material – Denim Color – Black NOTE : Please mention your height with heels while placing your order.","","https://saakshakinni.com/wp-content/uploads/2023/04/081_SK_03.jpg | https://saakshakinni.com/wp-content/uploads/2023/04/081_SK_02.jpg | https://saakshakinni.com/wp-content/uploads/2023/04/081_SK_01.jpg | https://saakshakinni.com/wp-content/uploads/2023/04/081_SK_04.jpg | https://saakshakinni.com/wp-content/uploads/2023/04/081_SK_08.jpg | https://saakshakinni.com/wp-content/uploads/2023/03/081-F1.jpg | https://saakshakinni.com/wp-content/uploads/2023/03/081-B1.jpg | https://saakshakinni.com/wp-content/uploads/2023/04/081_SK_07.jpg | https://saakshakinni.com/wp-content/uploads/2023/04/081_SK_06.jpg","https://saakshakinni.com/wp-content/uploads/2023/04/081_SK_03.jpg","0","0"
"13732","Cape, Bustier &#038; Skirt","S3_021_M_R / S3_008_M_R / S3_023_P_R","https://saakshakinni.com/product/cape-bustier-skirt-4/","variable","21500","13500","13500","False","INR",,,"CELEB | CELEBS SPECTRA","SIZE: L, M, S, XL, XS, XXL, XXXL | SET: Cape, Bustier, Skirt, Full Set | Notes: - | Delivery: Made to order. Delivery takes 4 weeks. | Care: Dry clean only.","CAPE : Abstract Floral Placement Print Cape Material – Chiffon Color – Ivory BUSTIER : Intricate Mirror, Tassels And Thread Work Hand Embroidered Blouse Material – Cotton Silk Color – Ivory SKIRT : Draped Asymmetric Skirt With Zipper Detailing Material – 100% Silk Color – Ivory NOTE : Please mention your height with heels while placing your order.","","https://saakshakinni.com/wp-content/uploads/2023/03/087_F1.jpg | https://saakshakinni.com/wp-content/uploads/2023/03/087_F4.jpg | https://saakshakinni.com/wp-content/uploads/2023/03/087_F2.jpg | https://saakshakinni.com/wp-content/uploads/2023/03/087_F3.jpg | https://saakshakinni.com/wp-content/uploads/2023/03/087_F5.jpg | https://saakshakinni.com/wp-content/uploads/2023/03/087_F6.jpg","https://saakshakinni.com/wp-content/uploads/2023/03/087_F1.jpg","0","0"
"13374","Gown","S3_001_M_R","https://saakshakinni.com/product/gown/","variable","30500","30500","30500","False","INR",,,"SPECTRA | CLASSICS | DRESSES","SIZE: L, M, S, XL, XS, XXL, XXXL | Notes: - | Delivery: Made to order. Delivery takes 4 weeks. | Care: Dry clean only.","Abstract Floral Print Hand Micro Pleated Strapless Gown Material – Chiffon Color – Black/Multi NOTE : Please mention your height with heels while placing your order.","","https://saakshakinni.com/wp-content/uploads/2023/03/001-F1.jpg | https://saakshakinni.com/wp-content/uploads/2023/03/001-B1.jpg","https://saakshakinni.com/wp-content/uploads/2023/03/001-F1.jpg","0","0"
"13386","Shirt &#038; Jeans","S3_004_M_R / S3_005_M_R","https://saakshakinni.com/product/shirt-jeans-2/","variable","13500","13500","13500","False","INR",,,"SPECTRA | CLASSICS | JEANS | SHIRT","SIZE: L, M, S, XL, XS, XXL, XXXL | SET: Shirt, Jeans, Full Set | Notes: - | Delivery: Made to order. Delivery takes 4 weeks. | Care: Dry clean only.","SHIRT : Batwing Oversized Shirt With Intricate Mirror And Thread Hand Embroidered Motif Material – Cambric (100% Cotton) Color – Black JEANS : Two Tone High Waist Jeans Material – Denim Color – Blue NOTE : Please mention your height with heels while placing your order.","","https://saakshakinni.com/wp-content/uploads/2023/03/003-F1.jpg | https://saakshakinni.com/wp-content/uploads/2023/03/003-F2.jpg | https://saakshakinni.com/wp-content/uploads/2023/03/003-F3.jpg | https://saakshakinni.com/wp-content/uploads/2023/03/003-B1.jpg","https://saakshakinni.com/wp-content/uploads/2023/03/003-F1.jpg","0","0"
"13395","Blouse &#038; Lehenga","S3_008_M_R / S3_009_M_R","https://saakshakinni.com/product/blouse-lehenga-6/","variable","21500","21500","21500","False","INR",,,"SPECTRA | BLOUSE | CLASSICS | LEHENGA","SIZE: L, M, S, XL, XS, XXL, XXXL | SET: Blouse, Lehenga, Full Set | Notes: - | Delivery: Made to order. Delivery takes 4 weeks. | Care: Dry clean only.","BLOUSE : Intricate Mirror, Tassles And Thread Work Hand Embroidered Blouse Material – Cotton Silk Color – Ivory LEHENGA : Abstract Floral Print Lehenga Material – Chanderi Silk Color – Multi NOTE : Please mention your height with heels while placing your order.","","https://saakshakinni.com/wp-content/uploads/2023/03/005-F1.jpg | https://saakshakinni.com/wp-content/uploads/2023/03/005-F2.jpg | https://saakshakinni.com/wp-content/uploads/2023/03/005-B1.jpg","https://saakshakinni.com/wp-content/uploads/2023/03/005-F1.jpg","0","0"
"13399","Sari Dress","S3_010_M_R","https://saakshakinni.com/product/sari-dress-40/","variable","23500","23500","23500","False","INR",,,"SPECTRA | CLASSICS | DRESSES","SIZE: L, M, S, XL, XS, XXL, XXXL | Notes: - | Delivery: Made to order. Delivery takes 4 weeks. | Care: Dry clean only.","Abstract Floral Print, Hand Micro Pleated Sari Dress With Adjustable Drawstring Sleeve And Length Material – Cotton Silk Color – Black NOTE : Please mention your height with heels while placing your order.","","https://saakshakinni.com/wp-content/uploads/2023/03/006-F1.jpg | https://saakshakinni.com/wp-content/uploads/2023/03/006-B1.jpg","https://saakshakinni.com/wp-content/uploads/2023/03/006-F1.jpg","0","0"
"13403","Kaftan","S3_012_P_R","https://saakshakinni.com/product/kaftan-9/","variable","26500","26500","26500","False","INR",,,"SPECTRA | CLASSICS | KAFTAN","SIZE: L, M, S, XL, XS, XXL, XXXL | Notes: - | Delivery: Made to order. Delivery takes 4 weeks. | Care: Dry clean only.","Abstract Floral Print Hand Micro Pleated Kaftan Dress With Intricate Mirror And Thread Hand Embroidered Neckline Material – Pure Color – Ivory NOTE : Please mention your height with heels while placing your order.","","https://saakshakinni.com/wp-content/uploads/2023/03/008-F1.jpg | https://saakshakinni.com/wp-content/uploads/2023/03/008-F2.jpg | https://saakshakinni.com/wp-content/uploads/2023/03/008-B1.jpg","https://saakshakinni.com/wp-content/uploads/2023/03/008-F1.jpg","0","0"
"13407","Dress","S3_014_M_R","https://saakshakinni.com/product/dress-88/","variable","26000","26000","26000","False","INR",,,"SPECTRA | CLASSICS | DRESSES","SIZE: L, M, S, XL, XS, XXL, XXXL | Notes: - | Delivery: Made to order. Delivery takes 4 weeks. | Care: Dry clean only.","Abstract Floral Print Handn Micro Pleated Maxi Dress With Adjustable Straps Material – Chiffon Color – Multi NOTE : Please mention your height with heels while placing your order.","","https://saakshakinni.com/wp-content/uploads/2023/03/010-F1.jpg | https://saakshakinni.com/wp-content/uploads/2023/03/010-B1.jpg","https://saakshakinni.com/wp-content/uploads/2023/03/010-F1.jpg","0","0"
"13413","Kaftan","S3_017_M_R","https://saakshakinni.com/product/kaftan-10/","variable","17500","17500","17500","False","INR",,,"SPECTRA | CLASSICS | KAFTAN","SIZE: L, M, S, XL, XS, XXL, XXXL | Notes: - | Delivery: Made to order. Delivery takes 4 weeks. | Care: Dry clean only.","Abstract Print Kaftan With Adjustable Drawstring Sleeves And Customisable Side Slits Material – Cotton Silk Color – Multi NOTE : Please mention your height with heels while placing your order.","","https://saakshakinni.com/wp-content/uploads/2023/03/012-F1.jpg | https://saakshakinni.com/wp-content/uploads/2023/03/012-F2.jpg | https://saakshakinni.com/wp-content/uploads/2023/03/012-B1.jpg","https://saakshakinni.com/wp-content/uploads/2023/03/012-F1.jpg","0","0"
"13415","Shirt &#038; Trousers","S3_018_M_R / S3_019_M_R","https://saakshakinni.com/product/shirt-trousers-24/","variable","13500","13500","13500","False","INR",,,"SPECTRA | CLASSICS | SHIRT | TROUSERS","SIZE: L, M, S, XL, XS, XXL, XXXL | SET: Shirt, Trousers, Full Set | Notes: - | Delivery: Made to order. Delivery takes 4 weeks. | Care: Dry clean only.","SHIRT : Batwing Sleeve Abstract Floral Print Oversized Shirt Material – Cambric (100% Cotton) Color – Multi TROUSERS : Abstract Floral Print Trousers Material – Cambric (100% Cotton) Color – Multi NOTE : Please mention your height with heels while placing your order.","","https://saakshakinni.com/wp-content/uploads/2023/03/013-F1.jpg | https://saakshakinni.com/wp-content/uploads/2023/03/013-F2.jpg | https://saakshakinni.com/wp-content/uploads/2023/03/013-B1.jpg | https://saakshakinni.com/wp-content/uploads/2023/07/pc-23-7-02-e1688726292222.jpg | https://saakshakinni.com/wp-content/uploads/2023/07/pc-23-7-01-e1688726364321.jpg","https://saakshakinni.com/wp-content/uploads/2023/03/013-F1.jpg","0","0"
"13441","Dress","S3_030_M_R","https://saakshakinni.com/product/dress-95/","variable","24500","24500","24500","False","INR",,,"SPECTRA | CLASSICS | DRESSES","SIZE: L, M, S, XL, XS, XXL, XXXL | Notes: - | Delivery: Made to order. Delivery takes 4 weeks. | Care: Dry clean only.","White Summer Frock / Dress With Hand Embroidered Mirror And Thread Work Motif Material – Cambric (100% Cotton) Color – White NOTE : Please mention your height with heels while placing your order.","","https://saakshakinni.com/wp-content/uploads/2023/03/022-F1.jpg | https://saakshakinni.com/wp-content/uploads/2023/03/022-F2.jpg | https://saakshakinni.com/wp-content/uploads/2023/03/022-B1.jpg","https://saakshakinni.com/wp-content/uploads/2023/03/022-F1.jpg","0","0"
"13447","Dress","S3_033_M_R","https://saakshakinni.com/product/dress-96/","variable","20000","20000","20000","False","INR",,,"SPECTRA | CLASSICS | DRESSES","SIZE: L, M, S, XL, XS, XXL, XXXL | Notes: - | Delivery: Made to order. Delivery takes 4 weeks. | Care: Dry clean only.","Abstract Floral Print Side Draped Midi Dress With Adjustable Straps Material – Chiffon / Cotton Silk / Satin Color – Black/Multi NOTE : Please mention your height with heels while placing your order.","","https://saakshakinni.com/wp-content/uploads/2023/03/024-F1.jpg | https://saakshakinni.com/wp-content/uploads/2023/03/024-B1.jpg","https://saakshakinni.com/wp-content/uploads/2023/03/024-F1.jpg","0","0"
"13465","Cape &#038; Skirt","S3_040_P_R / S3_023_P_R","https://saakshakinni.com/product/cape-skirt/","variable","16500","16500","16500","False","INR",,,"SPECTRA | CAPES | CLASSICS | SKIRTS","SIZE: L, M, S, XL, XS, XXL, XXXL | SET: Cape, Skirt, Full Set | Notes: - | Delivery: Made to order. Delivery takes 4 weeks. | Care: Dry clean only.","CAPE : Abstract Floral Print Placement High Neck Kaftan Style Cape Material – Chiffon Color – Ivory SKIRT : Draped Asymmetric Skirt With Zipper Detailing Material – 100% Silk Color – Ivory NOTE : Please mention your height with heels while placing your order.","","https://saakshakinni.com/wp-content/uploads/2023/03/030-F1.jpg | https://saakshakinni.com/wp-content/uploads/2023/03/030-B1.jpg","https://saakshakinni.com/wp-content/uploads/2023/03/030-F1.jpg","0","0"
"13469","Dress","S3_041_M_R","https://saakshakinni.com/product/dress-97/","variable","26000","26000","26000","False","INR",,,"SPECTRA | CLASSICS | DRESSES","SIZE: L, M, S, XL, XS, XXL, XXXL | Notes: - | Delivery: Made to order. Delivery takes 4 weeks. | Care: Dry clean only.","Abstract Floral Print Hand Micro Pleated Maxi Dress With Adjustable Straps Material – Chiffon Color – Black/Multi NOTE : Please mention your height with heels while placing your order.","","https://saakshakinni.com/wp-content/uploads/2023/03/031-F1.jpg | https://saakshakinni.com/wp-content/uploads/2023/03/031-B1.jpg","https://saakshakinni.com/wp-content/uploads/2023/03/031-F1.jpg","0","0"
"13482","Shirt &#038; Trousers","S3_047_M_R / S3_048_M_R","https://saakshakinni.com/product/shirt-trousers-27/","variable","13500","13500","13500","False","INR",,,"SPECTRA | CLASSICS | SHIRT | TROUSERS","SIZE: L, M, S, XL, XS, XXL, XXXL | SET: Shirt, Trousers, Full Set | Notes: - | Delivery: Made to order. Delivery takes 4 weeks. | Care: Dry clean only.","SHIRT : Abstract Floral Print Collared Shirt Material – Satin Color – Multi TROUSERS : Abstract Print High Waist Trousers Material – Satin Color – Multi NOTE : Please mention your height with heels while placing your order.","","https://saakshakinni.com/wp-content/uploads/2023/03/035-F1.jpg | https://saakshakinni.com/wp-content/uploads/2023/03/035-B1.jpg","https://saakshakinni.com/wp-content/uploads/2023/03/035-F1.jpg","0","0"
"13486","Dress","S3_049_M_R","https://saakshakinni.com/product/dress-98/","variable","31500","31500","31500","False","INR",,,"SPECTRA | CLASSICS | DRESSES","SIZE: L, M, S, XL, XS, XXL, XXXL | Notes: - | Delivery: Made to order. Delivery takes 4 weeks. | Care: Dry clean only.","Abstract Floral Placement Print, Hand Micro Pleated Asymmetric Dress With Hand Embroidered Mirror And Thread Work Detailing Material – Chiffon Color – Ivory NOTE : Please mention your height with heels while placing your order.","","https://saakshakinni.com/wp-content/uploads/2023/03/036-F1.jpg | https://saakshakinni.com/wp-content/uploads/2023/03/036-F2.jpg | https://saakshakinni.com/wp-content/uploads/2023/03/036-B1.jpg","https://saakshakinni.com/wp-content/uploads/2023/03/036-F1.jpg","0","0"
"13526","Dress","S3_061_M_R","https://saakshakinni.com/product/dress-99/","variable","23500","23500","23500","False","INR",,,"SPECTRA | CLASSICS | DRESSES","SIZE: L, M, S, XL, XS, XXL, XXXL | Notes: - | Delivery: Made to order. Delivery takes 4 weeks. | Care: Dry clean only.","Abstract Floral Print, Hand Micro Pleated Sari Style Dress With Adjustable Drawstrng Sleeve And Length Material – Cotton Silk Color – Multi NOTE : Please mention your height with heels while placing your order.","","https://saakshakinni.com/wp-content/uploads/2023/03/048-F1.jpg | https://saakshakinni.com/wp-content/uploads/2023/03/048-F2.jpg | https://saakshakinni.com/wp-content/uploads/2023/03/048-B1.jpg","https://saakshakinni.com/wp-content/uploads/2023/03/048-F1.jpg","0","0"
"13547","Jacket/Cape, Bustier &#038; Trousers","S3_034_P_R / S3_008_M_R / S3_035_P_R","https://saakshakinni.com/product/jacket-cape-bustier-trousers/","variable","16500","16500","16500","False","INR",,,"SPECTRA | BUSTIER | CAPES | CLASSICS | JACKETS | TROUSERS","SIZE: L, M, S, XL, XS, XXL, XXXL | SET: Jacket/Cape, Bustier, Trousers, Full Set | Notes: - | Delivery: Made to order. Delivery takes 4 weeks. | Care: Dry clean only.","JACKET/CAPE : Abstract Floral Placement Print Cape Style Collared Jacket With Detachable Belt Material – 100% Silk Color – Ivory BUSTIER : Intricate Mirror, Tassels And Thread Work Hand Embroidered Blouse Material – Cotton Silk Color – Ivory TROUSERS : Abstract Floral Placement Print High Waist Trousers Material – 100% Silk Color – Ivory NOTE : Please mention your height with heels while placing your order.","","https://saakshakinni.com/wp-content/uploads/2023/03/055-F1.jpg | https://saakshakinni.com/wp-content/uploads/2023/03/055-B1.jpg | https://saakshakinni.com/wp-content/uploads/2023/03/055-B2.jpg","https://saakshakinni.com/wp-content/uploads/2023/03/055-F1.jpg","0","0"
"13583","Bodysuit &#038; Palazzo","S3_079_M_R / S3_080_M_R","https://saakshakinni.com/product/bodysuit-palazzo/","variable","16500","16500","16500","False","INR",,,"SPECTRA | BODYSUIT | CLASSICS | PANTS","SIZE: L, M, S, XL, XS, XXL, XXXL | SET: Bodysuit, Palazzo, Full Set | Notes: - | Delivery: Made to order. Delivery takes 4 weeks. | Care: Dry clean only.","BODYSUIT : Intricate Mirror, Metal And Thread Work Embroidered Bodysuit Material – Satin Color – Black Multi PALAZZO : Abstract Floral Print Extra Wide Leg High Waist Palazzo Material – Chanderi Silk Color – Black/Multi NOTE : Please mention your height with heels while placing your order.","","https://saakshakinni.com/wp-content/uploads/2023/03/064-F1.jpg | https://saakshakinni.com/wp-content/uploads/2023/03/064-F2.jpg | https://saakshakinni.com/wp-content/uploads/2023/03/064-B1.jpg","https://saakshakinni.com/wp-content/uploads/2023/03/064-F1.jpg","0","0"
"13604","Bustier &#038; Skirt","S3_100_M_R / S3_071_M_R","https://saakshakinni.com/product/bustier-skirt-10/","variable","14500","14500","14500","False","INR",,,"SPECTRA | BUSTIER | CLASSICS | SKIRTS","SIZE: L, M, S, XL, XS, XXL, XXXL | SET: Bustier, Skirt, Full Set | Notes: - | Delivery: Made to order. Delivery takes 4 weeks. | Care: Dry clean only.","BUSTIER : Square Cut Denim Bustier Material – Denim Color – Blue SKIRT : Hand Micro Pleated Denim Skirt With Zipper Detailing Material – Denim Color – Blue NOTE : Please mention your height with heels while placing your order.","","https://saakshakinni.com/wp-content/uploads/2023/03/071-F1.jpg | https://saakshakinni.com/wp-content/uploads/2023/03/071-B1.jpg","https://saakshakinni.com/wp-content/uploads/2023/03/071-F1.jpg","0","0"
"13640","Jacket","S3_098_M_R","https://saakshakinni.com/product/jacket/","variable","79500","79500","79500","False","INR",,,"SPECTRA | CLASSICS | JACKETS","SIZE: L, M, S, XL, XS, XXL, XXXL | Notes: - | Delivery: Made to order. Delivery takes 4 weeks. | Care: Dry clean only.","Intricate Hand Embroidered Mirrors, Tassle And Thread Work Jacket Material – Denim Color – Black NOTE : Please mention your height with heels while placing your order.","","https://saakshakinni.com/wp-content/uploads/2023/03/081-F1.jpg | https://saakshakinni.com/wp-content/uploads/2023/03/081-B1.jpg","https://saakshakinni.com/wp-content/uploads/2023/03/081-F1.jpg","0","0"
"13659","Bodysuit &#038; Jeans","S3_099_M_R / S3_104_M_R","https://saakshakinni.com/product/bodysuit-jeans-4/","variable","14000","14000","14000","False","INR",,,"SPECTRA | BODYSUIT | CLASSICS | JEANS","SIZE: L, M, S, XL, XS, XXL, XXXL | SET: Bodysuit, Jeans, Full Set | Notes: - | Delivery: Made to order. Delivery takes 4 weeks. | Care: Dry clean only.","BODYSUIT : Intricate Mirrors, Tassle And Thread Work Hand Embroidered Bodysuit Material – Satin Color – Ivory JEANS : High Waist Denim Jeans With Stitch Detailing Material – Jeans Color – Blue NOTE : Please mention your height with heels while placing your order.","","https://saakshakinni.com/wp-content/uploads/2023/03/086-F1.jpg | https://saakshakinni.com/wp-content/uploads/2023/03/086-B1.jpg","https://saakshakinni.com/wp-content/uploads/2023/03/086-F1.jpg","0","0"
"12389","Sari Dress","W2-048-MX06-1","https://saakshakinni.com/product/sari-dress-37/","variable","23500","23500","23500","False","INR",,,"CELEB","SIZE: L, M, S, XL, XS, XXL, XXXL | Notes: Adjustable sleeves and length. | Delivery: Made to order. Delivery takes 4 weeks. | Care: Dry clean only.","SARI DRESS : Abstract bird & tile dual print hand micro pleated sari dress MATERIAL : Cotton silk / Chiffon COLOR : Blue NOTE : Please mention your height with heels while placing your order.","","https://saakshakinni.com/wp-content/uploads/2022/11/shob04.jpg | https://saakshakinni.com/wp-content/uploads/2022/11/shob02.jpg | https://saakshakinni.com/wp-content/uploads/2022/11/shob05.jpg | https://saakshakinni.com/wp-content/uploads/2022/11/shob03.jpg | https://saakshakinni.com/wp-content/uploads/2022/11/shob01.jpg | https://saakshakinni.com/wp-content/uploads/2022/11/shob06.jpg | https://saakshakinni.com/wp-content/uploads/2022/09/017.jpg | https://saakshakinni.com/wp-content/uploads/2022/09/017B.jpg","https://saakshakinni.com/wp-content/uploads/2022/11/shob04.jpg","0","0"
"12333","Dress","ENS41","https://saakshakinni.com/product/dress-82/","variable","20000","20000","20000","False","INR",,,"ENSEMBLE X S&amp;K | CLASSICS | DRESSES","SIZE: L, M, S, XL, XS, XXL, XXXL | Notes: - | Delivery: Made to order. Delivery takes 4 weeks. | Care: Dry clean only.","Dress : Floral print side draped, asymmetric dress MATERIAL : Satin, Cotton Silk COLOR : Blue NOTE : Please mention your height with heels while placing your order.","","https://saakshakinni.com/wp-content/uploads/2022/11/432-F1.jpg | https://saakshakinni.com/wp-content/uploads/2022/11/432-F5.jpg | https://saakshakinni.com/wp-content/uploads/2022/11/432-F4.jpg | https://saakshakinni.com/wp-content/uploads/2022/11/432-F2.jpg | https://saakshakinni.com/wp-content/uploads/2022/11/432-F3.jpg | https://saakshakinni.com/wp-content/uploads/2022/11/432B.jpg","https://saakshakinni.com/wp-content/uploads/2022/11/432-F1.jpg","0","0"
"12311","Sari Dress","ENS01","https://saakshakinni.com/product/sari-dress-35/","variable","23500","23500","23500","False","INR",,,"ENSEMBLE X S&amp;K | CLASSICS | DRESSES","SIZE: L, M, S, XL, XS, XXL, XXXL | Notes: Adjustable sleeves and customisable side slit length. | Delivery: Made to order. Delivery takes 4 weeks. | Care: Dry clean only.","Sari dress : Floral print hand micro pleated sari dress with adjustable sleeve and length MATERIAL : Cotton Silk COLOR : Blue NOTE : Please mention your height with heels while placing your order.","","https://saakshakinni.com/wp-content/uploads/2022/11/424-F1.jpg | https://saakshakinni.com/wp-content/uploads/2022/11/424-F4.jpg | https://saakshakinni.com/wp-content/uploads/2022/11/424-F3.jpg | https://saakshakinni.com/wp-content/uploads/2022/11/424-F2.jpg | https://saakshakinni.com/wp-content/uploads/2022/11/424B.jpg","https://saakshakinni.com/wp-content/uploads/2022/11/424-F1.jpg","0","0"
"12305","Sari Dress","ENS1007","https://saakshakinni.com/product/sari-dress-34/","variable","23500","23500","23500","False","INR",,,"ENSEMBLE X S&amp;K | CLASSICS | DRESSES","SIZE: L, M, S, XL, XS, XXL, XXXL | Notes: Adjustable sleeves and customisable side slit length. | Delivery: Made to order. Delivery takes 4 weeks. | Care: Dry clean only.","Sari dress : Floral print hand micro pleated sari dress with adjustable sleeve and length MATERIAL : Cotton Silk COLOR : Green NOTE : Please mention your height with heels while placing your order.","","https://saakshakinni.com/wp-content/uploads/2022/11/422-F1.jpg | https://saakshakinni.com/wp-content/uploads/2022/11/422-F4.jpg | https://saakshakinni.com/wp-content/uploads/2022/11/422-F2.jpg | https://saakshakinni.com/wp-content/uploads/2022/11/422-F3.jpg | https://saakshakinni.com/wp-content/uploads/2022/11/422B.jpg","https://saakshakinni.com/wp-content/uploads/2022/11/422-F1.jpg","0","0"
"12291","Sari Dress","ENS07","https://saakshakinni.com/product/sari-dress-32/","variable","26000","26000","26000","False","INR",,,"ENSEMBLE X S&amp;K | CLASSICS | DRESSES","SIZE: L, M, S, XL, XS, XXL, XXXL | Notes: Adjustable sleeves and customisable side slit length. | Delivery: Made to order. Delivery takes 4 weeks. | Care: Dry clean only.","Sari dress : Floral print hand micro pleated sari dress with adjustable sleeve and length MATERIAL : Cotton Silk COLOR : Blue NOTE : Please mention your height with heels while placing your order.","","https://saakshakinni.com/wp-content/uploads/2022/11/417-F1.jpg | https://saakshakinni.com/wp-content/uploads/2022/11/417-F4.jpg | https://saakshakinni.com/wp-content/uploads/2022/11/417-F5.jpg | https://saakshakinni.com/wp-content/uploads/2022/11/417-F3.jpg | https://saakshakinni.com/wp-content/uploads/2022/11/417-F2.jpg | https://saakshakinni.com/wp-content/uploads/2022/11/417B.jpg","https://saakshakinni.com/wp-content/uploads/2022/11/417-F1.jpg","0","0"
"12287","Dress","ENS15","https://saakshakinni.com/product/dress-78/","variable","25500","25500","25500","False","INR",,,"ENSEMBLE X S&amp;K | CLASSICS | DRESSES","SIZE: L, M, S, XL, XS, XXL, XXXL | Notes: - | Delivery: Made to order. Delivery takes 4 weeks. | Care: Dry clean only.","Dress : Floral print part hand micro pleated maxi dress MATERIAL : Satin, Chiffon COLOR : Blue NOTE : Please mention your height with heels while placing your order.","","https://saakshakinni.com/wp-content/uploads/2022/11/415-F1.jpg | https://saakshakinni.com/wp-content/uploads/2022/11/415-F2.jpg | https://saakshakinni.com/wp-content/uploads/2022/11/415-F3.jpg | https://saakshakinni.com/wp-content/uploads/2022/11/415-F4.jpg | https://saakshakinni.com/wp-content/uploads/2022/11/415-F5.jpg | https://saakshakinni.com/wp-content/uploads/2022/11/415B.jpg","https://saakshakinni.com/wp-content/uploads/2022/11/415-F1.jpg","0","0"
"12283","Dress","ENS24","https://saakshakinni.com/product/dress-77/","variable","26000","26000","26000","False","INR",,,"ENSEMBLE X S&amp;K | CLASSICS | DRESSES","SIZE: L, M, S, XL, XS, XXL, XXXL | Notes: - | Delivery: Made to order. Delivery takes 4 weeks. | Care: Dry clean only.","Dress : Floral print hand micro pleated maxi dress MATERIAL : Chiffon COLOR : Blue NOTE : Please mention your height with heels while placing your order.","","https://saakshakinni.com/wp-content/uploads/2022/11/414-F1.jpg | https://saakshakinni.com/wp-content/uploads/2022/11/414-F5.jpg | https://saakshakinni.com/wp-content/uploads/2022/11/414-F3.jpg | https://saakshakinni.com/wp-content/uploads/2022/11/414-F2.jpg | https://saakshakinni.com/wp-content/uploads/2022/11/414-F4.jpg | https://saakshakinni.com/wp-content/uploads/2022/11/414B.jpg","https://saakshakinni.com/wp-content/uploads/2022/11/414-F1.jpg","0","0"
"12269","Kaftan Dress","ENS29","https://saakshakinni.com/product/kaftan-dress-11/","variable","21500","21500","21500","False","INR",,,"ENSEMBLE X S&amp;K | CLASSICS | DRESSES | KAFTAN","SIZE: L, M, S, XL, XS, XXL, XXXL | Notes: - | Delivery: Made to order. Delivery takes 4 weeks. | Care: Dry clean only.","Kaftan dress : Floral print one shoulder kaftan dress with hand embroidered neckline MATERIAL : Satin COLOR : Blue NOTE : Please mention your height with heels while placing your order.","","https://saakshakinni.com/wp-content/uploads/2022/11/409-F5.jpg | https://saakshakinni.com/wp-content/uploads/2022/11/409-F1.jpg | https://saakshakinni.com/wp-content/uploads/2022/11/409-F6.jpg | https://saakshakinni.com/wp-content/uploads/2022/11/409-F4.jpg | https://saakshakinni.com/wp-content/uploads/2022/11/409-F3.jpg | https://saakshakinni.com/wp-content/uploads/2022/11/409-F2.jpg | https://saakshakinni.com/wp-content/uploads/2022/11/409B.jpg","https://saakshakinni.com/wp-content/uploads/2022/11/409-F5.jpg","0","0"
"12257","Dress","ENS26","https://saakshakinni.com/product/dress-74/","variable","25500","25500","25500","False","INR",,,"ENSEMBLE X S&amp;K | CLASSICS | DRESSES","SIZE: L, M, S, XL, XS, XXL, XXXL | Notes: - | Delivery: Made to order. Delivery takes 4 weeks. | Care: Dry clean only.","Dress : Floral print part hand micro pleated maxi dress MATERIAL : Satin, Chiffon COLOR : Green NOTE : Please mention your height with heels while placing your order.","","https://saakshakinni.com/wp-content/uploads/2022/11/405-F1.jpg | https://saakshakinni.com/wp-content/uploads/2022/11/405-F2.jpg | https://saakshakinni.com/wp-content/uploads/2022/11/405-F3.jpg | https://saakshakinni.com/wp-content/uploads/2022/11/405B.jpg","https://saakshakinni.com/wp-content/uploads/2022/11/405-F1.jpg","0","0"
"12011","Jacket &#038; Trousers","W2-012-EM03 / W2-127-SD03","https://saakshakinni.com/product/jacket-trousers-2/","variable","18500","18500","18500","False","INR",,,"MIRAGE | CLASSICS | JACKETS | TROUSERS","SIZE: L, M, S, XL, XS, XXL, XXXL | SET: Jacket, Trousers, Full Set | Notes: - | Delivery: Made to order. Delivery takes 4 weeks. | Care: Dry clean only.","JACKET : Intricate mirror and thread hand embroiidered cropped jacket TROUSERS : Satin exaggerated high waist trousers with zipper detailing MATERIAL : Jacket : Drill | Trousers : Satin COLOR : Jacket : Multi | Trousers : Black NOTE : Please mention your height with heels while placing your order.","","https://saakshakinni.com/wp-content/uploads/2022/11/228-F1.jpg | https://saakshakinni.com/wp-content/uploads/2022/11/228-F2.jpg | https://saakshakinni.com/wp-content/uploads/2022/11/228B.jpg","https://saakshakinni.com/wp-content/uploads/2022/11/228-F1.jpg","0","0"
"11249","Sari Dress","W2-003-FBPK","https://saakshakinni.com/product/sari-dress-28/","variable","25500","25500","25500","False","INR",,,"MIRAGE | CLASSICS | DRESSES","SIZE: L, M, S, XL, XS, XXL, XXXL | Notes: Adjustable length. | Delivery: Made to order. Delivery takes 4 weeks. | Care: Dry clean only.","SARI DRESS : Abtsract bird print part hand micro pleated corset style sari dress MATERIAL : Satin, Cotton Silk COLOR : Pink NOTE : Please mention your height with heels while placing your order.","","https://saakshakinni.com/wp-content/uploads/2022/09/014.jpg | https://saakshakinni.com/wp-content/uploads/2022/09/014B.jpg","https://saakshakinni.com/wp-content/uploads/2022/09/014.jpg","0","0"
"11238","Sari Dress","W2-048-MX06","https://saakshakinni.com/product/sari-dress-27/","variable","23500","23500","23500","False","INR",,,"MIRAGE | CLASSICS | DRESSES","SIZE: L, M, S, XL, XS, XXL, XXXL | Notes: Adjustable sleeves and length. | Delivery: Made to order. Delivery takes 4 weeks. | Care: Dry clean only.","SARI DRESS : Abstract bird & tile dual print hand micro pleated sari dress MATERIAL : Cotton silk / Chiffon COLOR : Blue NOTE : Please mention your height with heels while placing your order.","","https://saakshakinni.com/wp-content/uploads/2022/09/017.jpg | https://saakshakinni.com/wp-content/uploads/2022/09/017B.jpg","https://saakshakinni.com/wp-content/uploads/2022/09/017.jpg","0","0"
"11232","Dress","W2-008-FBPK","https://saakshakinni.com/product/dress-63/","variable","26000","26000","26000","False","INR",,,"MIRAGE | CLASSICS | DRESSES","SIZE: L, M, S, XL, XS, XXL, XXXL | Notes: - | Delivery: Made to order. Delivery takes 4 weeks. | Care: Dry clean only.","DRESS : Abstract bird print hand micro pleated maxi dress with adjustable straps MATERIAL : Chiffon COLOR : Pink NOTE : Please mention your height with heels while placing your order.","","https://saakshakinni.com/wp-content/uploads/2022/09/019.jpg | https://saakshakinni.com/wp-content/uploads/2022/09/019B.jpg","https://saakshakinni.com/wp-content/uploads/2022/09/019.jpg","0","0"
"11204","Blouse &#038; Skirt","W2-092-SPPR / W2-010-SD02","https://saakshakinni.com/product/blouse-skirt-13/","variable","15500","15500","15500","False","INR",,,"MIRAGE | BLOUSE | CLASSICS | SKIRTS","SIZE: L, M, S, XL, XS, XXL, XXXL | SET: Blouse, Skirt, Full Set | Notes: - | Delivery: Made to order. Delivery takes 4 weeks. | Care: Dry clean only.","BLOUSE : Abstract print placement hand micro pleated kaftan blouse SKIRT : Micro pleated skirt with zipper detailing MATERIAL : Blouse – Cotton Silk | Skirt – Polyester COLOR : Blouse – Pink/Red | Skirt – Black NOTE : Please mention your height with heels while placing your order.","","https://saakshakinni.com/wp-content/uploads/2022/09/027.jpg | https://saakshakinni.com/wp-content/uploads/2022/09/027B.jpg","https://saakshakinni.com/wp-content/uploads/2022/09/027.jpg","0","0"
"11171","Kaftan &#038; Trousers","W2-102-FBPK / W2-103-SD03","https://saakshakinni.com/product/kaftan-trousers/","variable","13500","13500","13500","False","INR",,,"MIRAGE | CLASSICS | KAFTAN | TROUSERS","SIZE: L, M, S, XL, XS, XXL, XXXL | SET: Kaftan, Trousers, Full Set | Notes: Drawstring belt and adjustable sleeves, Must be worn with trousers/skirt/bathing suit. | Delivery: Made to order. Delivery takes 4 weeks. | Care: Dry clean only.","KAFTAN : Abstract bird print kaftan style jacket with hand embroidered mirrors, tassles, bullion and thread work TROUSERS : High waist trousers with pockets and elasticated back MATERIAL : Kaftan – Cotton Silk | Trousers – Poplin COLOR : Kaftan – Pink | Trousers – White NOTE : Please mention your height with heels while placing your order.","","https://saakshakinni.com/wp-content/uploads/2022/09/037.jpg | https://saakshakinni.com/wp-content/uploads/2022/09/037B.jpg","https://saakshakinni.com/wp-content/uploads/2022/09/037.jpg","0","0"
"11073","Blouse, Lehenga &#038; Dupatta","W2-119-FBPK / W2-120-FBPK / W2-121-FBPK","https://saakshakinni.com/product/blouse-lehenga-dupatta-2/","variable","7500","7500","7500","False","INR",,,"MIRAGE | BLOUSE | CLASSICS | LEHENGA","SIZE: L, M, S, XL, XS, XXL, XXXL | SET: Blouse, Lehenga, Dupatta, Full Set | Notes: - | Delivery: Made to order. Delivery takes 4 weeks. | Care: Dry clean only.","BLOUSE : Abstract bird blouse LEHENGA : Abstract bird print lehenga DUPATTA : Abstract print dupatta MATERIAL : Blouse – Chiffon | Lehenga – Chanderi | Dupatta – Organza COLOR : Pink NOTE : Please mention your height with heels while placing your order.","","https://saakshakinni.com/wp-content/uploads/2022/09/065.jpg | https://saakshakinni.com/wp-content/uploads/2022/09/065B.jpg","https://saakshakinni.com/wp-content/uploads/2022/09/065.jpg","0","0"
"9105","Embroidered Jacket &#038; Jeans","SS22002 / SS22003","https://saakshakinni.com/product/embroidered-jacket-jeans/","variable","96500","96500","96500","False","INR",,,"QUAD | CLASSICS | JACKETS | JEANS","SIZE: L, M, S, XL, XS, XXL, XXXL | SET: Jacket, Jeans, Full Set | Delivery: Made to order. Delivery takes 4 weeks. | Care: Dry clean only. No ironing.","MATERIAL : Denim COLOR : Jacket – Rust | Jeans – Grey NOTE : Please mention your height with heels while placing your order.","Jacket : Intricate hand embroidered mirror work jacket Jeans : Acid wash jeans","https://saakshakinni.com/wp-content/uploads/2022/03/002.jpg | https://saakshakinni.com/wp-content/uploads/2022/03/002B.jpg | https://saakshakinni.com/wp-content/uploads/2022/04/TN-22Q-00002.jpg","https://saakshakinni.com/wp-content/uploads/2022/03/002.jpg","0","0"
"9179","Bustier &#038; Jeans","SS22016 / SS22003","https://saakshakinni.com/product/bustier-jeans-3/","variable","35500","35500","35500","False","INR",,,"QUAD | BUSTIER | CLASSICS | JEANS","SIZE: L, M, S, XL, XS, XXL, XXXL | SET: Bustier, Jeans, Full Set | Delivery: Made to order. Delivery takes 4 weeks. | Care: Dry clean only. No ironing.","MATERIAL : Bustier – Satin / Jeans – Denim COLOR : Bustier – Rust / Jeans – Grey NOTE : Please mention your height with heels while placing your order.","Bustier : Mirror and thread intricate hand embroidered bustier Jeans : Denim acid washed jeans","https://saakshakinni.com/wp-content/uploads/2022/03/022.jpg | https://saakshakinni.com/wp-content/uploads/2022/03/022B.jpg | https://saakshakinni.com/wp-content/uploads/2022/04/TN-22Q-00022.jpg","https://saakshakinni.com/wp-content/uploads/2022/03/022.jpg","0","0"
"9484","Sari Dress","SS22139","https://saakshakinni.com/product/sari-dress-19/","variable","23500","23500","23500","False","INR",,,"QUAD | CLASSICS | DRESSES","SIZE: L, M, S, XL, XS, XXL, XXXL | Delivery: Made to order. Delivery takes 4 weeks. | Care: Dry clean only. No ironing.","MATERIAL : Cotton Silk COLOR : Multi NOTE : Please mention your height with heels while placing your order.","Sari Dress : Hand micro pleated, abstract print sari dress with adjustable length","https://saakshakinni.com/wp-content/uploads/2022/03/107.jpg | https://saakshakinni.com/wp-content/uploads/2022/03/107B.jpg","https://saakshakinni.com/wp-content/uploads/2022/03/107.jpg","0","0"
"9254","Jeans &#038; Bodysuit","SS22003 / SS22037","https://saakshakinni.com/product/jeans-bodysuit/","variable","53000","53000","53000","False","INR",,,"QUAD | BODYSUIT | CLASSICS | JEANS","SIZE: L, M, S, XL, XS, XXL, XXXL | SET: Jeans, Bodysuit, Full Set | Delivery: Made to order. Delivery takes 4 weeks. | Care: Dry clean only. No ironing.","MATERIAL : Denim COLOR : Jeans – Grey / Bodysuit – Multi NOTE : Please mention your height with heels while placing your order.","Jeans : Acid wash denim jeans Bodysuit : Intricate mirror and thread hand embroidered bodysuit","https://saakshakinni.com/wp-content/uploads/2022/03/045.jpg | https://saakshakinni.com/wp-content/uploads/2022/03/045B.jpg","https://saakshakinni.com/wp-content/uploads/2022/03/045.jpg","0","0"
"7198","Three tier maxi dress","AW 21115","https://saakshakinni.com/product/three-tier-maxi-dress/","variable","27500","27500","27500","False","INR",,,"CELEB","SIZE: L, M, S, XL, XS, XXL, XXXL | Delivery: Made to order. Delivery takes 4 Weeks. | Care: Dry Clean only","MATERIAL :: Chiffon COLOR :: Red & White NOTE: Please mention your height with heels while placing your order.","Ikat print hand micro pleated, three tier maxi dress","https://saakshakinni.com/wp-content/uploads/2021/08/SK-2.jpg | https://saakshakinni.com/wp-content/uploads/2021/08/11.jpg | https://saakshakinni.com/wp-content/uploads/2021/08/11B.jpg","https://saakshakinni.com/wp-content/uploads/2021/08/SK-2.jpg","0","0"
"7466","Maxi dress","AW21160","https://saakshakinni.com/product/maxi-dress-4/","variable","25500","25500","25500","False","INR",,,"PIXEL | CLASSICS | DRESSES | MAXI","SIZE: L, M, S, XL, XS, XXL, XXXL | Delivery: Made to order. Delivery takes 4 Weeks. | Care: Dry Clean only","MATERIAL :: Satin, chiffon, cotton silk COLOR :: Multi NOTE: Please mention your height with heels while placing your order.","Ikat print part hand micro pleated maxi dress","https://saakshakinni.com/wp-content/uploads/2021/08/44.jpg | https://saakshakinni.com/wp-content/uploads/2021/09/44B.jpg","https://saakshakinni.com/wp-content/uploads/2021/08/44.jpg","0","0"
"7616","Maxi dress","AW21215","https://saakshakinni.com/product/maxi-dress-6/","variable","26000","26000","26000","False","INR",,,"PIXEL | CLASSICS | DRESSES | MAXI","SIZE: L, M, S, XL, XS, XXL, XXXL | Delivery: Made to order. Delivery takes 4 Weeks. | Care: Dry Clean only","MATERIAL :: Chiffon COLOR :: Multi NOTE: Please mention your height with heels while placing your order.","Ikat print hand micro pleated maxi dress","https://saakshakinni.com/wp-content/uploads/2021/08/87.jpg | https://saakshakinni.com/wp-content/uploads/2021/09/87B.jpg","https://saakshakinni.com/wp-content/uploads/2021/08/87.jpg","0","0"
"7564","Bralette, Lehenga &#038; Dupatta","AW21197/98","https://saakshakinni.com/product/bralette-lehenga-dupatta/","variable","7500","7500","7500","False","INR",,,"PIXEL | BRALETTE | CLASSICS | LEHENGA","SIZE: L, M, S, XL, XS, XXL, XXXL | SET: Bralette, Lehenga, Dupatta, Full Set | Delivery: Made to order. Delivery takes 4 Weeks. | Care: Dry Clean only","MATERIAL :: Satin, Chanderi & Organza COLOR :: Multi NOTE: Please mention your height with heels while placing your order.","Ikat print sweetheart neckline bralette Ikat print lehenga Ikat print dupatta","https://saakshakinni.com/wp-content/uploads/2021/08/74.jpg","https://saakshakinni.com/wp-content/uploads/2021/08/74.jpg","0","0"
"7546","Blouse &#038; Lehenga","AW21190/91","https://saakshakinni.com/product/blouse-lehenga/","variable","23500","23500","23500","False","INR",,,"PIXEL | CLASSICS | LEHENGA","SIZE: L, M, S, XL, XS, XXL, XXXL | SET: Blouse, Lehenga, Full Set | Delivery: Made to order. Delivery takes 4 Weeks. | Care: Dry Clean only","MATERIAL :: Cotton silk, chiffon | chanderi COLOR :: Multi, Purple NOTE: Please mention your height with heels while placing your order.","Ikat print hand micro pleated blouse with knot detailing, and hand embroiderd mirrors and tassles Shaded print lehenga","https://saakshakinni.com/wp-content/uploads/2021/08/69.jpg | https://saakshakinni.com/wp-content/uploads/2021/09/69B.jpg","https://saakshakinni.com/wp-content/uploads/2021/08/69.jpg","0","0"
"7542","Kaftan dress","AW21188","https://saakshakinni.com/product/kaftan-dress-3/","variable","17500","17500","17500","False","INR",,,"PIXEL | CLASSICS | DRESSES | KAFTAN","SIZE: L, M, S, XL, XS, XXL, XXXL | Delivery: Made to order. Delivery takes 4 Weeks. | Care: Dry Clean only","MATERIAL :: Cotton silk COLOR :: Multi NOTE: Please mention your height with heels while placing your order.","Ikat print part kaftan with hand micro pleating detail and customisable side slits","https://saakshakinni.com/wp-content/uploads/2021/08/67.jpg | https://saakshakinni.com/wp-content/uploads/2021/09/67b.jpg","https://saakshakinni.com/wp-content/uploads/2021/08/67.jpg","0","0"
"7492","Sari dress","AW21170","https://saakshakinni.com/product/sari-dress-7/","variable","23500","23500","23500","False","INR",,,"PIXEL | CLASSICS | DRESSES","SIZE: L, M, S, XL, XS, XXL, XXXL | Delivery: Made to order. Delivery takes 4 Weeks. | Care: Dry Clean only","MATERIAL :: Cotton silk, chiffon COLOR :: Multi NOTE: Please mention your height with heels while placing your order.","Dual scratch and stripe print hand micro pleated sari dress with adjustable length","https://saakshakinni.com/wp-content/uploads/2021/08/51.jpg | https://saakshakinni.com/wp-content/uploads/2021/09/51B.jpg","https://saakshakinni.com/wp-content/uploads/2021/08/51.jpg","0","0"
"7455","Maxi dress","AW21156","https://saakshakinni.com/product/maxi-dress-2/","variable","26500","26500","26500","False","INR",,,"PIXEL | CLASSICS | DRESSES | MAXI","SIZE: L, M, S, XL, XS, XXL, XXXL | Delivery: Made to order. Delivery takes 4 Weeks. | Care: Dry Clean only","MATERIAL :: Habutai, chiffon COLOR :: Pink NOTE: Please mention your height with heels while placing your order.","Shaded print part hand micro pleated maxi dress with side customisable slit","https://saakshakinni.com/wp-content/uploads/2021/08/40.jpg","https://saakshakinni.com/wp-content/uploads/2021/08/40.jpg","0","0"
"7394","Shirt &#038; Trousers","AW21128","https://saakshakinni.com/product/shirt-trousers-3/","variable","13500","13500","13500","False","INR",,,"PIXEL | CLASSICS | SETS | TOPS","SIZE: L, M, S, XL, XS, XXL, XXXL | SET: Shirt, Trousers, Full Set | Delivery: Made to order. Delivery takes 4 Weeks. | Care: Dry Clean only","MATERIAL :: Satin, Cotton Silk COLOR :: Multi NOTE: Please mention your height with heels while placing your order.","Ikat print, exaggerated sleeve ribbed collar shirt Ikat print trousers","https://saakshakinni.com/wp-content/uploads/2021/08/20.jpg | https://saakshakinni.com/wp-content/uploads/2021/09/20B.jpg","https://saakshakinni.com/wp-content/uploads/2021/08/20.jpg","0","0"
"7637","Kaftan dress","AW21250","https://saakshakinni.com/product/kaftan-dress-7/","variable","26000","26000","26000","False","INR",,,"PIXEL | CLASSICS | DRESSES | KAFTAN","SIZE: L, M, S, XL, XS, XXL, XXXL | Delivery: Made to order. Delivery takes 4 Weeks. | Care: Dry Clean only","MATERIAL :: Cotton silk COLOR :: Khaki, purple NOTE: Please mention your height with heels while placing your order.","Scratch print dual shoulder kaftan sleeves and adjustable length","https://saakshakinni.com/wp-content/uploads/2021/08/94.jpg | https://saakshakinni.com/wp-content/uploads/2021/09/94B.jpg","https://saakshakinni.com/wp-content/uploads/2021/08/94.jpg","0","0"
"7670","Dress","AW21265","https://saakshakinni.com/product/dress-12/","variable","16500","16500","16500","False","INR",,,"PIXEL | CLASSICS | DRESSES","SIZE: L, M, S, XL, XS, XXL, XXXL | Delivery: Made to order. Delivery takes 4 Weeks. | Care: Dry Clean only","MATERIAL :: Satin COLOR :: Multi NOTE: Please mention your height with heels while placing your order.","Ikat print overlap dress with customisable side slit","https://saakshakinni.com/wp-content/uploads/2021/08/104.jpg | https://saakshakinni.com/wp-content/uploads/2021/09/104B.jpg","https://saakshakinni.com/wp-content/uploads/2021/08/104.jpg","0","0"
"7649","Blouse &#038; Trousers","AW21256/39","https://saakshakinni.com/product/blouse-trousers-10/","variable","13500","13500","13500","False","INR",,,"PIXEL | BLOUSE | CLASSICS | TROUSERS","SIZE: L, M, S, XL, XS, XXL, XXXL | Delivery: Made to order. Delivery takes 4 Weeks. | Care: Dry Clean only","MATERIAL :: Satin COLOR :: Orange NOTE: Please mention your height with heels while placing your order.","Abstract print blouse with exaggerated sleeves, ribbed collar and zipper","https://saakshakinni.com/wp-content/uploads/2021/08/97.jpg | https://saakshakinni.com/wp-content/uploads/2021/09/97B.jpg","https://saakshakinni.com/wp-content/uploads/2021/08/97.jpg","0","0"
"7574","Blouse &#038; Culottes","AW21199/08","https://saakshakinni.com/product/blouse-culottes/","variable","16500","16500","16500","False","INR",,,"PIXEL | BLOUSE | CLASSICS | Culottes","SIZE: L, M, S, XL, XS, XXL, XXXL | SET: Blouse, Culottes, Full Set | Delivery: Made to order. Delivery takes 4 Weeks. | Care: Dry Clean only","MATERIAL :: Cotton silk satin COLOR :: Multi NOTE: Please mention your height with heels while placing your order.","Ikat print hand micro pleated kaftan blouse Ikat print high waist shorts with side pockets","https://saakshakinni.com/wp-content/uploads/2021/08/76.jpg | https://saakshakinni.com/wp-content/uploads/2021/09/76B.jpg","https://saakshakinni.com/wp-content/uploads/2021/08/76.jpg","0","0"
"7569","Bralette, Lehenga &#038; Dupatta","AW21198/99","https://saakshakinni.com/product/bralette-lehenga-dupatta-2/","variable","7500","7500","7500","False","INR",,,"PIXEL | BUSTIER | CLASSICS | LEHENGA","SIZE: L, M, S, XL, XS, XXL, XXXL | SET: Bustier, Lehenga, Dupatta, Full Set | Delivery: Made to order. Delivery takes 4 Weeks. | Care: Dry Clean only","MATERIAL :: Satin, Chanderi & Organza COLOR :: Multi NOTE: Please mention your height with heels while placing your order.","Ikat print sweetheart neckline bustier Ikat print lehenga Ikat print dupatta","https://saakshakinni.com/wp-content/uploads/2021/08/75.jpg | https://saakshakinni.com/wp-content/uploads/2021/09/75B.jpg","https://saakshakinni.com/wp-content/uploads/2021/08/75.jpg","0","0"
"7488","Bustier &#038; Shorts","AW21168/69","https://saakshakinni.com/product/bustier-shorts/","variable","9500","9500","9500","False","INR",,,"PIXEL | BUSTIER | CLASSICS | SETS | SHORTS","SIZE: L, M, S, XL, XS, XXL, XXXL | SET: Bustier, Shorts, Full Set | Delivery: Made to order. Delivery takes 4 Weeks. | Care: Dry Clean only","MATERIAL :: Satin COLOR :: Multi NOTE: Please mention your height with heels while placing your order.","Ikat print bustier Ikat print high waist shorts with side pockets","https://saakshakinni.com/wp-content/uploads/2021/08/50.jpg | https://saakshakinni.com/wp-content/uploads/2021/09/50B.jpg","https://saakshakinni.com/wp-content/uploads/2021/08/50.jpg","0","0"
"7457","Dress","AW21157","https://saakshakinni.com/product/dress-7/","variable","13500","13500","13500","False","INR",,,"PIXEL | CLASSICS | DRESSES","SIZE: L, M, S, XL, XS, XXL, XXXL | Delivery: Made to order. Delivery takes 4 Weeks. | Care: Dry Clean only","MATERIAL :: Satin, cotton silk COLOR :: Multi NOTE: Please mention your height with heels while placing your order.","Ikat print one shoulder ruffle sleeve dress","https://saakshakinni.com/wp-content/uploads/2021/08/41.jpg","https://saakshakinni.com/wp-content/uploads/2021/08/41.jpg","0","0"
"7422","Shirt &#038; Shorts","AW21128/42","https://saakshakinni.com/product/shirt-shorts-2/","variable","9500","9500","9500","False","INR",,,"PIXEL | CLASSICS | SETS | TOPS","SIZE: L, M, S, XL, XS, XXL, XXXL | SET: Shirt, Shorts, Full Set | Delivery: Made to order. Delivery takes 4 Weeks. | Care: Dry Clean only","MATERIAL :: Satin COLOR :: Multi NOTE: Please mention your height with heels while placing your order.","Ikat print, exaggerated sleeve ribbed collar shirt Ikat print high waist shorts wide side pockets","https://saakshakinni.com/wp-content/uploads/2021/08/29.jpg | https://saakshakinni.com/wp-content/uploads/2021/09/29B.jpg","https://saakshakinni.com/wp-content/uploads/2021/08/29.jpg","0","0"
"7398","Sari dress","AW21130","https://saakshakinni.com/product/dress-4/","variable","26000","26000","26000","False","INR",,,"PIXEL | CLASSICS | DRESSES","SIZE: L, M, S, XL, XS, XXL, XXXL | Delivery: Made to order. Delivery takes 4 Weeks. | Care: Dry Clean only","MATERIAL :: Chiffon COLOR :: Green NOTE: Please mention your height with heels while placing your order.","Scratch print dual shoulder kaftan sleeves and adjustable length","https://saakshakinni.com/wp-content/uploads/2021/08/21.jpg | https://saakshakinni.com/wp-content/uploads/2021/09/21B.jpg","https://saakshakinni.com/wp-content/uploads/2021/08/21.jpg","0","0"
"7334","Maxi dress","AW21101","https://saakshakinni.com/product/maxi-dress/","variable","26500","26500","26500","False","INR",,,"CLASSICS | DRESSES | PIXEL","SIZE: L, M, S, XL, XS, XXL, XXXL | Delivery: Made to order. Delivery takes 4 Weeks. | Care: Dry Clean only","MATERIAL :: Satin, chiffon COLOR :: Purple NOTE: Please mention your height with heels while placing your order.","Shaded print part hand micro pleated maxi dress with side customisable slit","https://saakshakinni.com/wp-content/uploads/2021/08/1.jpg | https://saakshakinni.com/wp-content/uploads/2021/09/1B.jpg","https://saakshakinni.com/wp-content/uploads/2021/08/1.jpg","0","0"
"7201","Maxi dress","AW21113","https://saakshakinni.com/product/ikat-print-part-hand-micro-pleated-maxi-dress/","variable","26500","26500","26500","False","INR",,,"CELEB","SIZE: L, M, S, XL, XS, XXL, XXXL | Delivery: Made to order. Delivery takes 4 Weeks. | Care: Dry Clean only","MATERIAL :: Chiffon COLOR :: Pink, Multi NOTE: Please mention your height with heels while placing your order.","Ikat print knot front, part hand micro pleated maxi dress with customisable slit","https://saakshakinni.com/wp-content/uploads/2021/08/SK-1.jpg | https://saakshakinni.com/wp-content/uploads/2021/08/9.jpg | https://saakshakinni.com/wp-content/uploads/2021/08/SK-3.jpg","https://saakshakinni.com/wp-content/uploads/2021/08/SK-1.jpg","0","0"
"4067","Sari dress","SS2039","https://saakshakinni.com/product/sari-dress/","variable","23500","23500","23500","False","INR",,,"CELEB","SIZE: L, M, S, XL, XS, XXL, XXXL","Dual stitch and ikat print sari dress with adjustable length Color: Multi NOTE: Please mention your height with heels while placing your order.","Dual stitch and ikat print hand micro pleated sari dress with adjustable length","https://saakshakinni.com/wp-content/uploads/2021/05/130.jpg | https://saakshakinni.com/wp-content/uploads/2021/05/131.jpg | https://saakshakinni.com/wp-content/uploads/2021/05/129.jpg","https://saakshakinni.com/wp-content/uploads/2021/05/130.jpg","0","0"
"4030","Abstract print dress","SS21012/2","https://saakshakinni.com/product/abstract-print-dress/","variable","26000","26000","26000","False","INR",,,"CELEB","SIZE: L, M, S, XL, XS, XXL, XXXL","Abstract print and pleated mirror print dress Color: Blue NOTE: Please mention your height with heels while placing your order.","Abstract print hand micro pleated mirror print dress","https://saakshakinni.com/wp-content/uploads/2021/05/154.jpg | https://saakshakinni.com/wp-content/uploads/2021/05/156.jpg | https://saakshakinni.com/wp-content/uploads/2021/05/155.jpg","https://saakshakinni.com/wp-content/uploads/2021/05/154.jpg","0","0"
"3584","Six tier micro pleated dress","SS21011","https://saakshakinni.com/product/six-tier-micro-pleated-dress/","variable","39500","39500","39500","False","INR",,,"CLASSICS | DRESSES | GOR","SIZE: L, M, S, XL, XS, XXL, XXXL","MATERIAL :: Chiffon COLOR :: Multi NOTE: Please mention your height with heels while placing your order.","Six tier abstract print hand micro pleated dress","https://saakshakinni.com/wp-content/uploads/2021/04/S.NO_.1.jpg | https://saakshakinni.com/wp-content/uploads/2021/04/S.No_.1-1.jpg","https://saakshakinni.com/wp-content/uploads/2021/04/S.NO_.1.jpg","0","0"
"3530","Abstract print part kaftan","SS21092","https://saakshakinni.com/product/abstract-print-part-kaftan-2/","variable","17500","17500","17500","False","INR",,,"CLASSICS | DRESSES | GOR","SIZE: L, M, S, XL, XS, XXL, XXXL","MATERIAL :: Cotton Silk COLOR :: Multi Slits customisable – please mention how high/low you want them in the notes section. NOTE: Please mention your height with heels while placing your order.","Abstract print part kaftan with hand micro pleating detail and customisable side slits","https://saakshakinni.com/wp-content/uploads/2021/04/S.NO_.72.jpg","https://saakshakinni.com/wp-content/uploads/2021/04/S.NO_.72.jpg","0","0"
"3416","Abstract print kurta","SS21008/3","https://saakshakinni.com/product/abstract-print-kurta/","variable","19500","19500","19500","False","INR",,,"CLASSICS | GOR | KURTAS","SIZE: L, M, S, XL, XS, XXL, XXXL","MATERIAL :: Cotton Silk & Organza COLOR :: Multi NOTE: Please mention your height with heels while placing your order.","Abstract print kurta with hand micropleated body and adjustable drawtsring waist belt(inner provided)","https://saakshakinni.com/wp-content/uploads/2021/04/S.NO_.51.jpg","https://saakshakinni.com/wp-content/uploads/2021/04/S.NO_.51.jpg","0","0"
"3317","Abstract print collared shirt  &#038; shorts","SS20102/1","https://saakshakinni.com/product/abstract-print-collared-shirt-shorts/","variable","9500","9500","9500","False","INR",,,"CLASSICS | GOR | PANTS | SETS | TOPS","SIZE: L, M, S, XL, XS, XXL, XXXL | SET: Shirt, Shorts, Full Set","MATERIAL :: Satin COLOR :: Multi NOTE: Please mention your height with heels while placing your order.","Abstract print collared shirt Abstract print high waist shorts with side pockets","https://saakshakinni.com/wp-content/uploads/2021/04/S.NO_.33.jpg | https://saakshakinni.com/wp-content/uploads/2021/04/S.No_.33-1.jpg","https://saakshakinni.com/wp-content/uploads/2021/04/S.NO_.33.jpg","0","0"
"3233","Hand micro pleated sari dress","SS21005","https://saakshakinni.com/product/hand-micro-pleated-sari-dress/","variable","23500","23500","23500","False","INR",,,"CLASSICS | DRESSES | GOR","SIZE: L, M, S, XL, XS, XXL, XXXL","MATERIAL :: Cotton silk/chiffon COLOR :: Turquoise NOTE: Please mention your height with heels while placing your order.","Hand micro pleated sari dress","https://saakshakinni.com/wp-content/uploads/2021/04/S.NO_.16.jpg | https://saakshakinni.com/wp-content/uploads/2021/04/S.No_.16-1.jpg","https://saakshakinni.com/wp-content/uploads/2021/04/S.NO_.16.jpg","0","0"
"3178","Micropleated maxi dress","SS21012/1","https://saakshakinni.com/product/micropleated-maxi-dress-2/","variable","26000","26000","26000","False","INR",,,"CLASSICS | DRESSES | GOR","SIZE: L, M, S, XL, XS, XXL, XXXL","MATERIAL :: Chiffon COLOR :: Turquoise NOTE: Please mention your height with heels while placing your order.","Abstract print hand micropleated maxi dress","https://saakshakinni.com/wp-content/uploads/2021/04/S.No_.6.jpg | https://saakshakinni.com/wp-content/uploads/2021/04/S.No_.6-1.jpg","https://saakshakinni.com/wp-content/uploads/2021/04/S.No_.6.jpg","0","0"
"3151","Abstract print collared shirt &#038; satin shorts with pockets","SKG &#8211; 100","https://saakshakinni.com/product/abstract-print-collared-shirt-satin-shorts-with-pockets/","variable","9500","9500","9500","False","INR",,,"CELEB","SIZE: L, M, S, XL, XS, XXL, XXXL | SET: Shirt, Shorts, Full Set","MATERIAL :: Shirt – Satin | Shorts – Satin COLOR :: Multi NOTE: Please mention your height with heels while placing your order.","Satin abstract print collared shirt, abstract print matching satin shorts with pockets","https://saakshakinni.com/wp-content/uploads/2021/04/59-1.jpg | https://saakshakinni.com/wp-content/uploads/2021/04/saaksha_resized.jpg | https://saakshakinni.com/wp-content/uploads/2021/04/17-1.jpg | https://saakshakinni.com/wp-content/uploads/2021/04/23-1.jpg | https://saakshakinni.com/wp-content/uploads/2021/04/44.jpg","https://saakshakinni.com/wp-content/uploads/2021/04/59-1.jpg","0","0"
"3031","Prestitched cotton silk/chiffon sari","SS-20250","https://saakshakinni.com/product/prestitched-cotton-silk-chiffon-sari/","variable","9500","9500","9500","False","INR",,,"CLASSICS | DRESSES | KLEUR | TOPS","SIZE: L, M, S, XL, XS, XXL, XXXL | SET: Blouse, Sari, Full Set","MATERIAL :: Organza blouse with Chiffon Sari COLOR :: Gold NOTE: Please mention your height with heels while placing your order.","Abstract print khaki prestitched cotton silk/chiffon sari with Abstract print blouse & floral print organza sleeves","https://saakshakinni.com/wp-content/uploads/2021/04/Sk_oct_01.jpg | https://saakshakinni.com/wp-content/uploads/2021/04/Sk_oct_02.jpg","https://saakshakinni.com/wp-content/uploads/2021/04/Sk_oct_01.jpg","0","0"
"2738","Abstract dual print hand micropleated sari dress","SS-2039","https://saakshakinni.com/product/abstract-dual-print-hand-micropleated-sari-dress/","variable","23500","23500","23500","False","INR",,,"CLASSICS | DRESSES | KLEUR | Rakhi Edit","SIZE: L, M, S, XL, XS, XXL, XXXL","MATERIAL :: Cotton silk COLOR :: Multi NOTE: Please mention your height with heels while placing your order.","Abstract dual print hand micropleated one shoulder sari dress and adjustable sleeves","https://saakshakinni.com/wp-content/uploads/2021/04/SKNL02200344.jpg | https://saakshakinni.com/wp-content/uploads/2021/04/SKNL0220391.jpg | https://saakshakinni.com/wp-content/uploads/2021/04/SKNL0220392.jpg | https://saakshakinni.com/wp-content/uploads/2021/04/SKNL0220393.jpg | https://saakshakinni.com/wp-content/uploads/2021/04/SKNL02200343.jpg","https://saakshakinni.com/wp-content/uploads/2021/04/SKNL02200344.jpg","0","0"
"2607","Ikat floral print cowl neck dress","SS-2018","https://saakshakinni.com/product/ikat-floral-print-cowl-neck-dress/","variable","14000","14000","14000","False","INR",,,"CELEB","SIZE: L, M, S, XL, XS, XXL, XXXL","MATERIAL :: Satin COLOR :: Multi NOTE: Please mention your height with heels while placing your order.","Ikat floral print cowl neck dress","https://saakshakinni.com/wp-content/uploads/2021/04/shraddha_3-1.jpg | https://saakshakinni.com/wp-content/uploads/2021/04/SKNL0220481.jpg | https://saakshakinni.com/wp-content/uploads/2021/04/SKNL0220482.jpg | https://saakshakinni.com/wp-content/uploads/2021/04/SKNL0220484.jpg | https://saakshakinni.com/wp-content/uploads/2021/04/shraddha_2-1.jpg | https://saakshakinni.com/wp-content/uploads/2021/04/shraddha_1-1.jpg","https://saakshakinni.com/wp-content/uploads/2021/04/shraddha_3-1.jpg","0","0"
"2078","Paisley printed v-neck dress","SK-NOM 05","https://saakshakinni.com/product/paisley-printed-v-neck-dress/","variable","18500","18500","18500","False","INR",,,"CELEB","SIZE: L, M, S, XL, XS, XXL, XXXL","MATERIAL :: COTTON SILK with ORGANZA SLEEVES COLOR :: MUSTARD NOTE: Please mention your height with heels while placing your order.","Paisley printed v-neck dress with pleats and attached drawstring belt.","https://saakshakinni.com/wp-content/uploads/2021/04/Dia_01.jpg | https://saakshakinni.com/wp-content/uploads/2021/04/Dia_03.jpg | https://saakshakinni.com/wp-content/uploads/2021/04/Dia_02.jpg","https://saakshakinni.com/wp-content/uploads/2021/04/Dia_01.jpg","0","0"
"2012","Metallic Shirt &#038; Trousers","AW18115/1","https://saakshakinni.com/product/metallic-shirt-trousers/","variable","8500","8500","8500","False","INR",,,"CELEB","SIZE: L, M, S, XL, XS, XXL, XXXL | SET: Shirt, Trousers, Full Set","MATERIAL :: TISSUE COLOR :: SILVER NOTE: Please mention your height with heels while placing your order.","","https://saakshakinni.com/wp-content/uploads/2021/04/SK_14.jpg | https://saakshakinni.com/wp-content/uploads/2021/04/sk_32.jpg | https://saakshakinni.com/wp-content/uploads/2021/04/sk_33.jpg","https://saakshakinni.com/wp-content/uploads/2021/04/SK_14.jpg","0","0"
"1770","Ikat Printed Shirt","AW18139","https://saakshakinni.com/product/ikat-printed-shirt/","variable","7000","7000","7000","False","INR",,,"CELEB","SIZE: L, M, S, XL, XS, XXL, XXXL","MATERIAL :: COTTON SILK COLOR :: BROWN NOTE: Please mention your height with heels while placing your order.","","https://saakshakinni.com/wp-content/uploads/2021/04/SK_5.jpg","https://saakshakinni.com/wp-content/uploads/2021/04/SK_5.jpg","0","0"
"1609","Brown floral printed cape","SKSS17/412-2","https://saakshakinni.com/product/brown-floral-printed-cape/","variable","13000","13000","13000","False","INR",,,"CELEB","SIZE: L, M, S, XL, XS, XXL, XXXL","MATERIAL :: MUL MUL COLOR :: BROWN NOTE: Please mention your height with heels while placing your order.","Brown floral printed floor length cape with sequin embellished cuffs.","https://saakshakinni.com/wp-content/uploads/2021/04/2-3.jpg | https://saakshakinni.com/wp-content/uploads/2021/04/4-3.jpg | https://saakshakinni.com/wp-content/uploads/2021/04/1-3.jpg | https://saakshakinni.com/wp-content/uploads/2021/04/3-3.jpg","https://saakshakinni.com/wp-content/uploads/2021/04/2-3.jpg","0","0"
"3706","Multi print asymmetric dress","SS2020","https://saakshakinni.com/product/multi-print-asymmetric-dress/","variable","25500","25500","25500","False","INR",,,"CELEB","SIZE: L, M, S, XL, XS, XXL, XXXL","MATERIAL :: Cotton silk, Chiffon and Satin COLOR :: Multi NOTE: Please mention your height with heels while placing your order.","Multi print asymmetric dress with hand micropleating detail","https://saakshakinni.com/wp-content/uploads/2021/04/image00004.jpg | https://saakshakinni.com/wp-content/uploads/2021/04/image00005.jpg | https://saakshakinni.com/wp-content/uploads/2021/04/image00002.jpg | https://saakshakinni.com/wp-content/uploads/2021/04/image00003.jpg","https://saakshakinni.com/wp-content/uploads/2021/04/image00004.jpg","0","0"
